cancer	cohort	stage_id	run_id	analysis_version	analysis_type	metabolite_key	metabolite_name	gene	unit	n	n_reference	effect_type	effect	ci_lower	ci_upper	p_value	q_value	test_family	family_n_evaluable	status	reason	source_id	stable_gene_id	partition	celltype	n_source_labels_total	n_source_labels_eligible	n_cells_total	n_cells_eligible	mean_detection_fraction	median_donor_mean	q25	q75	annotation_origin	normalization	bootstrap_first_frequency	row_scaled
PDAC	GSE263733	06_EXTERNAL	20260922T131800Z_author_identity_v4	PDAC_author_cell_identity_v4	sc_expression_source	NA	NA	FMO3	author_source_label	4	21	equal_donor_mean_cellwise_log1p10k	0.0	NA	NA	NA	NA	SC_SOURCE_DESCRIPTIVE	NA	DONE	Donor-equal descriptive expression	GSE263733	UniProtKB:P31513	primary_tumor	Acinar	8	4	294	281	0.0	0.0	0.0	0.0	Author labels,predeclared coarse mapping	mean_donor(mean_cell(log1p(10000*counts/all_gene_library)))	0.0	0.0
PDAC	GSE263733	06_EXTERNAL	20260922T131800Z_author_identity_v4	PDAC_author_cell_identity_v4	sc_expression_source	NA	NA	FMO3	author_source_label	17	21	equal_donor_mean_cellwise_log1p10k	0.0002727502947136	NA	NA	NA	NA	SC_SOURCE_DESCRIPTIVE	NA	DONE	Donor-equal descriptive expression	GSE263733	UniProtKB:P31513	primary_tumor	B/Plasma	21	17	2440	2401	0.0003162555344718	0.0	0.0	0.0	Author labels,predeclared coarse mapping	mean_donor(mean_cell(log1p(10000*counts/all_gene_library)))	0.0	0.002664155391784418
PDAC	GSE263733	06_EXTERNAL	20260922T131800Z_author_identity_v4	PDAC_author_cell_identity_v4	sc_expression_source	NA	NA	FMO3	author_source_label	4	21	equal_donor_mean_cellwise_log1p10k	0.0072592068585982	NA	NA	NA	NA	SC_SOURCE_DESCRIPTIVE	NA	DONE	Donor-equal descriptive expression	GSE263733	UniProtKB:P31513	primary_tumor	Endothelial	13	4	494	440	0.0172848117042491	0.0066170791370283	0.0046300800404189	0.0092462059552077	Author labels,predeclared coarse mapping	mean_donor(mean_cell(log1p(10000*counts/all_gene_library)))	0.0	0.07090608320962706
PDAC	GSE263733	06_EXTERNAL	20260922T131800Z_author_identity_v4	PDAC_author_cell_identity_v4	sc_expression_source	NA	NA	FMO3	author_source_label	18	21	equal_donor_mean_cellwise_log1p10k	0.0070275527000292	NA	NA	NA	NA	SC_SOURCE_DESCRIPTIVE	NA	DONE	Donor-equal descriptive expression	GSE263733	UniProtKB:P31513	primary_tumor	Ductal (unresolved)	21	18	8598	8585	0.0090508310853068	0.0	0.0	0.0001273023181954	Author labels,predeclared coarse mapping	mean_donor(mean_cell(log1p(10000*counts/all_gene_library)))	0.0	0.06864334440588375
PDAC	GSE263733	06_EXTERNAL	20260922T131800Z_author_identity_v4	PDAC_author_cell_identity_v4	sc_expression_source	NA	NA	FMO3	author_source_label	11	21	equal_donor_mean_cellwise_log1p10k	0.1023777725408559	NA	NA	NA	NA	SC_SOURCE_DESCRIPTIVE	NA	DONE	Donor-equal descriptive expression	GSE263733	UniProtKB:P31513	primary_tumor	Fibroblast/CAF	20	11	1151	1084	0.1295982141082937	0.1038233467092175	0.0490479561921776	0.1272411466344941	Author labels,predeclared coarse mapping	mean_donor(mean_cell(log1p(10000*counts/all_gene_library)))	1.0	1.0
PDAC	GSE263733	06_EXTERNAL	20260922T131800Z_author_identity_v4	PDAC_author_cell_identity_v4	sc_expression_source	NA	NA	FMO3	author_source_label	20	21	equal_donor_mean_cellwise_log1p10k	4.710384166476873e-05	NA	NA	NA	NA	SC_SOURCE_DESCRIPTIVE	NA	DONE	Donor-equal descriptive expression	GSE263733	UniProtKB:P31513	primary_tumor	Myeloid	21	20	9381	9363	0.0001107199110534	0.0	0.0	0.0	Author labels,predeclared coarse mapping	mean_donor(mean_cell(log1p(10000*counts/all_gene_library)))	0.0	0.00046009832501455334
PDAC	GSE263733	06_EXTERNAL	20260922T131800Z_author_identity_v4	PDAC_author_cell_identity_v4	sc_expression_source	NA	NA	FMO3	author_source_label	20	21	equal_donor_mean_cellwise_log1p10k	0.000160485505426	NA	NA	NA	NA	SC_SOURCE_DESCRIPTIVE	NA	DONE	Donor-equal descriptive expression	GSE263733	UniProtKB:P31513	primary_tumor	T/NK	21	20	23790	23783	0.0001659284849558	0.0	0.0	0.0	Author labels,predeclared coarse mapping	mean_donor(mean_cell(log1p(10000*counts/all_gene_library)))	0.0	0.0015675815310589518
PDAC	GSE263733	06_EXTERNAL	20260922T131800Z_author_identity_v4	PDAC_author_cell_identity_v4	sc_expression_source	NA	NA	FTO	author_source_label	4	21	equal_donor_mean_cellwise_log1p10k	0.0173170269901762	NA	NA	NA	NA	SC_SOURCE_DESCRIPTIVE	NA	DONE	Donor-equal descriptive expression	GSE263733	UniProtKB:Q9C0B1	primary_tumor	Acinar	8	4	294	281	0.0469500654238548	0.018324017177726	0.0063708083992682	0.029270235768634	Author labels,predeclared coarse mapping	mean_donor(mean_cell(log1p(10000*counts/all_gene_library)))	0.0	0.12009945084412127
PDAC	GSE263733	06_EXTERNAL	20260922T131800Z_author_identity_v4	PDAC_author_cell_identity_v4	sc_expression_source	NA	NA	FTO	author_source_label	17	21	equal_donor_mean_cellwise_log1p10k	0.0447494999860058	NA	NA	NA	NA	SC_SOURCE_DESCRIPTIVE	NA	DONE	Donor-equal descriptive expression	GSE263733	UniProtKB:Q9C0B1	primary_tumor	B/Plasma	21	17	2440	2401	0.0542936924584116	0.0393441481261118	0.0310436008917144	0.047488770041252	Author labels,predeclared coarse mapping	mean_donor(mean_cell(log1p(10000*counts/all_gene_library)))	0.0	0.31035294781934303
PDAC	GSE263733	06_EXTERNAL	20260922T131800Z_author_identity_v4	PDAC_author_cell_identity_v4	sc_expression_source	NA	NA	FTO	author_source_label	4	21	equal_donor_mean_cellwise_log1p10k	0.0920698227556744	NA	NA	NA	NA	SC_SOURCE_DESCRIPTIVE	NA	DONE	Donor-equal descriptive expression	GSE263733	UniProtKB:Q9C0B1	primary_tumor	Endothelial	13	4	494	440	0.1844248542721276	0.0841904144456467	0.0514945823389984	0.1247656548623226	Author labels,predeclared coarse mapping	mean_donor(mean_cell(log1p(10000*counts/all_gene_library)))	0.04	0.6385354228843622
PDAC	GSE263733	06_EXTERNAL	20260922T131800Z_author_identity_v4	PDAC_author_cell_identity_v4	sc_expression_source	NA	NA	FTO	author_source_label	18	21	equal_donor_mean_cellwise_log1p10k	0.0719000511404311	NA	NA	NA	NA	SC_SOURCE_DESCRIPTIVE	NA	DONE	Donor-equal descriptive expression	GSE263733	UniProtKB:Q9C0B1	primary_tumor	Ductal (unresolved)	21	18	8598	8585	0.2510642356332875	0.0684833938369524	0.0588428926827693	0.0813569209334705	Author labels,predeclared coarse mapping	mean_donor(mean_cell(log1p(10000*counts/all_gene_library)))	0.001	0.49865122128230555
PDAC	GSE263733	06_EXTERNAL	20260922T131800Z_author_identity_v4	PDAC_author_cell_identity_v4	sc_expression_source	NA	NA	FTO	author_source_label	11	21	equal_donor_mean_cellwise_log1p10k	0.1441890605532594	NA	NA	NA	NA	SC_SOURCE_DESCRIPTIVE	NA	DONE	Donor-equal descriptive expression	GSE263733	UniProtKB:Q9C0B1	primary_tumor	Fibroblast/CAF	20	11	1151	1084	0.314286273830395	0.1479815830366589	0.1028396168806471	0.1785071548734794	Author labels,predeclared coarse mapping	mean_donor(mean_cell(log1p(10000*counts/all_gene_library)))	0.959	1.0
PDAC	GSE263733	06_EXTERNAL	20260922T131800Z_author_identity_v4	PDAC_author_cell_identity_v4	sc_expression_source	NA	NA	FTO	author_source_label	20	21	equal_donor_mean_cellwise_log1p10k	0.0456947168203912	NA	NA	NA	NA	SC_SOURCE_DESCRIPTIVE	NA	DONE	Donor-equal descriptive expression	GSE263733	UniProtKB:Q9C0B1	primary_tumor	Myeloid	21	20	9381	9363	0.0860376081279805	0.0454647145408303	0.0392098904749416	0.0542427753640903	Author labels,predeclared coarse mapping	mean_donor(mean_cell(log1p(10000*counts/all_gene_library)))	0.0	0.3169083468957956
PDAC	GSE263733	06_EXTERNAL	20260922T131800Z_author_identity_v4	PDAC_author_cell_identity_v4	sc_expression_source	NA	NA	FTO	author_source_label	20	21	equal_donor_mean_cellwise_log1p10k	0.0419298861218664	NA	NA	NA	NA	SC_SOURCE_DESCRIPTIVE	NA	DONE	Donor-equal descriptive expression	GSE263733	UniProtKB:Q9C0B1	primary_tumor	T/NK	21	20	23790	23783	0.0418267029600056	0.0385312551403975	0.0351977182138463	0.048659759728591	Author labels,predeclared coarse mapping	mean_donor(mean_cell(log1p(10000*counts/all_gene_library)))	0.0	0.290797970116316
PDAC	GSE263733	06_EXTERNAL	20260922T131800Z_author_identity_v4	PDAC_author_cell_identity_v4	sc_expression_source	NA	NA	FTSJ1	author_source_label	4	21	equal_donor_mean_cellwise_log1p10k	0.0278705082343724	NA	NA	NA	NA	SC_SOURCE_DESCRIPTIVE	NA	DONE	Donor-equal descriptive expression	GSE263733	UniProtKB:Q9UET6	primary_tumor	Acinar	8	4	294	281	0.0637007450111293	0.0257599991988663	0.0036013409681248	0.0500291664651139	Author labels,predeclared coarse mapping	mean_donor(mean_cell(log1p(10000*counts/all_gene_library)))	0.0	0.19907979450145755
PDAC	GSE263733	06_EXTERNAL	20260922T131800Z_author_identity_v4	PDAC_author_cell_identity_v4	sc_expression_source	NA	NA	FTSJ1	author_source_label	17	21	equal_donor_mean_cellwise_log1p10k	0.0774297213261117	NA	NA	NA	NA	SC_SOURCE_DESCRIPTIVE	NA	DONE	Donor-equal descriptive expression	GSE263733	UniProtKB:Q9UET6	primary_tumor	B/Plasma	21	17	2440	2401	0.1164652078341078	0.0705129993026842	0.0571206451219727	0.0832972798234998	Author labels,predeclared coarse mapping	mean_donor(mean_cell(log1p(10000*counts/all_gene_library)))	0.0	0.5530825947011855
PDAC	GSE263733	06_EXTERNAL	20260922T131800Z_author_identity_v4	PDAC_author_cell_identity_v4	sc_expression_source	NA	NA	FTSJ1	author_source_label	4	21	equal_donor_mean_cellwise_log1p10k	0.1254023228062625	NA	NA	NA	NA	SC_SOURCE_DESCRIPTIVE	NA	DONE	Donor-equal descriptive expression	GSE263733	UniProtKB:Q9UET6	primary_tumor	Endothelial	13	4	494	440	0.1539807917241908	0.1151426406234712	0.0697807143912194	0.1707642490385143	Author labels,predeclared coarse mapping	mean_donor(mean_cell(log1p(10000*counts/all_gene_library)))	0.276	0.8957521852252064
PDAC	GSE263733	06_EXTERNAL	20260922T131800Z_author_identity_v4	PDAC_author_cell_identity_v4	sc_expression_source	NA	NA	FTSJ1	author_source_label	18	21	equal_donor_mean_cellwise_log1p10k	0.122157066951335	NA	NA	NA	NA	SC_SOURCE_DESCRIPTIVE	NA	DONE	Donor-equal descriptive expression	GSE263733	UniProtKB:Q9UET6	primary_tumor	Ductal (unresolved)	21	18	8598	8585	0.3596982064061046	0.125516802841578	0.0861617794822434	0.1472012117428519	Author labels,predeclared coarse mapping	mean_donor(mean_cell(log1p(10000*counts/all_gene_library)))	0.11	0.8725712348359761
PDAC	GSE263733	06_EXTERNAL	20260922T131800Z_author_identity_v4	PDAC_author_cell_identity_v4	sc_expression_source	NA	NA	FTSJ1	author_source_label	11	21	equal_donor_mean_cellwise_log1p10k	0.1399966696980308	NA	NA	NA	NA	SC_SOURCE_DESCRIPTIVE	NA	DONE	Donor-equal descriptive expression	GSE263733	UniProtKB:Q9UET6	primary_tumor	Fibroblast/CAF	20	11	1151	1084	0.27540357249398	0.112459516034462	0.0969911327338261	0.1777153198985613	Author labels,predeclared coarse mapping	mean_donor(mean_cell(log1p(10000*counts/all_gene_library)))	0.614	1.0
PDAC	GSE263733	06_EXTERNAL	20260922T131800Z_author_identity_v4	PDAC_author_cell_identity_v4	sc_expression_source	NA	NA	FTSJ1	author_source_label	20	21	equal_donor_mean_cellwise_log1p10k	0.0602158848243221	NA	NA	NA	NA	SC_SOURCE_DESCRIPTIVE	NA	DONE	Donor-equal descriptive expression	GSE263733	UniProtKB:Q9UET6	primary_tumor	Myeloid	21	20	9381	9363	0.1042509966070933	0.0575975639165476	0.0420023481419444	0.0747258318703918	Author labels,predeclared coarse mapping	mean_donor(mean_cell(log1p(10000*counts/all_gene_library)))	0.0	0.43012369475792683
PDAC	GSE263733	06_EXTERNAL	20260922T131800Z_author_identity_v4	PDAC_author_cell_identity_v4	sc_expression_source	NA	NA	FTSJ1	author_source_label	20	21	equal_donor_mean_cellwise_log1p10k	0.0754148921236366	NA	NA	NA	NA	SC_SOURCE_DESCRIPTIVE	NA	DONE	Donor-equal descriptive expression	GSE263733	UniProtKB:Q9UET6	primary_tumor	T/NK	21	20	23790	23783	0.074909517530354	0.0760758237582672	0.0723680550074152	0.0820973423810382	Author labels,predeclared coarse mapping	mean_donor(mean_cell(log1p(10000*counts/all_gene_library)))	0.0	0.538690615186094
PDAC	GSE263733	06_EXTERNAL	20260922T131800Z_author_identity_v4	PDAC_author_cell_identity_v4	sc_expression_source	NA	NA	FTSJ3	author_source_label	4	21	equal_donor_mean_cellwise_log1p10k	0.0846756700473803	NA	NA	NA	NA	SC_SOURCE_DESCRIPTIVE	NA	DONE	Donor-equal descriptive expression	GSE263733	UniProtKB:Q8IY81	primary_tumor	Acinar	8	4	294	281	0.0814671580225936	0.0553933784337584	0.0413245352627285	0.0987445132184103	Author labels,predeclared coarse mapping	mean_donor(mean_cell(log1p(10000*counts/all_gene_library)))	0.009	0.49873268697920964
PDAC	GSE263733	06_EXTERNAL	20260922T131800Z_author_identity_v4	PDAC_author_cell_identity_v4	sc_expression_source	NA	NA	FTSJ3	author_source_label	17	21	equal_donor_mean_cellwise_log1p10k	0.0737417753097583	NA	NA	NA	NA	SC_SOURCE_DESCRIPTIVE	NA	DONE	Donor-equal descriptive expression	GSE263733	UniProtKB:Q8IY81	primary_tumor	B/Plasma	21	17	2440	2401	0.0926553518190437	0.0852981560885078	0.0542255582998649	0.0937448527825312	Author labels,predeclared coarse mapping	mean_donor(mean_cell(log1p(10000*counts/all_gene_library)))	0.0	0.43433295210151945
PDAC	GSE263733	06_EXTERNAL	20260922T131800Z_author_identity_v4	PDAC_author_cell_identity_v4	sc_expression_source	NA	NA	FTSJ3	author_source_label	4	21	equal_donor_mean_cellwise_log1p10k	0.1622208131660825	NA	NA	NA	NA	SC_SOURCE_DESCRIPTIVE	NA	DONE	Donor-equal descriptive expression	GSE263733	UniProtKB:Q8IY81	primary_tumor	Endothelial	13	4	494	440	0.2310865355115815	0.1659828831871158	0.1380636372362504	0.1901400591169478	Author labels,predeclared coarse mapping	mean_donor(mean_cell(log1p(10000*counts/all_gene_library)))	0.346	0.9554671606259785
PDAC	GSE263733	06_EXTERNAL	20260922T131800Z_author_identity_v4	PDAC_author_cell_identity_v4	sc_expression_source	NA	NA	FTSJ3	author_source_label	18	21	equal_donor_mean_cellwise_log1p10k	0.1697816731448968	NA	NA	NA	NA	SC_SOURCE_DESCRIPTIVE	NA	DONE	Donor-equal descriptive expression	GSE263733	UniProtKB:Q8IY81	primary_tumor	Ductal (unresolved)	21	18	8598	8585	0.4395404556171627	0.1717851181597587	0.132067148113474	0.1953418250587213	Author labels,predeclared coarse mapping	mean_donor(mean_cell(log1p(10000*counts/all_gene_library)))	0.445	1.0
PDAC	GSE263733	06_EXTERNAL	20260922T131800Z_author_identity_v4	PDAC_author_cell_identity_v4	sc_expression_source	NA	NA	FTSJ3	author_source_label	11	21	equal_donor_mean_cellwise_log1p10k	0.159408509754578	NA	NA	NA	NA	SC_SOURCE_DESCRIPTIVE	NA	DONE	Donor-equal descriptive expression	GSE263733	UniProtKB:Q8IY81	primary_tumor	Fibroblast/CAF	20	11	1151	1084	0.3329741928094227	0.1414086432199197	0.1258748377983011	0.1953141805821379	Author labels,predeclared coarse mapping	mean_donor(mean_cell(log1p(10000*counts/all_gene_library)))	0.2	0.9389029263396053
PDAC	GSE263733	06_EXTERNAL	20260922T131800Z_author_identity_v4	PDAC_author_cell_identity_v4	sc_expression_source	NA	NA	FTSJ3	author_source_label	20	21	equal_donor_mean_cellwise_log1p10k	0.1058096872700802	NA	NA	NA	NA	SC_SOURCE_DESCRIPTIVE	NA	DONE	Donor-equal descriptive expression	GSE263733	UniProtKB:Q8IY81	primary_tumor	Myeloid	21	20	9381	9363	0.1815842786630053	0.1011306415407359	0.0844377469243727	0.1240677479635768	Author labels,predeclared coarse mapping	mean_donor(mean_cell(log1p(10000*counts/all_gene_library)))	0.0	0.6232102989100538
PDAC	GSE263733	06_EXTERNAL	20260922T131800Z_author_identity_v4	PDAC_author_cell_identity_v4	sc_expression_source	NA	NA	FTSJ3	author_source_label	20	21	equal_donor_mean_cellwise_log1p10k	0.0974239303696173	NA	NA	NA	NA	SC_SOURCE_DESCRIPTIVE	NA	DONE	Donor-equal descriptive expression	GSE263733	UniProtKB:Q8IY81	primary_tumor	T/NK	21	20	23790	23783	0.0931460687957699	0.09330389561833	0.0805657288290125	0.1136431698692897	Author labels,predeclared coarse mapping	mean_donor(mean_cell(log1p(10000*counts/all_gene_library)))	0.0	0.5738188849539301
PDAC	GSE263733	06_EXTERNAL	20260922T131800Z_author_identity_v4	PDAC_author_cell_identity_v4	sc_expression_source	NA	NA	GAD1	author_source_label	4	21	equal_donor_mean_cellwise_log1p10k	0.007165041057969	NA	NA	NA	NA	SC_SOURCE_DESCRIPTIVE	NA	DONE	Donor-equal descriptive expression	GSE263733	UniProtKB:Q99259	primary_tumor	Acinar	8	4	294	281	0.0092613381230354	0.000282785666881	0.0	0.00744782672485	Author labels,predeclared coarse mapping	mean_donor(mean_cell(log1p(10000*counts/all_gene_library)))	0.129	0.5320259902952572
PDAC	GSE263733	06_EXTERNAL	20260922T131800Z_author_identity_v4	PDAC_author_cell_identity_v4	sc_expression_source	NA	NA	GAD1	author_source_label	17	21	equal_donor_mean_cellwise_log1p10k	0.0	NA	NA	NA	NA	SC_SOURCE_DESCRIPTIVE	NA	DONE	Donor-equal descriptive expression	GSE263733	UniProtKB:Q99259	primary_tumor	B/Plasma	21	17	2440	2401	0.0	0.0	0.0	0.0	Author labels,predeclared coarse mapping	mean_donor(mean_cell(log1p(10000*counts/all_gene_library)))	0.0	0.0
PDAC	GSE263733	06_EXTERNAL	20260922T131800Z_author_identity_v4	PDAC_author_cell_identity_v4	sc_expression_source	NA	NA	GAD1	author_source_label	4	21	equal_donor_mean_cellwise_log1p10k	0.0	NA	NA	NA	NA	SC_SOURCE_DESCRIPTIVE	NA	DONE	Donor-equal descriptive expression	GSE263733	UniProtKB:Q99259	primary_tumor	Endothelial	13	4	494	440	0.0	0.0	0.0	0.0	Author labels,predeclared coarse mapping	mean_donor(mean_cell(log1p(10000*counts/all_gene_library)))	0.0	0.0
PDAC	GSE263733	06_EXTERNAL	20260922T131800Z_author_identity_v4	PDAC_author_cell_identity_v4	sc_expression_source	NA	NA	GAD1	author_source_label	18	21	equal_donor_mean_cellwise_log1p10k	0.0134674643507409	NA	NA	NA	NA	SC_SOURCE_DESCRIPTIVE	NA	DONE	Donor-equal descriptive expression	GSE263733	UniProtKB:Q99259	primary_tumor	Ductal (unresolved)	21	18	8598	8585	0.05661475460803	0.0074505206460515	0.0039374045348093	0.0201678521872144	Author labels,predeclared coarse mapping	mean_donor(mean_cell(log1p(10000*counts/all_gene_library)))	0.871	1.0
PDAC	GSE263733	06_EXTERNAL	20260922T131800Z_author_identity_v4	PDAC_author_cell_identity_v4	sc_expression_source	NA	NA	GAD1	author_source_label	11	21	equal_donor_mean_cellwise_log1p10k	0.0024048417224119	NA	NA	NA	NA	SC_SOURCE_DESCRIPTIVE	NA	DONE	Donor-equal descriptive expression	GSE263733	UniProtKB:Q99259	primary_tumor	Fibroblast/CAF	20	11	1151	1084	0.0020505809979494	0.0	0.0	0.0	Author labels,predeclared coarse mapping	mean_donor(mean_cell(log1p(10000*counts/all_gene_library)))	0.0	0.17856677840618154
PDAC	GSE263733	06_EXTERNAL	20260922T131800Z_author_identity_v4	PDAC_author_cell_identity_v4	sc_expression_source	NA	NA	GAD1	author_source_label	20	21	equal_donor_mean_cellwise_log1p10k	0.0012616243888098	NA	NA	NA	NA	SC_SOURCE_DESCRIPTIVE	NA	DONE	Donor-equal descriptive expression	GSE263733	UniProtKB:Q99259	primary_tumor	Myeloid	21	20	9381	9363	0.0026439787246765	0.0	0.0	0.0015480842654736	Author labels,predeclared coarse mapping	mean_donor(mean_cell(log1p(10000*counts/all_gene_library)))	0.0	0.09367943036287991
PDAC	GSE263733	06_EXTERNAL	20260922T131800Z_author_identity_v4	PDAC_author_cell_identity_v4	sc_expression_source	NA	NA	GAD1	author_source_label	20	21	equal_donor_mean_cellwise_log1p10k	0.0008428759368716	NA	NA	NA	NA	SC_SOURCE_DESCRIPTIVE	NA	DONE	Donor-equal descriptive expression	GSE263733	UniProtKB:Q99259	primary_tumor	T/NK	21	20	23790	23783	0.0033363267325073	0.0	0.0	0.0001510141509335	Author labels,predeclared coarse mapping	mean_donor(mean_cell(log1p(10000*counts/all_gene_library)))	0.0	0.06258609007011999
PDAC	GSE263733	06_EXTERNAL	20260922T131800Z_author_identity_v4	PDAC_author_cell_identity_v4	sc_expression_source	NA	NA	GAD2	author_source_label	4	21	equal_donor_mean_cellwise_log1p10k	0.0335783327001354	NA	NA	NA	NA	SC_SOURCE_DESCRIPTIVE	NA	DONE	Donor-equal descriptive expression	GSE263733	UniProtKB:Q05329	primary_tumor	Acinar	8	4	294	281	0.0217391304347826	0.0	0.0	0.0335783327001354	Author labels,predeclared coarse mapping	mean_donor(mean_cell(log1p(10000*counts/all_gene_library)))	0.579	1.0
PDAC	GSE263733	06_EXTERNAL	20260922T131800Z_author_identity_v4	PDAC_author_cell_identity_v4	sc_expression_source	NA	NA	GAD2	author_source_label	17	21	equal_donor_mean_cellwise_log1p10k	0.0	NA	NA	NA	NA	SC_SOURCE_DESCRIPTIVE	NA	DONE	Donor-equal descriptive expression	GSE263733	UniProtKB:Q05329	primary_tumor	B/Plasma	21	17	2440	2401	0.0	0.0	0.0	0.0	Author labels,predeclared coarse mapping	mean_donor(mean_cell(log1p(10000*counts/all_gene_library)))	0.0	0.0
PDAC	GSE263733	06_EXTERNAL	20260922T131800Z_author_identity_v4	PDAC_author_cell_identity_v4	sc_expression_source	NA	NA	GAD2	author_source_label	4	21	equal_donor_mean_cellwise_log1p10k	0.0	NA	NA	NA	NA	SC_SOURCE_DESCRIPTIVE	NA	DONE	Donor-equal descriptive expression	GSE263733	UniProtKB:Q05329	primary_tumor	Endothelial	13	4	494	440	0.0	0.0	0.0	0.0	Author labels,predeclared coarse mapping	mean_donor(mean_cell(log1p(10000*counts/all_gene_library)))	0.0	0.0
PDAC	GSE263733	06_EXTERNAL	20260922T131800Z_author_identity_v4	PDAC_author_cell_identity_v4	sc_expression_source	NA	NA	GAD2	author_source_label	18	21	equal_donor_mean_cellwise_log1p10k	0.0025027609327712	NA	NA	NA	NA	SC_SOURCE_DESCRIPTIVE	NA	DONE	Donor-equal descriptive expression	GSE263733	UniProtKB:Q05329	primary_tumor	Ductal (unresolved)	21	18	8598	8585	0.0022904390612943	0.0	0.0	0.0022553798266434	Author labels,predeclared coarse mapping	mean_donor(mean_cell(log1p(10000*counts/all_gene_library)))	0.362	0.07453499716980014
PDAC	GSE263733	06_EXTERNAL	20260922T131800Z_author_identity_v4	PDAC_author_cell_identity_v4	sc_expression_source	NA	NA	GAD2	author_source_label	11	21	equal_donor_mean_cellwise_log1p10k	0.0030035032064447	NA	NA	NA	NA	SC_SOURCE_DESCRIPTIVE	NA	DONE	Donor-equal descriptive expression	GSE263733	UniProtKB:Q05329	primary_tumor	Fibroblast/CAF	20	11	1151	1084	0.0013670539986329	0.0	0.0	0.0	Author labels,predeclared coarse mapping	mean_donor(mean_cell(log1p(10000*counts/all_gene_library)))	0.057	0.08944765760905658
PDAC	GSE263733	06_EXTERNAL	20260922T131800Z_author_identity_v4	PDAC_author_cell_identity_v4	sc_expression_source	NA	NA	GAD2	author_source_label	20	21	equal_donor_mean_cellwise_log1p10k	0.0004593775610311	NA	NA	NA	NA	SC_SOURCE_DESCRIPTIVE	NA	DONE	Donor-equal descriptive expression	GSE263733	UniProtKB:Q05329	primary_tumor	Myeloid	21	20	9381	9363	0.0008620689655172	0.0	0.0	0.0	Author labels,predeclared coarse mapping	mean_donor(mean_cell(log1p(10000*counts/all_gene_library)))	0.0	0.013680773406275994
PDAC	GSE263733	06_EXTERNAL	20260922T131800Z_author_identity_v4	PDAC_author_cell_identity_v4	sc_expression_source	NA	NA	GAD2	author_source_label	20	21	equal_donor_mean_cellwise_log1p10k	0.0005833856116713	NA	NA	NA	NA	SC_SOURCE_DESCRIPTIVE	NA	DONE	Donor-equal descriptive expression	GSE263733	UniProtKB:Q05329	primary_tumor	T/NK	21	20	23790	23783	0.0004120741925302	0.0	0.0	0.0	Author labels,predeclared coarse mapping	mean_donor(mean_cell(log1p(10000*counts/all_gene_library)))	0.002	0.017373870730304233
PDAC	GSE263733	06_EXTERNAL	20260922T131800Z_author_identity_v4	PDAC_author_cell_identity_v4	sc_expression_source	NA	NA	GADL1	author_source_label	4	21	equal_donor_mean_cellwise_log1p10k	0.0	NA	NA	NA	NA	SC_SOURCE_DESCRIPTIVE	NA	DONE	Donor-equal descriptive expression	GSE263733	UniProtKB:Q6ZQY3	primary_tumor	Acinar	8	4	294	281	0.0	0.0	0.0	0.0	Author labels,predeclared coarse mapping	mean_donor(mean_cell(log1p(10000*counts/all_gene_library)))	NA	0.0
PDAC	GSE263733	06_EXTERNAL	20260922T131800Z_author_identity_v4	PDAC_author_cell_identity_v4	sc_expression_source	NA	NA	GADL1	author_source_label	17	21	equal_donor_mean_cellwise_log1p10k	0.0	NA	NA	NA	NA	SC_SOURCE_DESCRIPTIVE	NA	DONE	Donor-equal descriptive expression	GSE263733	UniProtKB:Q6ZQY3	primary_tumor	B/Plasma	21	17	2440	2401	0.0	0.0	0.0	0.0	Author labels,predeclared coarse mapping	mean_donor(mean_cell(log1p(10000*counts/all_gene_library)))	NA	0.0
PDAC	GSE263733	06_EXTERNAL	20260922T131800Z_author_identity_v4	PDAC_author_cell_identity_v4	sc_expression_source	NA	NA	GADL1	author_source_label	4	21	equal_donor_mean_cellwise_log1p10k	0.0006099707477357	NA	NA	NA	NA	SC_SOURCE_DESCRIPTIVE	NA	DONE	Donor-equal descriptive expression	GSE263733	UniProtKB:Q6ZQY3	primary_tumor	Endothelial	13	4	494	440	0.0010162601626016	0.0	0.0	0.0006099707477357	Author labels,predeclared coarse mapping	mean_donor(mean_cell(log1p(10000*counts/all_gene_library)))	NA	1.0
PDAC	GSE263733	06_EXTERNAL	20260922T131800Z_author_identity_v4	PDAC_author_cell_identity_v4	sc_expression_source	NA	NA	GADL1	author_source_label	18	21	equal_donor_mean_cellwise_log1p10k	3.3630430012324165e-05	NA	NA	NA	NA	SC_SOURCE_DESCRIPTIVE	NA	DONE	Donor-equal descriptive expression	GSE263733	UniProtKB:Q6ZQY3	primary_tumor	Ductal (unresolved)	21	18	8598	8585	0.0004084967320261	0.0	0.0	0.0	Author labels,predeclared coarse mapping	mean_donor(mean_cell(log1p(10000*counts/all_gene_library)))	NA	0.05513449642817333
PDAC	GSE263733	06_EXTERNAL	20260922T131800Z_author_identity_v4	PDAC_author_cell_identity_v4	sc_expression_source	NA	NA	GADL1	author_source_label	11	21	equal_donor_mean_cellwise_log1p10k	0.000530126768643	NA	NA	NA	NA	SC_SOURCE_DESCRIPTIVE	NA	DONE	Donor-equal descriptive expression	GSE263733	UniProtKB:Q6ZQY3	primary_tumor	Fibroblast/CAF	20	11	1151	1084	0.0018355645496056	0.0	0.0	0.0	Author labels,predeclared coarse mapping	mean_donor(mean_cell(log1p(10000*counts/all_gene_library)))	NA	0.8691019538410776
PDAC	GSE263733	06_EXTERNAL	20260922T131800Z_author_identity_v4	PDAC_author_cell_identity_v4	sc_expression_source	NA	NA	GADL1	author_source_label	20	21	equal_donor_mean_cellwise_log1p10k	0.0003934048698163	NA	NA	NA	NA	SC_SOURCE_DESCRIPTIVE	NA	DONE	Donor-equal descriptive expression	GSE263733	UniProtKB:Q6ZQY3	primary_tumor	Myeloid	21	20	9381	9363	0.0005887202228665	0.0	0.0	0.0	Author labels,predeclared coarse mapping	mean_donor(mean_cell(log1p(10000*counts/all_gene_library)))	NA	0.6449569447005058
PDAC	GSE263733	06_EXTERNAL	20260922T131800Z_author_identity_v4	PDAC_author_cell_identity_v4	sc_expression_source	NA	NA	GADL1	author_source_label	20	21	equal_donor_mean_cellwise_log1p10k	7.473234479896663e-06	NA	NA	NA	NA	SC_SOURCE_DESCRIPTIVE	NA	DONE	Donor-equal descriptive expression	GSE263733	UniProtKB:Q6ZQY3	primary_tumor	T/NK	21	20	23790	23783	9.433962264150942e-06	0.0	0.0	0.0	Author labels,predeclared coarse mapping	mean_donor(mean_cell(log1p(10000*counts/all_gene_library)))	NA	0.012251791594332016
PDAC	GSE263733	06_EXTERNAL	20260922T131800Z_author_identity_v4	PDAC_author_cell_identity_v4	sc_expression_source	NA	NA	GAMT	author_source_label	4	21	equal_donor_mean_cellwise_log1p10k	0.5213306752934515	NA	NA	NA	NA	SC_SOURCE_DESCRIPTIVE	NA	DONE	Donor-equal descriptive expression	GSE263733	UniProtKB:Q14353	primary_tumor	Acinar	8	4	294	281	0.5226520519452602	0.5153796139964427	0.3659591713611654	0.6707511179287288	Author labels,predeclared coarse mapping	mean_donor(mean_cell(log1p(10000*counts/all_gene_library)))	0.827	1.0
PDAC	GSE263733	06_EXTERNAL	20260922T131800Z_author_identity_v4	PDAC_author_cell_identity_v4	sc_expression_source	NA	NA	GAMT	author_source_label	17	21	equal_donor_mean_cellwise_log1p10k	0.0592302731953881	NA	NA	NA	NA	SC_SOURCE_DESCRIPTIVE	NA	DONE	Donor-equal descriptive expression	GSE263733	UniProtKB:Q14353	primary_tumor	B/Plasma	21	17	2440	2401	0.0748043681575336	0.0634655593694265	0.043310837254801	0.0820411927728547	Author labels,predeclared coarse mapping	mean_donor(mean_cell(log1p(10000*counts/all_gene_library)))	0.0	0.11361363526527192
PDAC	GSE263733	06_EXTERNAL	20260922T131800Z_author_identity_v4	PDAC_author_cell_identity_v4	sc_expression_source	NA	NA	GAMT	author_source_label	4	21	equal_donor_mean_cellwise_log1p10k	0.0768275964550644	NA	NA	NA	NA	SC_SOURCE_DESCRIPTIVE	NA	DONE	Donor-equal descriptive expression	GSE263733	UniProtKB:Q14353	primary_tumor	Endothelial	13	4	494	440	0.1426395440251572	0.0903194585451264	0.0670114348396531	0.1001356201605377	Author labels,predeclared coarse mapping	mean_donor(mean_cell(log1p(10000*counts/all_gene_library)))	0.0	0.14736826374511527
PDAC	GSE263733	06_EXTERNAL	20260922T131800Z_author_identity_v4	PDAC_author_cell_identity_v4	sc_expression_source	NA	NA	GAMT	author_source_label	18	21	equal_donor_mean_cellwise_log1p10k	0.088435016637025	NA	NA	NA	NA	SC_SOURCE_DESCRIPTIVE	NA	DONE	Donor-equal descriptive expression	GSE263733	UniProtKB:Q14353	primary_tumor	Ductal (unresolved)	21	18	8598	8585	0.1843089698436887	0.0474968736777663	0.02178326619085	0.1353618706376069	Author labels,predeclared coarse mapping	mean_donor(mean_cell(log1p(10000*counts/all_gene_library)))	0.0	0.1696332497358723
PDAC	GSE263733	06_EXTERNAL	20260922T131800Z_author_identity_v4	PDAC_author_cell_identity_v4	sc_expression_source	NA	NA	GAMT	author_source_label	11	21	equal_donor_mean_cellwise_log1p10k	0.2080863157253541	NA	NA	NA	NA	SC_SOURCE_DESCRIPTIVE	NA	DONE	Donor-equal descriptive expression	GSE263733	UniProtKB:Q14353	primary_tumor	Fibroblast/CAF	20	11	1151	1084	0.3824732457811137	0.2372076253704781	0.1358661870346528	0.2704744177618003	Author labels,predeclared coarse mapping	mean_donor(mean_cell(log1p(10000*counts/all_gene_library)))	0.173	0.3991445844007252
PDAC	GSE263733	06_EXTERNAL	20260922T131800Z_author_identity_v4	PDAC_author_cell_identity_v4	sc_expression_source	NA	NA	GAMT	author_source_label	20	21	equal_donor_mean_cellwise_log1p10k	0.0260153012027602	NA	NA	NA	NA	SC_SOURCE_DESCRIPTIVE	NA	DONE	Donor-equal descriptive expression	GSE263733	UniProtKB:Q14353	primary_tumor	Myeloid	21	20	9381	9363	0.0419941478587626	0.0195103705864742	0.0164432743666865	0.0288654028715738	Author labels,predeclared coarse mapping	mean_donor(mean_cell(log1p(10000*counts/all_gene_library)))	0.0	0.049901727321371346
PDAC	GSE263733	06_EXTERNAL	20260922T131800Z_author_identity_v4	PDAC_author_cell_identity_v4	sc_expression_source	NA	NA	GAMT	author_source_label	20	21	equal_donor_mean_cellwise_log1p10k	0.080593905519826	NA	NA	NA	NA	SC_SOURCE_DESCRIPTIVE	NA	DONE	Donor-equal descriptive expression	GSE263733	UniProtKB:Q14353	primary_tumor	T/NK	21	20	23790	23783	0.0787941807770376	0.0811214940168001	0.071197725840262	0.0883773329795022	Author labels,predeclared coarse mapping	mean_donor(mean_cell(log1p(10000*counts/all_gene_library)))	0.0	0.1545926785805584
PDAC	GSE263733	06_EXTERNAL	20260922T131800Z_author_identity_v4	PDAC_author_cell_identity_v4	sc_expression_source	NA	NA	GAPDH	author_source_label	4	21	equal_donor_mean_cellwise_log1p10k	1.066667551155163	NA	NA	NA	NA	SC_SOURCE_DESCRIPTIVE	NA	DONE	Donor-equal descriptive expression	GSE263733	UniProtKB:P04406	primary_tumor	Acinar	8	4	294	281	0.5111458820758371	1.03037473339123	0.733694567517125	1.363347717029268	Author labels,predeclared coarse mapping	mean_donor(mean_cell(log1p(10000*counts/all_gene_library)))	0.0	0.34042236620751043
PDAC	GSE263733	06_EXTERNAL	20260922T131800Z_author_identity_v4	PDAC_author_cell_identity_v4	sc_expression_source	NA	NA	GAPDH	author_source_label	17	21	equal_donor_mean_cellwise_log1p10k	1.2243419394912736	NA	NA	NA	NA	SC_SOURCE_DESCRIPTIVE	NA	DONE	Donor-equal descriptive expression	GSE263733	UniProtKB:P04406	primary_tumor	B/Plasma	21	17	2440	2401	0.6885058492686609	1.138735121423073	1.0298790790255783	1.4243507345233204	Author labels,predeclared coarse mapping	mean_donor(mean_cell(log1p(10000*counts/all_gene_library)))	0.0	0.3907434698255698
PDAC	GSE263733	06_EXTERNAL	20260922T131800Z_author_identity_v4	PDAC_author_cell_identity_v4	sc_expression_source	NA	NA	GAPDH	author_source_label	4	21	equal_donor_mean_cellwise_log1p10k	2.5627358010238392	NA	NA	NA	NA	SC_SOURCE_DESCRIPTIVE	NA	DONE	Donor-equal descriptive expression	GSE263733	UniProtKB:P04406	primary_tumor	Endothelial	13	4	494	440	0.9465157136830802	2.652383770683339	2.3892370581021902	2.825882513604988	Author labels,predeclared coarse mapping	mean_donor(mean_cell(log1p(10000*counts/all_gene_library)))	0.0	0.8178861205672219
PDAC	GSE263733	06_EXTERNAL	20260922T131800Z_author_identity_v4	PDAC_author_cell_identity_v4	sc_expression_source	NA	NA	GAPDH	author_source_label	18	21	equal_donor_mean_cellwise_log1p10k	3.1333650695117874	NA	NA	NA	NA	SC_SOURCE_DESCRIPTIVE	NA	DONE	Donor-equal descriptive expression	GSE263733	UniProtKB:P04406	primary_tumor	Ductal (unresolved)	21	18	8598	8585	0.9754166564076728	3.2971763321320164	2.75923923892412	3.4371716201925766	Author labels,predeclared coarse mapping	mean_donor(mean_cell(log1p(10000*counts/all_gene_library)))	0.989	1.0
PDAC	GSE263733	06_EXTERNAL	20260922T131800Z_author_identity_v4	PDAC_author_cell_identity_v4	sc_expression_source	NA	NA	GAPDH	author_source_label	11	21	equal_donor_mean_cellwise_log1p10k	2.607445832307753	NA	NA	NA	NA	SC_SOURCE_DESCRIPTIVE	NA	DONE	Donor-equal descriptive expression	GSE263733	UniProtKB:P04406	primary_tumor	Fibroblast/CAF	20	11	1151	1084	0.963956451574436	2.4573331099556404	2.2951225468932246	2.93317072911272	Author labels,predeclared coarse mapping	mean_donor(mean_cell(log1p(10000*counts/all_gene_library)))	0.0	0.8321551349629431
PDAC	GSE263733	06_EXTERNAL	20260922T131800Z_author_identity_v4	PDAC_author_cell_identity_v4	sc_expression_source	NA	NA	GAPDH	author_source_label	20	21	equal_donor_mean_cellwise_log1p10k	2.8116644008842626	NA	NA	NA	NA	SC_SOURCE_DESCRIPTIVE	NA	DONE	Donor-equal descriptive expression	GSE263733	UniProtKB:P04406	primary_tumor	Myeloid	21	20	9381	9363	0.9805989073049988	2.746479624932516	2.596208603908086	2.846630191473857	Author labels,predeclared coarse mapping	mean_donor(mean_cell(log1p(10000*counts/all_gene_library)))	0.011	0.8973306137360977
PDAC	GSE263733	06_EXTERNAL	20260922T131800Z_author_identity_v4	PDAC_author_cell_identity_v4	sc_expression_source	NA	NA	GAPDH	author_source_label	20	21	equal_donor_mean_cellwise_log1p10k	2.063031027223631	NA	NA	NA	NA	SC_SOURCE_DESCRIPTIVE	NA	DONE	Donor-equal descriptive expression	GSE263733	UniProtKB:P04406	primary_tumor	T/NK	21	20	23790	23783	0.895330920611421	2.0187754766635777	1.9419810848838128	2.1730035264847696	Author labels,predeclared coarse mapping	mean_donor(mean_cell(log1p(10000*counts/all_gene_library)))	0.0	0.6584074888998088
PDAC	GSE263733	06_EXTERNAL	20260922T131800Z_author_identity_v4	PDAC_author_cell_identity_v4	sc_expression_source	NA	NA	GATM	author_source_label	4	21	equal_donor_mean_cellwise_log1p10k	1.2728778587597966	NA	NA	NA	NA	SC_SOURCE_DESCRIPTIVE	NA	DONE	Donor-equal descriptive expression	GSE263733	UniProtKB:P50440	primary_tumor	Acinar	8	4	294	281	0.5164259482365369	1.3272697763746502	0.5932920575288355	2.006855577605611	Author labels,predeclared coarse mapping	mean_donor(mean_cell(log1p(10000*counts/all_gene_library)))	0.778	1.0
PDAC	GSE263733	06_EXTERNAL	20260922T131800Z_author_identity_v4	PDAC_author_cell_identity_v4	sc_expression_source	NA	NA	GATM	author_source_label	17	21	equal_donor_mean_cellwise_log1p10k	0.0209657290568403	NA	NA	NA	NA	SC_SOURCE_DESCRIPTIVE	NA	DONE	Donor-equal descriptive expression	GSE263733	UniProtKB:P50440	primary_tumor	B/Plasma	21	17	2440	2401	0.0254873792012795	0.017421662814396	0.0	0.0356599636128267	Author labels,predeclared coarse mapping	mean_donor(mean_cell(log1p(10000*counts/all_gene_library)))	0.0	0.016471124006562452
PDAC	GSE263733	06_EXTERNAL	20260922T131800Z_author_identity_v4	PDAC_author_cell_identity_v4	sc_expression_source	NA	NA	GATM	author_source_label	4	21	equal_donor_mean_cellwise_log1p10k	0.0237882190689423	NA	NA	NA	NA	SC_SOURCE_DESCRIPTIVE	NA	DONE	Donor-equal descriptive expression	GSE263733	UniProtKB:P50440	primary_tumor	Endothelial	13	4	494	440	0.0284253240527688	0.0294468935613745	0.0176657188702996	0.0355693937600171	Author labels,predeclared coarse mapping	mean_donor(mean_cell(log1p(10000*counts/all_gene_library)))	0.0	0.018688532371927562
PDAC	GSE263733	06_EXTERNAL	20260922T131800Z_author_identity_v4	PDAC_author_cell_identity_v4	sc_expression_source	NA	NA	GATM	author_source_label	18	21	equal_donor_mean_cellwise_log1p10k	0.2361120826810173	NA	NA	NA	NA	SC_SOURCE_DESCRIPTIVE	NA	DONE	Donor-equal descriptive expression	GSE263733	UniProtKB:P50440	primary_tumor	Ductal (unresolved)	21	18	8598	8585	0.3222931978337003	0.1180046271024376	0.0648457359227501	0.2885690439612484	Author labels,predeclared coarse mapping	mean_donor(mean_cell(log1p(10000*counts/all_gene_library)))	0.222	0.1854946891063597
PDAC	GSE263733	06_EXTERNAL	20260922T131800Z_author_identity_v4	PDAC_author_cell_identity_v4	sc_expression_source	NA	NA	GATM	author_source_label	11	21	equal_donor_mean_cellwise_log1p10k	0.0311645931853349	NA	NA	NA	NA	SC_SOURCE_DESCRIPTIVE	NA	DONE	Donor-equal descriptive expression	GSE263733	UniProtKB:P50440	primary_tumor	Fibroblast/CAF	20	11	1151	1084	0.0542290208223462	0.0192843094046821	0.0062852301726306	0.0537083517835477	Author labels,predeclared coarse mapping	mean_donor(mean_cell(log1p(10000*counts/all_gene_library)))	0.0	0.024483569237114002
PDAC	GSE263733	06_EXTERNAL	20260922T131800Z_author_identity_v4	PDAC_author_cell_identity_v4	sc_expression_source	NA	NA	GATM	author_source_label	20	21	equal_donor_mean_cellwise_log1p10k	0.0628907984130227	NA	NA	NA	NA	SC_SOURCE_DESCRIPTIVE	NA	DONE	Donor-equal descriptive expression	GSE263733	UniProtKB:P50440	primary_tumor	Myeloid	21	20	9381	9363	0.0842362185817913	0.0576556216540845	0.0171534249296186	0.0817924841167993	Author labels,predeclared coarse mapping	mean_donor(mean_cell(log1p(10000*counts/all_gene_library)))	0.0	0.04940835287550614
PDAC	GSE263733	06_EXTERNAL	20260922T131800Z_author_identity_v4	PDAC_author_cell_identity_v4	sc_expression_source	NA	NA	GATM	author_source_label	20	21	equal_donor_mean_cellwise_log1p10k	0.0057388576394851	NA	NA	NA	NA	SC_SOURCE_DESCRIPTIVE	NA	DONE	Donor-equal descriptive expression	GSE263733	UniProtKB:P50440	primary_tumor	T/NK	21	20	23790	23783	0.0082211080525159	0.0025925440688334	0.0011543962925175	0.0064711237301669	Author labels,predeclared coarse mapping	mean_donor(mean_cell(log1p(10000*counts/all_gene_library)))	0.0	0.0045085689879755175
PDAC	GSE263733	06_EXTERNAL	20260922T131800Z_author_identity_v4	PDAC_author_cell_identity_v4	sc_expression_source	NA	NA	GDPD1	author_source_label	4	21	equal_donor_mean_cellwise_log1p10k	0.0020862124629247	NA	NA	NA	NA	SC_SOURCE_DESCRIPTIVE	NA	DONE	Donor-equal descriptive expression	GSE263733	UniProtKB:Q8N9F7	primary_tumor	Acinar	8	4	294	281	0.0019083969465648	0.0	0.0	0.0020862124629247	Author labels,predeclared coarse mapping	mean_donor(mean_cell(log1p(10000*counts/all_gene_library)))	0.0	0.08008876432775397
PDAC	GSE263733	06_EXTERNAL	20260922T131800Z_author_identity_v4	PDAC_author_cell_identity_v4	sc_expression_source	NA	NA	GDPD1	author_source_label	17	21	equal_donor_mean_cellwise_log1p10k	0.0075750479755173	NA	NA	NA	NA	SC_SOURCE_DESCRIPTIVE	NA	DONE	Donor-equal descriptive expression	GSE263733	UniProtKB:Q8N9F7	primary_tumor	B/Plasma	21	17	2440	2401	0.0076230039003365	0.0037595684831056	0.0	0.008627222834222	Author labels,predeclared coarse mapping	mean_donor(mean_cell(log1p(10000*counts/all_gene_library)))	0.003	0.290802707233435
PDAC	GSE263733	06_EXTERNAL	20260922T131800Z_author_identity_v4	PDAC_author_cell_identity_v4	sc_expression_source	NA	NA	GDPD1	author_source_label	4	21	equal_donor_mean_cellwise_log1p10k	0.0260487532856309	NA	NA	NA	NA	SC_SOURCE_DESCRIPTIVE	NA	DONE	Donor-equal descriptive expression	GSE263733	UniProtKB:Q8N9F7	primary_tumor	Endothelial	13	4	494	440	0.0447490029145574	0.0204288664500517	0.007419858507184	0.0390577612284986	Author labels,predeclared coarse mapping	mean_donor(mean_cell(log1p(10000*counts/all_gene_library)))	0.639	1.0
PDAC	GSE263733	06_EXTERNAL	20260922T131800Z_author_identity_v4	PDAC_author_cell_identity_v4	sc_expression_source	NA	NA	GDPD1	author_source_label	18	21	equal_donor_mean_cellwise_log1p10k	0.0162469955443652	NA	NA	NA	NA	SC_SOURCE_DESCRIPTIVE	NA	DONE	Donor-equal descriptive expression	GSE263733	UniProtKB:Q8N9F7	primary_tumor	Ductal (unresolved)	21	18	8598	8585	0.065558330415121	0.0156067818534615	0.0118847429164655	0.0201508570081479	Author labels,predeclared coarse mapping	mean_donor(mean_cell(log1p(10000*counts/all_gene_library)))	0.297	0.6237148997578867
PDAC	GSE263733	06_EXTERNAL	20260922T131800Z_author_identity_v4	PDAC_author_cell_identity_v4	sc_expression_source	NA	NA	GDPD1	author_source_label	11	21	equal_donor_mean_cellwise_log1p10k	0.009413920253041	NA	NA	NA	NA	SC_SOURCE_DESCRIPTIVE	NA	DONE	Donor-equal descriptive expression	GSE263733	UniProtKB:Q8N9F7	primary_tumor	Fibroblast/CAF	20	11	1151	1084	0.0273726260845742	0.0118965937096818	0.0	0.0125764395976099	Author labels,predeclared coarse mapping	mean_donor(mean_cell(log1p(10000*counts/all_gene_library)))	0.008	0.361396192355737
PDAC	GSE263733	06_EXTERNAL	20260922T131800Z_author_identity_v4	PDAC_author_cell_identity_v4	sc_expression_source	NA	NA	GDPD1	author_source_label	20	21	equal_donor_mean_cellwise_log1p10k	0.0109918591836956	NA	NA	NA	NA	SC_SOURCE_DESCRIPTIVE	NA	DONE	Donor-equal descriptive expression	GSE263733	UniProtKB:Q8N9F7	primary_tumor	Myeloid	21	20	9381	9363	0.0173929742898478	0.0066123225769529	0.0041822142429053	0.0108418232820476	Author labels,predeclared coarse mapping	mean_donor(mean_cell(log1p(10000*counts/all_gene_library)))	0.047	0.4219725628772785
PDAC	GSE263733	06_EXTERNAL	20260922T131800Z_author_identity_v4	PDAC_author_cell_identity_v4	sc_expression_source	NA	NA	GDPD1	author_source_label	20	21	equal_donor_mean_cellwise_log1p10k	0.0123364431245244	NA	NA	NA	NA	SC_SOURCE_DESCRIPTIVE	NA	DONE	Donor-equal descriptive expression	GSE263733	UniProtKB:Q8N9F7	primary_tumor	T/NK	21	20	23790	23783	0.0114146818400032	0.0135298326520079	0.009663851318768	0.0163832861653084	Author labels,predeclared coarse mapping	mean_donor(mean_cell(log1p(10000*counts/all_gene_library)))	0.006	0.4735905396028865
PDAC	GSE263733	06_EXTERNAL	20260922T131800Z_author_identity_v4	PDAC_author_cell_identity_v4	sc_expression_source	NA	NA	GDPD2	author_source_label	4	21	equal_donor_mean_cellwise_log1p10k	0.0009105575059573	NA	NA	NA	NA	SC_SOURCE_DESCRIPTIVE	NA	DONE	Donor-equal descriptive expression	GSE263733	UniProtKB:Q9HCC8	primary_tumor	Acinar	8	4	294	281	0.0026881720430107	0.0	0.0	0.0009105575059573	Author labels,predeclared coarse mapping	mean_donor(mean_cell(log1p(10000*counts/all_gene_library)))	0.0	0.06516877846922874
PDAC	GSE263733	06_EXTERNAL	20260922T131800Z_author_identity_v4	PDAC_author_cell_identity_v4	sc_expression_source	NA	NA	GDPD2	author_source_label	17	21	equal_donor_mean_cellwise_log1p10k	0.0007972486178191	NA	NA	NA	NA	SC_SOURCE_DESCRIPTIVE	NA	DONE	Donor-equal descriptive expression	GSE263733	UniProtKB:Q9HCC8	primary_tumor	B/Plasma	21	17	2440	2401	0.0021544908285895	0.0	0.0	0.0	Author labels,predeclared coarse mapping	mean_donor(mean_cell(log1p(10000*counts/all_gene_library)))	0.0	0.05705923922391802
PDAC	GSE263733	06_EXTERNAL	20260922T131800Z_author_identity_v4	PDAC_author_cell_identity_v4	sc_expression_source	NA	NA	GDPD2	author_source_label	4	21	equal_donor_mean_cellwise_log1p10k	0.0	NA	NA	NA	NA	SC_SOURCE_DESCRIPTIVE	NA	DONE	Donor-equal descriptive expression	GSE263733	UniProtKB:Q9HCC8	primary_tumor	Endothelial	13	4	494	440	0.0	0.0	0.0	0.0	Author labels,predeclared coarse mapping	mean_donor(mean_cell(log1p(10000*counts/all_gene_library)))	0.0	0.0
PDAC	GSE263733	06_EXTERNAL	20260922T131800Z_author_identity_v4	PDAC_author_cell_identity_v4	sc_expression_source	NA	NA	GDPD2	author_source_label	18	21	equal_donor_mean_cellwise_log1p10k	0.0139722966633055	NA	NA	NA	NA	SC_SOURCE_DESCRIPTIVE	NA	DONE	Donor-equal descriptive expression	GSE263733	UniProtKB:Q9HCC8	primary_tumor	Ductal (unresolved)	21	18	8598	8585	0.0331448821450922	0.0049518693752544	0.0011193231215464	0.0083480356580424	Author labels,predeclared coarse mapping	mean_donor(mean_cell(log1p(10000*counts/all_gene_library)))	1.0	1.0
PDAC	GSE263733	06_EXTERNAL	20260922T131800Z_author_identity_v4	PDAC_author_cell_identity_v4	sc_expression_source	NA	NA	GDPD2	author_source_label	11	21	equal_donor_mean_cellwise_log1p10k	0.0009836969113894	NA	NA	NA	NA	SC_SOURCE_DESCRIPTIVE	NA	DONE	Donor-equal descriptive expression	GSE263733	UniProtKB:Q9HCC8	primary_tumor	Fibroblast/CAF	20	11	1151	1084	0.0026737967914438	0.0	0.0	0.0	Author labels,predeclared coarse mapping	mean_donor(mean_cell(log1p(10000*counts/all_gene_library)))	0.0	0.070403379994988
PDAC	GSE263733	06_EXTERNAL	20260922T131800Z_author_identity_v4	PDAC_author_cell_identity_v4	sc_expression_source	NA	NA	GDPD2	author_source_label	20	21	equal_donor_mean_cellwise_log1p10k	0.0001913373813954	NA	NA	NA	NA	SC_SOURCE_DESCRIPTIVE	NA	DONE	Donor-equal descriptive expression	GSE263733	UniProtKB:Q9HCC8	primary_tumor	Myeloid	21	20	9381	9363	0.0003780827636002	0.0	0.0	0.0	Author labels,predeclared coarse mapping	mean_donor(mean_cell(log1p(10000*counts/all_gene_library)))	0.0	0.013694053741207518
PDAC	GSE263733	06_EXTERNAL	20260922T131800Z_author_identity_v4	PDAC_author_cell_identity_v4	sc_expression_source	NA	NA	GDPD2	author_source_label	20	21	equal_donor_mean_cellwise_log1p10k	0.0002073591200329	NA	NA	NA	NA	SC_SOURCE_DESCRIPTIVE	NA	DONE	Donor-equal descriptive expression	GSE263733	UniProtKB:Q9HCC8	primary_tumor	T/NK	21	20	23790	23783	0.0002527839619812	0.0	0.0	3.360815016856544e-05	Author labels,predeclared coarse mapping	mean_donor(mean_cell(log1p(10000*counts/all_gene_library)))	0.0	0.014840732703412551
PDAC	GSE263733	06_EXTERNAL	20260922T131800Z_author_identity_v4	PDAC_author_cell_identity_v4	sc_expression_source	NA	NA	GDPD3	author_source_label	4	21	equal_donor_mean_cellwise_log1p10k	0.0033805998097833	NA	NA	NA	NA	SC_SOURCE_DESCRIPTIVE	NA	DONE	Donor-equal descriptive expression	GSE263733	UniProtKB:Q7L5L3	primary_tumor	Acinar	8	4	294	281	0.012729285262492	0.0030494573579573	0.0	0.0064300571677406	Author labels,predeclared coarse mapping	mean_donor(mean_cell(log1p(10000*counts/all_gene_library)))	0.0	0.06683296611314399
PDAC	GSE263733	06_EXTERNAL	20260922T131800Z_author_identity_v4	PDAC_author_cell_identity_v4	sc_expression_source	NA	NA	GDPD3	author_source_label	17	21	equal_donor_mean_cellwise_log1p10k	0.0050973715405324	NA	NA	NA	NA	SC_SOURCE_DESCRIPTIVE	NA	DONE	Donor-equal descriptive expression	GSE263733	UniProtKB:Q7L5L3	primary_tumor	B/Plasma	21	17	2440	2401	0.0066646561263147	0.0	0.0	0.0072935330926487	Author labels,predeclared coarse mapping	mean_donor(mean_cell(log1p(10000*counts/all_gene_library)))	0.0	0.10077278548280576
PDAC	GSE263733	06_EXTERNAL	20260922T131800Z_author_identity_v4	PDAC_author_cell_identity_v4	sc_expression_source	NA	NA	GDPD3	author_source_label	4	21	equal_donor_mean_cellwise_log1p10k	0.0490150580394287	NA	NA	NA	NA	SC_SOURCE_DESCRIPTIVE	NA	DONE	Donor-equal descriptive expression	GSE263733	UniProtKB:Q7L5L3	primary_tumor	Endothelial	13	4	494	440	0.0707223596410492	0.0625246575629095	0.0463368594055985	0.0652028561967397	Author labels,predeclared coarse mapping	mean_donor(mean_cell(log1p(10000*counts/all_gene_library)))	0.39	0.9690060632148315
PDAC	GSE263733	06_EXTERNAL	20260922T131800Z_author_identity_v4	PDAC_author_cell_identity_v4	sc_expression_source	NA	NA	GDPD3	author_source_label	18	21	equal_donor_mean_cellwise_log1p10k	0.05058281872542	NA	NA	NA	NA	SC_SOURCE_DESCRIPTIVE	NA	DONE	Donor-equal descriptive expression	GSE263733	UniProtKB:Q7L5L3	primary_tumor	Ductal (unresolved)	21	18	8598	8585	0.161075524765824	0.042156091711365	0.033462236493394	0.0523282606599404	Author labels,predeclared coarse mapping	mean_donor(mean_cell(log1p(10000*counts/all_gene_library)))	0.61	1.0
PDAC	GSE263733	06_EXTERNAL	20260922T131800Z_author_identity_v4	PDAC_author_cell_identity_v4	sc_expression_source	NA	NA	GDPD3	author_source_label	11	21	equal_donor_mean_cellwise_log1p10k	0.0159254272602638	NA	NA	NA	NA	SC_SOURCE_DESCRIPTIVE	NA	DONE	Donor-equal descriptive expression	GSE263733	UniProtKB:Q7L5L3	primary_tumor	Fibroblast/CAF	20	11	1151	1084	0.0487841651992578	0.016232256321418	0.0058509172611189	0.0277225106215931	Author labels,predeclared coarse mapping	mean_donor(mean_cell(log1p(10000*counts/all_gene_library)))	0.0	0.31483866778386155
PDAC	GSE263733	06_EXTERNAL	20260922T131800Z_author_identity_v4	PDAC_author_cell_identity_v4	sc_expression_source	NA	NA	GDPD3	author_source_label	20	21	equal_donor_mean_cellwise_log1p10k	0.0093492599415413	NA	NA	NA	NA	SC_SOURCE_DESCRIPTIVE	NA	DONE	Donor-equal descriptive expression	GSE263733	UniProtKB:Q7L5L3	primary_tumor	Myeloid	21	20	9381	9363	0.0152665197974155	0.0086110886529485	0.0067901097831117	0.0116244752684924	Author labels,predeclared coarse mapping	mean_donor(mean_cell(log1p(10000*counts/all_gene_library)))	0.0	0.1848307424758617
PDAC	GSE263733	06_EXTERNAL	20260922T131800Z_author_identity_v4	PDAC_author_cell_identity_v4	sc_expression_source	NA	NA	GDPD3	author_source_label	20	21	equal_donor_mean_cellwise_log1p10k	0.0079935448671426	NA	NA	NA	NA	SC_SOURCE_DESCRIPTIVE	NA	DONE	Donor-equal descriptive expression	GSE263733	UniProtKB:Q7L5L3	primary_tumor	T/NK	21	20	23790	23783	0.0110196674677063	0.007491238566618	0.0049202174673284	0.0102379551404759	Author labels,predeclared coarse mapping	mean_donor(mean_cell(log1p(10000*counts/all_gene_library)))	0.0	0.15802885383936713
PDAC	GSE263733	06_EXTERNAL	20260922T131800Z_author_identity_v4	PDAC_author_cell_identity_v4	sc_expression_source	NA	NA	GDPD5	author_source_label	4	21	equal_donor_mean_cellwise_log1p10k	0.0826004402203048	NA	NA	NA	NA	SC_SOURCE_DESCRIPTIVE	NA	DONE	Donor-equal descriptive expression	GSE263733	UniProtKB:Q8WTR4	primary_tumor	Acinar	8	4	294	281	0.1231286027467312	0.0713930924012186	0.044430019086545	0.1095635135349784	Author labels,predeclared coarse mapping	mean_donor(mean_cell(log1p(10000*counts/all_gene_library)))	0.497	1.0
PDAC	GSE263733	06_EXTERNAL	20260922T131800Z_author_identity_v4	PDAC_author_cell_identity_v4	sc_expression_source	NA	NA	GDPD5	author_source_label	17	21	equal_donor_mean_cellwise_log1p10k	0.0169890647304628	NA	NA	NA	NA	SC_SOURCE_DESCRIPTIVE	NA	DONE	Donor-equal descriptive expression	GSE263733	UniProtKB:Q8WTR4	primary_tumor	B/Plasma	21	17	2440	2401	0.0190908581917486	0.0102541640589009	0.0054304788443735	0.0269309709425461	Author labels,predeclared coarse mapping	mean_donor(mean_cell(log1p(10000*counts/all_gene_library)))	0.0	0.2056776535954412
PDAC	GSE263733	06_EXTERNAL	20260922T131800Z_author_identity_v4	PDAC_author_cell_identity_v4	sc_expression_source	NA	NA	GDPD5	author_source_label	4	21	equal_donor_mean_cellwise_log1p10k	0.0816888599141157	NA	NA	NA	NA	SC_SOURCE_DESCRIPTIVE	NA	DONE	Donor-equal descriptive expression	GSE263733	UniProtKB:Q8WTR4	primary_tumor	Endothelial	13	4	494	440	0.1524995446003988	0.0783822395668289	0.0664743366569221	0.0935967628240225	Author labels,predeclared coarse mapping	mean_donor(mean_cell(log1p(10000*counts/all_gene_library)))	0.427	0.9889639776282328
PDAC	GSE263733	06_EXTERNAL	20260922T131800Z_author_identity_v4	PDAC_author_cell_identity_v4	sc_expression_source	NA	NA	GDPD5	author_source_label	18	21	equal_donor_mean_cellwise_log1p10k	0.0200960549132724	NA	NA	NA	NA	SC_SOURCE_DESCRIPTIVE	NA	DONE	Donor-equal descriptive expression	GSE263733	UniProtKB:Q8WTR4	primary_tumor	Ductal (unresolved)	21	18	8598	8585	0.0732838525483184	0.0202418498756003	0.0123739219101152	0.0230949782286314	Author labels,predeclared coarse mapping	mean_donor(mean_cell(log1p(10000*counts/all_gene_library)))	0.0	0.24329234638064795
PDAC	GSE263733	06_EXTERNAL	20260922T131800Z_author_identity_v4	PDAC_author_cell_identity_v4	sc_expression_source	NA	NA	GDPD5	author_source_label	11	21	equal_donor_mean_cellwise_log1p10k	0.0447650739345309	NA	NA	NA	NA	SC_SOURCE_DESCRIPTIVE	NA	DONE	Donor-equal descriptive expression	GSE263733	UniProtKB:Q8WTR4	primary_tumor	Fibroblast/CAF	20	11	1151	1084	0.106946930978346	0.0409635530244414	0.0225821594686621	0.0604992684445791	Author labels,predeclared coarse mapping	mean_donor(mean_cell(log1p(10000*counts/all_gene_library)))	0.055	0.541947159302509
PDAC	GSE263733	06_EXTERNAL	20260922T131800Z_author_identity_v4	PDAC_author_cell_identity_v4	sc_expression_source	NA	NA	GDPD5	author_source_label	20	21	equal_donor_mean_cellwise_log1p10k	0.0284050872138123	NA	NA	NA	NA	SC_SOURCE_DESCRIPTIVE	NA	DONE	Donor-equal descriptive expression	GSE263733	UniProtKB:Q8WTR4	primary_tumor	Myeloid	21	20	9381	9363	0.0451294389138842	0.029874387566368	0.0168615616682822	0.0358846494165685	Author labels,predeclared coarse mapping	mean_donor(mean_cell(log1p(10000*counts/all_gene_library)))	0.0	0.34388542165214486
PDAC	GSE263733	06_EXTERNAL	20260922T131800Z_author_identity_v4	PDAC_author_cell_identity_v4	sc_expression_source	NA	NA	GDPD5	author_source_label	20	21	equal_donor_mean_cellwise_log1p10k	0.0412590329606184	NA	NA	NA	NA	SC_SOURCE_DESCRIPTIVE	NA	DONE	Donor-equal descriptive expression	GSE263733	UniProtKB:Q8WTR4	primary_tumor	T/NK	21	20	23790	23783	0.037109938804247	0.0402809003984514	0.031259248010813	0.0503109779708177	Author labels,predeclared coarse mapping	mean_donor(mean_cell(log1p(10000*counts/all_gene_library)))	0.021	0.4995013688858782
PDAC	GSE263733	06_EXTERNAL	20260922T131800Z_author_identity_v4	PDAC_author_cell_identity_v4	sc_expression_source	NA	NA	GFPT1	author_source_label	4	21	equal_donor_mean_cellwise_log1p10k	0.1411043313229698	NA	NA	NA	NA	SC_SOURCE_DESCRIPTIVE	NA	DONE	Donor-equal descriptive expression	GSE263733	UniProtKB:Q06210	primary_tumor	Acinar	8	4	294	281	0.210638860321277	0.1626744118184662	0.1065923433426378	0.1971863997987983	Author labels,predeclared coarse mapping	mean_donor(mean_cell(log1p(10000*counts/all_gene_library)))	0.0	0.23004206171219863
PDAC	GSE263733	06_EXTERNAL	20260922T131800Z_author_identity_v4	PDAC_author_cell_identity_v4	sc_expression_source	NA	NA	GFPT1	author_source_label	17	21	equal_donor_mean_cellwise_log1p10k	0.1161059581605463	NA	NA	NA	NA	SC_SOURCE_DESCRIPTIVE	NA	DONE	Donor-equal descriptive expression	GSE263733	UniProtKB:Q06210	primary_tumor	B/Plasma	21	17	2440	2401	0.1514165765284319	0.1207854508646381	0.0907066690159706	0.1401121074833069	Author labels,predeclared coarse mapping	mean_donor(mean_cell(log1p(10000*counts/all_gene_library)))	0.0	0.1892872723459372
PDAC	GSE263733	06_EXTERNAL	20260922T131800Z_author_identity_v4	PDAC_author_cell_identity_v4	sc_expression_source	NA	NA	GFPT1	author_source_label	4	21	equal_donor_mean_cellwise_log1p10k	0.1213114967713924	NA	NA	NA	NA	SC_SOURCE_DESCRIPTIVE	NA	DONE	Donor-equal descriptive expression	GSE263733	UniProtKB:Q06210	primary_tumor	Endothelial	13	4	494	440	0.2033778666206473	0.1128829449138424	0.1054783062907104	0.1287161353945244	Author labels,predeclared coarse mapping	mean_donor(mean_cell(log1p(10000*counts/all_gene_library)))	0.0	0.19777384978217893
PDAC	GSE263733	06_EXTERNAL	20260922T131800Z_author_identity_v4	PDAC_author_cell_identity_v4	sc_expression_source	NA	NA	GFPT1	author_source_label	18	21	equal_donor_mean_cellwise_log1p10k	0.6133849187089221	NA	NA	NA	NA	SC_SOURCE_DESCRIPTIVE	NA	DONE	Donor-equal descriptive expression	GSE263733	UniProtKB:Q06210	primary_tumor	Ductal (unresolved)	21	18	8598	8585	0.7527207240021613	0.6475687302026962	0.459312028816695	0.7420561213824937	Author labels,predeclared coarse mapping	mean_donor(mean_cell(log1p(10000*counts/all_gene_library)))	1.0	1.0
PDAC	GSE263733	06_EXTERNAL	20260922T131800Z_author_identity_v4	PDAC_author_cell_identity_v4	sc_expression_source	NA	NA	GFPT1	author_source_label	11	21	equal_donor_mean_cellwise_log1p10k	0.310179873030059	NA	NA	NA	NA	SC_SOURCE_DESCRIPTIVE	NA	DONE	Donor-equal descriptive expression	GSE263733	UniProtKB:Q06210	primary_tumor	Fibroblast/CAF	20	11	1151	1084	0.4763355908673113	0.3268721366477621	0.2304648846951677	0.3694957537775837	Author labels,predeclared coarse mapping	mean_donor(mean_cell(log1p(10000*counts/all_gene_library)))	0.0	0.5056855223681378
PDAC	GSE263733	06_EXTERNAL	20260922T131800Z_author_identity_v4	PDAC_author_cell_identity_v4	sc_expression_source	NA	NA	GFPT1	author_source_label	20	21	equal_donor_mean_cellwise_log1p10k	0.093651019012296	NA	NA	NA	NA	SC_SOURCE_DESCRIPTIVE	NA	DONE	Donor-equal descriptive expression	GSE263733	UniProtKB:Q06210	primary_tumor	Myeloid	21	20	9381	9363	0.1493448757833069	0.0988281460675638	0.0817861109139833	0.1106469972073787	Author labels,predeclared coarse mapping	mean_donor(mean_cell(log1p(10000*counts/all_gene_library)))	0.0	0.15267903751108933
PDAC	GSE263733	06_EXTERNAL	20260922T131800Z_author_identity_v4	PDAC_author_cell_identity_v4	sc_expression_source	NA	NA	GFPT1	author_source_label	20	21	equal_donor_mean_cellwise_log1p10k	0.1554244407816167	NA	NA	NA	NA	SC_SOURCE_DESCRIPTIVE	NA	DONE	Donor-equal descriptive expression	GSE263733	UniProtKB:Q06210	primary_tumor	T/NK	21	20	23790	23783	0.1437822844317022	0.1513158128715889	0.131134789901421	0.1869880680475723	Author labels,predeclared coarse mapping	mean_donor(mean_cell(log1p(10000*counts/all_gene_library)))	0.0	0.2533881027084274
PDAC	GSE263733	06_EXTERNAL	20260922T131800Z_author_identity_v4	PDAC_author_cell_identity_v4	sc_expression_source	NA	NA	GFPT2	author_source_label	4	21	equal_donor_mean_cellwise_log1p10k	0.0044934301401203	NA	NA	NA	NA	SC_SOURCE_DESCRIPTIVE	NA	DONE	Donor-equal descriptive expression	GSE263733	UniProtKB:O94808	primary_tumor	Acinar	8	4	294	281	0.0065049659361405	0.003039302981324	0.0	0.0075327331214444	Author labels,predeclared coarse mapping	mean_donor(mean_cell(log1p(10000*counts/all_gene_library)))	0.0	0.014439499209214461
PDAC	GSE263733	06_EXTERNAL	20260922T131800Z_author_identity_v4	PDAC_author_cell_identity_v4	sc_expression_source	NA	NA	GFPT2	author_source_label	17	21	equal_donor_mean_cellwise_log1p10k	0.0023575897359944	NA	NA	NA	NA	SC_SOURCE_DESCRIPTIVE	NA	DONE	Donor-equal descriptive expression	GSE263733	UniProtKB:O94808	primary_tumor	B/Plasma	21	17	2440	2401	0.002146091625304	0.0	0.0	0.0	Author labels,predeclared coarse mapping	mean_donor(mean_cell(log1p(10000*counts/all_gene_library)))	0.0	0.007576041924985145
PDAC	GSE263733	06_EXTERNAL	20260922T131800Z_author_identity_v4	PDAC_author_cell_identity_v4	sc_expression_source	NA	NA	GFPT2	author_source_label	4	21	equal_donor_mean_cellwise_log1p10k	0.0022678571741412	NA	NA	NA	NA	SC_SOURCE_DESCRIPTIVE	NA	DONE	Donor-equal descriptive expression	GSE263733	UniProtKB:O94808	primary_tumor	Endothelial	13	4	494	440	0.0067495014572787	0.0007923016978391	0.0	0.0030601588719803	Author labels,predeclared coarse mapping	mean_donor(mean_cell(log1p(10000*counts/all_gene_library)))	0.0	0.007287689104196575
PDAC	GSE263733	06_EXTERNAL	20260922T131800Z_author_identity_v4	PDAC_author_cell_identity_v4	sc_expression_source	NA	NA	GFPT2	author_source_label	18	21	equal_donor_mean_cellwise_log1p10k	0.0102188488642479	NA	NA	NA	NA	SC_SOURCE_DESCRIPTIVE	NA	DONE	Donor-equal descriptive expression	GSE263733	UniProtKB:O94808	primary_tumor	Ductal (unresolved)	21	18	8598	8585	0.038002943285187	0.0068839462427893	0.0030364243517442	0.0129230861771642	Author labels,predeclared coarse mapping	mean_donor(mean_cell(log1p(10000*counts/all_gene_library)))	0.0	0.03283795574719656
PDAC	GSE263733	06_EXTERNAL	20260922T131800Z_author_identity_v4	PDAC_author_cell_identity_v4	sc_expression_source	NA	NA	GFPT2	author_source_label	11	21	equal_donor_mean_cellwise_log1p10k	0.3111901649091023	NA	NA	NA	NA	SC_SOURCE_DESCRIPTIVE	NA	DONE	Donor-equal descriptive expression	GSE263733	UniProtKB:O94808	primary_tumor	Fibroblast/CAF	20	11	1151	1084	0.4494985780463291	0.2890443388231139	0.1942747899069757	0.3983154750811089	Author labels,predeclared coarse mapping	mean_donor(mean_cell(log1p(10000*counts/all_gene_library)))	1.0	1.0
PDAC	GSE263733	06_EXTERNAL	20260922T131800Z_author_identity_v4	PDAC_author_cell_identity_v4	sc_expression_source	NA	NA	GFPT2	author_source_label	20	21	equal_donor_mean_cellwise_log1p10k	0.000604693091246	NA	NA	NA	NA	SC_SOURCE_DESCRIPTIVE	NA	DONE	Donor-equal descriptive expression	GSE263733	UniProtKB:O94808	primary_tumor	Myeloid	21	20	9381	9363	0.00111953418871	0.0	0.0	0.0011137836175272	Author labels,predeclared coarse mapping	mean_donor(mean_cell(log1p(10000*counts/all_gene_library)))	0.0	0.0019431626041993618
PDAC	GSE263733	06_EXTERNAL	20260922T131800Z_author_identity_v4	PDAC_author_cell_identity_v4	sc_expression_source	NA	NA	GFPT2	author_source_label	20	21	equal_donor_mean_cellwise_log1p10k	0.0134645200900549	NA	NA	NA	NA	SC_SOURCE_DESCRIPTIVE	NA	DONE	Donor-equal descriptive expression	GSE263733	UniProtKB:O94808	primary_tumor	T/NK	21	20	23790	23783	0.011661865115884	0.0123555675012428	0.0073868872819445	0.0174597545646726	Author labels,predeclared coarse mapping	mean_donor(mean_cell(log1p(10000*counts/all_gene_library)))	0.0	0.043267820157452105
PDAC	GSE263733	06_EXTERNAL	20260922T131800Z_author_identity_v4	PDAC_author_cell_identity_v4	sc_expression_source	NA	NA	GGACT	author_source_label	4	21	equal_donor_mean_cellwise_log1p10k	0.0294293288556777	NA	NA	NA	NA	SC_SOURCE_DESCRIPTIVE	NA	DONE	Donor-equal descriptive expression	GSE263733	UniProtKB:Q9BVM4	primary_tumor	Acinar	8	4	294	281	0.0728395642916117	0.0247951227867569	0.0106140069176816	0.043610444724753	Author labels,predeclared coarse mapping	mean_donor(mean_cell(log1p(10000*counts/all_gene_library)))	0.055	0.6948980967869922
PDAC	GSE263733	06_EXTERNAL	20260922T131800Z_author_identity_v4	PDAC_author_cell_identity_v4	sc_expression_source	NA	NA	GGACT	author_source_label	17	21	equal_donor_mean_cellwise_log1p10k	0.0146691584975792	NA	NA	NA	NA	SC_SOURCE_DESCRIPTIVE	NA	DONE	Donor-equal descriptive expression	GSE263733	UniProtKB:Q9BVM4	primary_tumor	B/Plasma	21	17	2440	2401	0.0228840977762149	0.0114198777537105	0.0037300895684443	0.022130592842899	Author labels,predeclared coarse mapping	mean_donor(mean_cell(log1p(10000*counts/all_gene_library)))	0.0	0.34637454260082146
PDAC	GSE263733	06_EXTERNAL	20260922T131800Z_author_identity_v4	PDAC_author_cell_identity_v4	sc_expression_source	NA	NA	GGACT	author_source_label	4	21	equal_donor_mean_cellwise_log1p10k	0.0414934647118819	NA	NA	NA	NA	SC_SOURCE_DESCRIPTIVE	NA	DONE	Donor-equal descriptive expression	GSE263733	UniProtKB:Q9BVM4	primary_tumor	Endothelial	13	4	494	440	0.0644642103850283	0.0453924012938866	0.0362739249449969	0.0506119410607716	Author labels,predeclared coarse mapping	mean_donor(mean_cell(log1p(10000*counts/all_gene_library)))	0.355	0.9797617131802909
PDAC	GSE263733	06_EXTERNAL	20260922T131800Z_author_identity_v4	PDAC_author_cell_identity_v4	sc_expression_source	NA	NA	GGACT	author_source_label	18	21	equal_donor_mean_cellwise_log1p10k	0.0423505676468973	NA	NA	NA	NA	SC_SOURCE_DESCRIPTIVE	NA	DONE	Donor-equal descriptive expression	GSE263733	UniProtKB:Q9BVM4	primary_tumor	Ductal (unresolved)	21	18	8598	8585	0.1550491402063887	0.0408894327028217	0.0251498545614967	0.0486291810116779	Author labels,predeclared coarse mapping	mean_donor(mean_cell(log1p(10000*counts/all_gene_library)))	0.583	1.0
PDAC	GSE263733	06_EXTERNAL	20260922T131800Z_author_identity_v4	PDAC_author_cell_identity_v4	sc_expression_source	NA	NA	GGACT	author_source_label	11	21	equal_donor_mean_cellwise_log1p10k	0.0247000678230019	NA	NA	NA	NA	SC_SOURCE_DESCRIPTIVE	NA	DONE	Donor-equal descriptive expression	GSE263733	UniProtKB:Q9BVM4	primary_tumor	Fibroblast/CAF	20	11	1151	1084	0.0686196915434055	0.0189578457929178	0.014923039436573	0.0285166470582123	Author labels,predeclared coarse mapping	mean_donor(mean_cell(log1p(10000*counts/all_gene_library)))	0.002	0.5832287309332318
PDAC	GSE263733	06_EXTERNAL	20260922T131800Z_author_identity_v4	PDAC_author_cell_identity_v4	sc_expression_source	NA	NA	GGACT	author_source_label	20	21	equal_donor_mean_cellwise_log1p10k	0.0313842788286146	NA	NA	NA	NA	SC_SOURCE_DESCRIPTIVE	NA	DONE	Donor-equal descriptive expression	GSE263733	UniProtKB:Q9BVM4	primary_tumor	Myeloid	21	20	9381	9363	0.0630180809221481	0.0319815816643752	0.0196352710127359	0.0410066888181567	Author labels,predeclared coarse mapping	mean_donor(mean_cell(log1p(10000*counts/all_gene_library)))	0.0	0.741059224761392
PDAC	GSE263733	06_EXTERNAL	20260922T131800Z_author_identity_v4	PDAC_author_cell_identity_v4	sc_expression_source	NA	NA	GGACT	author_source_label	20	21	equal_donor_mean_cellwise_log1p10k	0.0301650763028473	NA	NA	NA	NA	SC_SOURCE_DESCRIPTIVE	NA	DONE	Donor-equal descriptive expression	GSE263733	UniProtKB:Q9BVM4	primary_tumor	T/NK	21	20	23790	23783	0.0316688440885414	0.0248866454809492	0.019303624049136	0.0409610878184277	Author labels,predeclared coarse mapping	mean_donor(mean_cell(log1p(10000*counts/all_gene_library)))	0.005	0.7122708851119086
PDAC	GSE263733	06_EXTERNAL	20260922T131800Z_author_identity_v4	PDAC_author_cell_identity_v4	sc_expression_source	NA	NA	GGCT	author_source_label	4	21	equal_donor_mean_cellwise_log1p10k	0.1205248908062314	NA	NA	NA	NA	SC_SOURCE_DESCRIPTIVE	NA	DONE	Donor-equal descriptive expression	GSE263733	UniProtKB:O75223	primary_tumor	Acinar	8	4	294	281	0.1510725292654453	0.0890084247387428	0.060605227789036	0.1489280877559382	Author labels,predeclared coarse mapping	mean_donor(mean_cell(log1p(10000*counts/all_gene_library)))	0.0	0.31841530549205255
PDAC	GSE263733	06_EXTERNAL	20260922T131800Z_author_identity_v4	PDAC_author_cell_identity_v4	sc_expression_source	NA	NA	GGCT	author_source_label	17	21	equal_donor_mean_cellwise_log1p10k	0.0884660451407543	NA	NA	NA	NA	SC_SOURCE_DESCRIPTIVE	NA	DONE	Donor-equal descriptive expression	GSE263733	UniProtKB:O75223	primary_tumor	B/Plasma	21	17	2440	2401	0.1039596748498166	0.0874657404399223	0.0744768507244511	0.1004959145786628	Author labels,predeclared coarse mapping	mean_donor(mean_cell(log1p(10000*counts/all_gene_library)))	0.0	0.23371888247096093
PDAC	GSE263733	06_EXTERNAL	20260922T131800Z_author_identity_v4	PDAC_author_cell_identity_v4	sc_expression_source	NA	NA	GGCT	author_source_label	4	21	equal_donor_mean_cellwise_log1p10k	0.2981937619744118	NA	NA	NA	NA	SC_SOURCE_DESCRIPTIVE	NA	DONE	Donor-equal descriptive expression	GSE263733	UniProtKB:O75223	primary_tumor	Endothelial	13	4	494	440	0.4280606448458353	0.2996354617897743	0.2786673243786802	0.3191618993855059	Author labels,predeclared coarse mapping	mean_donor(mean_cell(log1p(10000*counts/all_gene_library)))	0.0	0.7877995755047608
PDAC	GSE263733	06_EXTERNAL	20260922T131800Z_author_identity_v4	PDAC_author_cell_identity_v4	sc_expression_source	NA	NA	GGCT	author_source_label	18	21	equal_donor_mean_cellwise_log1p10k	0.3785147533030243	NA	NA	NA	NA	SC_SOURCE_DESCRIPTIVE	NA	DONE	Donor-equal descriptive expression	GSE263733	UniProtKB:O75223	primary_tumor	Ductal (unresolved)	21	18	8598	8585	0.61733802270025	0.4014792709715825	0.2692786549742518	0.4439085295069563	Author labels,predeclared coarse mapping	mean_donor(mean_cell(log1p(10000*counts/all_gene_library)))	0.955	1.0
PDAC	GSE263733	06_EXTERNAL	20260922T131800Z_author_identity_v4	PDAC_author_cell_identity_v4	sc_expression_source	NA	NA	GGCT	author_source_label	11	21	equal_donor_mean_cellwise_log1p10k	0.3160854211793838	NA	NA	NA	NA	SC_SOURCE_DESCRIPTIVE	NA	DONE	Donor-equal descriptive expression	GSE263733	UniProtKB:O75223	primary_tumor	Fibroblast/CAF	20	11	1151	1084	0.4629325549149634	0.3209857777094023	0.273720029240401	0.4041432862691961	Author labels,predeclared coarse mapping	mean_donor(mean_cell(log1p(10000*counts/all_gene_library)))	0.045	0.8350676385032159
PDAC	GSE263733	06_EXTERNAL	20260922T131800Z_author_identity_v4	PDAC_author_cell_identity_v4	sc_expression_source	NA	NA	GGCT	author_source_label	20	21	equal_donor_mean_cellwise_log1p10k	0.1664025755044141	NA	NA	NA	NA	SC_SOURCE_DESCRIPTIVE	NA	DONE	Donor-equal descriptive expression	GSE263733	UniProtKB:O75223	primary_tumor	Myeloid	21	20	9381	9363	0.25042824957288	0.1565476177314385	0.1273367191205097	0.1948655172837092	Author labels,predeclared coarse mapping	mean_donor(mean_cell(log1p(10000*counts/all_gene_library)))	0.0	0.4396197877423251
PDAC	GSE263733	06_EXTERNAL	20260922T131800Z_author_identity_v4	PDAC_author_cell_identity_v4	sc_expression_source	NA	NA	GGCT	author_source_label	20	21	equal_donor_mean_cellwise_log1p10k	0.1090159556261433	NA	NA	NA	NA	SC_SOURCE_DESCRIPTIVE	NA	DONE	Donor-equal descriptive expression	GSE263733	UniProtKB:O75223	primary_tumor	T/NK	21	20	23790	23783	0.1031359315221358	0.1059084592464054	0.0987360617877552	0.1182741949915977	Author labels,predeclared coarse mapping	mean_donor(mean_cell(log1p(10000*counts/all_gene_library)))	0.0	0.2880097926826893
PDAC	GSE263733	06_EXTERNAL	20260922T131800Z_author_identity_v4	PDAC_author_cell_identity_v4	sc_expression_source	NA	NA	GGT1	author_source_label	4	21	equal_donor_mean_cellwise_log1p10k	0.0120041310383813	NA	NA	NA	NA	SC_SOURCE_DESCRIPTIVE	NA	DONE	Donor-equal descriptive expression	GSE263733	UniProtKB:P19440	primary_tumor	Acinar	8	4	294	281	0.0451780687650583	0.010317749145347	0.0038994274469463	0.018422452736782	Author labels,predeclared coarse mapping	mean_donor(mean_cell(log1p(10000*counts/all_gene_library)))	0.0	0.1635081751472804
PDAC	GSE263733	06_EXTERNAL	20260922T131800Z_author_identity_v4	PDAC_author_cell_identity_v4	sc_expression_source	NA	NA	GGT1	author_source_label	17	21	equal_donor_mean_cellwise_log1p10k	0.0061125172701331	NA	NA	NA	NA	SC_SOURCE_DESCRIPTIVE	NA	DONE	Donor-equal descriptive expression	GSE263733	UniProtKB:P19440	primary_tumor	B/Plasma	21	17	2440	2401	0.0118687684596764	0.003442924073933	0.0	0.0067275588391162	Author labels,predeclared coarse mapping	mean_donor(mean_cell(log1p(10000*counts/all_gene_library)))	0.0	0.08325855001083608
PDAC	GSE263733	06_EXTERNAL	20260922T131800Z_author_identity_v4	PDAC_author_cell_identity_v4	sc_expression_source	NA	NA	GGT1	author_source_label	4	21	equal_donor_mean_cellwise_log1p10k	0.0005330084442834	NA	NA	NA	NA	SC_SOURCE_DESCRIPTIVE	NA	DONE	Donor-equal descriptive expression	GSE263733	UniProtKB:P19440	primary_tumor	Endothelial	13	4	494	440	0.0020325203252032	0.0	0.0	0.0005330084442834	Author labels,predeclared coarse mapping	mean_donor(mean_cell(log1p(10000*counts/all_gene_library)))	0.0	0.007260103857931689
PDAC	GSE263733	06_EXTERNAL	20260922T131800Z_author_identity_v4	PDAC_author_cell_identity_v4	sc_expression_source	NA	NA	GGT1	author_source_label	18	21	equal_donor_mean_cellwise_log1p10k	0.0734160908319633	NA	NA	NA	NA	SC_SOURCE_DESCRIPTIVE	NA	DONE	Donor-equal descriptive expression	GSE263733	UniProtKB:P19440	primary_tumor	Ductal (unresolved)	21	18	8598	8585	0.1822802846997297	0.0382597141628825	0.0190655358855152	0.0634329673270413	Author labels,predeclared coarse mapping	mean_donor(mean_cell(log1p(10000*counts/all_gene_library)))	0.998	1.0
PDAC	GSE263733	06_EXTERNAL	20260922T131800Z_author_identity_v4	PDAC_author_cell_identity_v4	sc_expression_source	NA	NA	GGT1	author_source_label	11	21	equal_donor_mean_cellwise_log1p10k	0.0160881683741105	NA	NA	NA	NA	SC_SOURCE_DESCRIPTIVE	NA	DONE	Donor-equal descriptive expression	GSE263733	UniProtKB:P19440	primary_tumor	Fibroblast/CAF	20	11	1151	1084	0.0338475676658974	0.0109690602795962	0.006248442431196	0.0251319453059793	Author labels,predeclared coarse mapping	mean_donor(mean_cell(log1p(10000*counts/all_gene_library)))	0.0	0.2191368158096776
PDAC	GSE263733	06_EXTERNAL	20260922T131800Z_author_identity_v4	PDAC_author_cell_identity_v4	sc_expression_source	NA	NA	GGT1	author_source_label	20	21	equal_donor_mean_cellwise_log1p10k	0.0247039118257628	NA	NA	NA	NA	SC_SOURCE_DESCRIPTIVE	NA	DONE	Donor-equal descriptive expression	GSE263733	UniProtKB:P19440	primary_tumor	Myeloid	21	20	9381	9363	0.0509777486707388	0.0211668047200406	0.0107118022036702	0.031389040703187	Author labels,predeclared coarse mapping	mean_donor(mean_cell(log1p(10000*counts/all_gene_library)))	0.002	0.3364917900941603
PDAC	GSE263733	06_EXTERNAL	20260922T131800Z_author_identity_v4	PDAC_author_cell_identity_v4	sc_expression_source	NA	NA	GGT1	author_source_label	20	21	equal_donor_mean_cellwise_log1p10k	0.0109570339910537	NA	NA	NA	NA	SC_SOURCE_DESCRIPTIVE	NA	DONE	Donor-equal descriptive expression	GSE263733	UniProtKB:P19440	primary_tumor	T/NK	21	20	23790	23783	0.0115876377575303	0.0095928760530198	0.0055763173664444	0.0122949659157108	Author labels,predeclared coarse mapping	mean_donor(mean_cell(log1p(10000*counts/all_gene_library)))	0.0	0.14924567444121278
PDAC	GSE263733	06_EXTERNAL	20260922T131800Z_author_identity_v4	PDAC_author_cell_identity_v4	sc_expression_source	NA	NA	GGT5	author_source_label	4	21	equal_donor_mean_cellwise_log1p10k	0.0	NA	NA	NA	NA	SC_SOURCE_DESCRIPTIVE	NA	DONE	Donor-equal descriptive expression	GSE263733	UniProtKB:P36269	primary_tumor	Acinar	8	4	294	281	0.0	0.0	0.0	0.0	Author labels,predeclared coarse mapping	mean_donor(mean_cell(log1p(10000*counts/all_gene_library)))	0.0	0.0
PDAC	GSE263733	06_EXTERNAL	20260922T131800Z_author_identity_v4	PDAC_author_cell_identity_v4	sc_expression_source	NA	NA	GGT5	author_source_label	17	21	equal_donor_mean_cellwise_log1p10k	0.0009770150802125	NA	NA	NA	NA	SC_SOURCE_DESCRIPTIVE	NA	DONE	Donor-equal descriptive expression	GSE263733	UniProtKB:P36269	primary_tumor	B/Plasma	21	17	2440	2401	0.0014158904187871	0.0	0.0	0.0	Author labels,predeclared coarse mapping	mean_donor(mean_cell(log1p(10000*counts/all_gene_library)))	0.0	0.001399521914803319
PDAC	GSE263733	06_EXTERNAL	20260922T131800Z_author_identity_v4	PDAC_author_cell_identity_v4	sc_expression_source	NA	NA	GGT5	author_source_label	4	21	equal_donor_mean_cellwise_log1p10k	0.3451860722589259	NA	NA	NA	NA	SC_SOURCE_DESCRIPTIVE	NA	DONE	Donor-equal descriptive expression	GSE263733	UniProtKB:P36269	primary_tumor	Endothelial	13	4	494	440	0.4124560179858874	0.3616519475930939	0.2762830769617544	0.4305549428902654	Author labels,predeclared coarse mapping	mean_donor(mean_cell(log1p(10000*counts/all_gene_library)))	0.0	0.4944606102765332
PDAC	GSE263733	06_EXTERNAL	20260922T131800Z_author_identity_v4	PDAC_author_cell_identity_v4	sc_expression_source	NA	NA	GGT5	author_source_label	18	21	equal_donor_mean_cellwise_log1p10k	0.0204653649959793	NA	NA	NA	NA	SC_SOURCE_DESCRIPTIVE	NA	DONE	Donor-equal descriptive expression	GSE263733	UniProtKB:P36269	primary_tumor	Ductal (unresolved)	21	18	8598	8585	0.051837866432421	0.0047589027836459	0.0012956250976952	0.0107646966088796	Author labels,predeclared coarse mapping	mean_donor(mean_cell(log1p(10000*counts/all_gene_library)))	0.0	0.02931554219213506
PDAC	GSE263733	06_EXTERNAL	20260922T131800Z_author_identity_v4	PDAC_author_cell_identity_v4	sc_expression_source	NA	NA	GGT5	author_source_label	11	21	equal_donor_mean_cellwise_log1p10k	0.6981063103608522	NA	NA	NA	NA	SC_SOURCE_DESCRIPTIVE	NA	DONE	Donor-equal descriptive expression	GSE263733	UniProtKB:P36269	primary_tumor	Fibroblast/CAF	20	11	1151	1084	0.6265230217457798	0.6279096160504025	0.4867899073231605	0.9432994625125152	Author labels,predeclared coarse mapping	mean_donor(mean_cell(log1p(10000*counts/all_gene_library)))	1.0	1.0
PDAC	GSE263733	06_EXTERNAL	20260922T131800Z_author_identity_v4	PDAC_author_cell_identity_v4	sc_expression_source	NA	NA	GGT5	author_source_label	20	21	equal_donor_mean_cellwise_log1p10k	0.0051547635251239	NA	NA	NA	NA	SC_SOURCE_DESCRIPTIVE	NA	DONE	Donor-equal descriptive expression	GSE263733	UniProtKB:P36269	primary_tumor	Myeloid	21	20	9381	9363	0.0078594138139714	0.0025703336620361	0.0008314267754704	0.0084594739271587	Author labels,predeclared coarse mapping	mean_donor(mean_cell(log1p(10000*counts/all_gene_library)))	0.0	0.007383923406249392
PDAC	GSE263733	06_EXTERNAL	20260922T131800Z_author_identity_v4	PDAC_author_cell_identity_v4	sc_expression_source	NA	NA	GGT5	author_source_label	20	21	equal_donor_mean_cellwise_log1p10k	0.0017226213033563	NA	NA	NA	NA	SC_SOURCE_DESCRIPTIVE	NA	DONE	Donor-equal descriptive expression	GSE263733	UniProtKB:P36269	primary_tumor	T/NK	21	20	23790	23783	0.0015860663094842	0.00086279421327	0.0	0.0029848953214864	Author labels,predeclared coarse mapping	mean_donor(mean_cell(log1p(10000*counts/all_gene_library)))	0.0	0.0024675630026404923
PDAC	GSE263733	06_EXTERNAL	20260922T131800Z_author_identity_v4	PDAC_author_cell_identity_v4	sc_expression_source	NA	NA	GK	author_source_label	4	21	equal_donor_mean_cellwise_log1p10k	0.0327963209690711	NA	NA	NA	NA	SC_SOURCE_DESCRIPTIVE	NA	DONE	Donor-equal descriptive expression	GSE263733	UniProtKB:P32189	primary_tumor	Acinar	8	4	294	281	0.0334410050649168	0.0337781712497666	0.0215054967789412	0.0450689954398965	Author labels,predeclared coarse mapping	mean_donor(mean_cell(log1p(10000*counts/all_gene_library)))	0.0	0.054432173250095695
PDAC	GSE263733	06_EXTERNAL	20260922T131800Z_author_identity_v4	PDAC_author_cell_identity_v4	sc_expression_source	NA	NA	GK	author_source_label	17	21	equal_donor_mean_cellwise_log1p10k	0.0334117392096184	NA	NA	NA	NA	SC_SOURCE_DESCRIPTIVE	NA	DONE	Donor-equal descriptive expression	GSE263733	UniProtKB:P32189	primary_tumor	B/Plasma	21	17	2440	2401	0.0458499866339544	0.0334797279480643	0.0206851958303099	0.0461530120804312	Author labels,predeclared coarse mapping	mean_donor(mean_cell(log1p(10000*counts/all_gene_library)))	0.0	0.05545358514328735
PDAC	GSE263733	06_EXTERNAL	20260922T131800Z_author_identity_v4	PDAC_author_cell_identity_v4	sc_expression_source	NA	NA	GK	author_source_label	4	21	equal_donor_mean_cellwise_log1p10k	0.0386849305804595	NA	NA	NA	NA	SC_SOURCE_DESCRIPTIVE	NA	DONE	Donor-equal descriptive expression	GSE263733	UniProtKB:P32189	primary_tumor	Endothelial	13	4	494	440	0.0627241045405737	0.0313533391737703	0.0254313491305447	0.044606920623685	Author labels,predeclared coarse mapping	mean_donor(mean_cell(log1p(10000*counts/all_gene_library)))	0.0	0.06420552004931598
PDAC	GSE263733	06_EXTERNAL	20260922T131800Z_author_identity_v4	PDAC_author_cell_identity_v4	sc_expression_source	NA	NA	GK	author_source_label	18	21	equal_donor_mean_cellwise_log1p10k	0.0810187128169265	NA	NA	NA	NA	SC_SOURCE_DESCRIPTIVE	NA	DONE	Donor-equal descriptive expression	GSE263733	UniProtKB:P32189	primary_tumor	Ductal (unresolved)	21	18	8598	8585	0.2225813778062923	0.0574591979726806	0.0451917012759629	0.1033704569516906	Author labels,predeclared coarse mapping	mean_donor(mean_cell(log1p(10000*counts/all_gene_library)))	0.0	0.13446705246937943
PDAC	GSE263733	06_EXTERNAL	20260922T131800Z_author_identity_v4	PDAC_author_cell_identity_v4	sc_expression_source	NA	NA	GK	author_source_label	11	21	equal_donor_mean_cellwise_log1p10k	0.040333088647864	NA	NA	NA	NA	SC_SOURCE_DESCRIPTIVE	NA	DONE	Donor-equal descriptive expression	GSE263733	UniProtKB:P32189	primary_tumor	Fibroblast/CAF	20	11	1151	1084	0.0883259840069001	0.0346844447941438	0.0275550440015282	0.0403282531996901	Author labels,predeclared coarse mapping	mean_donor(mean_cell(log1p(10000*counts/all_gene_library)))	0.0	0.0669409739910282
PDAC	GSE263733	06_EXTERNAL	20260922T131800Z_author_identity_v4	PDAC_author_cell_identity_v4	sc_expression_source	NA	NA	GK	author_source_label	20	21	equal_donor_mean_cellwise_log1p10k	0.6025172064761063	NA	NA	NA	NA	SC_SOURCE_DESCRIPTIVE	NA	DONE	Donor-equal descriptive expression	GSE263733	UniProtKB:P32189	primary_tumor	Myeloid	21	20	9381	9363	0.5823320847338406	0.6035264479189205	0.5213076763083855	0.712088731674871	Author labels,predeclared coarse mapping	mean_donor(mean_cell(log1p(10000*counts/all_gene_library)))	1.0	1.0
PDAC	GSE263733	06_EXTERNAL	20260922T131800Z_author_identity_v4	PDAC_author_cell_identity_v4	sc_expression_source	NA	NA	GK	author_source_label	20	21	equal_donor_mean_cellwise_log1p10k	0.0357727942588161	NA	NA	NA	NA	SC_SOURCE_DESCRIPTIVE	NA	DONE	Donor-equal descriptive expression	GSE263733	UniProtKB:P32189	primary_tumor	T/NK	21	20	23790	23783	0.0342194703250307	0.0345343279408368	0.0264096056200569	0.0401825725007939	Author labels,predeclared coarse mapping	mean_donor(mean_cell(log1p(10000*counts/all_gene_library)))	0.0	0.05937223679973813
PDAC	GSE263733	06_EXTERNAL	20260922T131800Z_author_identity_v4	PDAC_author_cell_identity_v4	sc_expression_source	NA	NA	GK2	author_source_label	4	21	equal_donor_mean_cellwise_log1p10k	0.0	NA	NA	NA	NA	SC_SOURCE_DESCRIPTIVE	NA	DONE	Donor-equal descriptive expression	GSE263733	UniProtKB:Q14410	primary_tumor	Acinar	8	4	294	281	0.0	0.0	0.0	0.0	Author labels,predeclared coarse mapping	mean_donor(mean_cell(log1p(10000*counts/all_gene_library)))	NA	0.0
PDAC	GSE263733	06_EXTERNAL	20260922T131800Z_author_identity_v4	PDAC_author_cell_identity_v4	sc_expression_source	NA	NA	GK2	author_source_label	17	21	equal_donor_mean_cellwise_log1p10k	0.0	NA	NA	NA	NA	SC_SOURCE_DESCRIPTIVE	NA	DONE	Donor-equal descriptive expression	GSE263733	UniProtKB:Q14410	primary_tumor	B/Plasma	21	17	2440	2401	0.0	0.0	0.0	0.0	Author labels,predeclared coarse mapping	mean_donor(mean_cell(log1p(10000*counts/all_gene_library)))	NA	0.0
PDAC	GSE263733	06_EXTERNAL	20260922T131800Z_author_identity_v4	PDAC_author_cell_identity_v4	sc_expression_source	NA	NA	GK2	author_source_label	4	21	equal_donor_mean_cellwise_log1p10k	0.0	NA	NA	NA	NA	SC_SOURCE_DESCRIPTIVE	NA	DONE	Donor-equal descriptive expression	GSE263733	UniProtKB:Q14410	primary_tumor	Endothelial	13	4	494	440	0.0	0.0	0.0	0.0	Author labels,predeclared coarse mapping	mean_donor(mean_cell(log1p(10000*counts/all_gene_library)))	NA	0.0
PDAC	GSE263733	06_EXTERNAL	20260922T131800Z_author_identity_v4	PDAC_author_cell_identity_v4	sc_expression_source	NA	NA	GK2	author_source_label	18	21	equal_donor_mean_cellwise_log1p10k	0.0	NA	NA	NA	NA	SC_SOURCE_DESCRIPTIVE	NA	DONE	Donor-equal descriptive expression	GSE263733	UniProtKB:Q14410	primary_tumor	Ductal (unresolved)	21	18	8598	8585	0.0	0.0	0.0	0.0	Author labels,predeclared coarse mapping	mean_donor(mean_cell(log1p(10000*counts/all_gene_library)))	NA	0.0
PDAC	GSE263733	06_EXTERNAL	20260922T131800Z_author_identity_v4	PDAC_author_cell_identity_v4	sc_expression_source	NA	NA	GK2	author_source_label	11	21	equal_donor_mean_cellwise_log1p10k	0.0	NA	NA	NA	NA	SC_SOURCE_DESCRIPTIVE	NA	DONE	Donor-equal descriptive expression	GSE263733	UniProtKB:Q14410	primary_tumor	Fibroblast/CAF	20	11	1151	1084	0.0	0.0	0.0	0.0	Author labels,predeclared coarse mapping	mean_donor(mean_cell(log1p(10000*counts/all_gene_library)))	NA	0.0
PDAC	GSE263733	06_EXTERNAL	20260922T131800Z_author_identity_v4	PDAC_author_cell_identity_v4	sc_expression_source	NA	NA	GK2	author_source_label	20	21	equal_donor_mean_cellwise_log1p10k	0.0	NA	NA	NA	NA	SC_SOURCE_DESCRIPTIVE	NA	DONE	Donor-equal descriptive expression	GSE263733	UniProtKB:Q14410	primary_tumor	Myeloid	21	20	9381	9363	0.0	0.0	0.0	0.0	Author labels,predeclared coarse mapping	mean_donor(mean_cell(log1p(10000*counts/all_gene_library)))	NA	0.0
PDAC	GSE263733	06_EXTERNAL	20260922T131800Z_author_identity_v4	PDAC_author_cell_identity_v4	sc_expression_source	NA	NA	GK2	author_source_label	20	21	equal_donor_mean_cellwise_log1p10k	0.0	NA	NA	NA	NA	SC_SOURCE_DESCRIPTIVE	NA	DONE	Donor-equal descriptive expression	GSE263733	UniProtKB:Q14410	primary_tumor	T/NK	21	20	23790	23783	0.0	0.0	0.0	0.0	Author labels,predeclared coarse mapping	mean_donor(mean_cell(log1p(10000*counts/all_gene_library)))	NA	0.0
PDAC	GSE263733	06_EXTERNAL	20260922T131800Z_author_identity_v4	PDAC_author_cell_identity_v4	sc_expression_source	NA	NA	GK3	author_source_label	0	21	equal_donor_mean_cellwise_log1p10k	NA	NA	NA	NA	NA	SC_SOURCE_DESCRIPTIVE	NA	NOT_EVALUABLE	GENE_MISSING_OR_LT3_ELIGIBLE_LABELS	GSE263733	UniProtKB:Q14409	primary_tumor	Acinar	8	0	294	0	NA	NA	NA	NA	Author labels,predeclared coarse mapping	mean_donor(mean_cell(log1p(10000*counts/all_gene_library)))	NA	NA
PDAC	GSE263733	06_EXTERNAL	20260922T131800Z_author_identity_v4	PDAC_author_cell_identity_v4	sc_expression_source	NA	NA	GK3	author_source_label	0	21	equal_donor_mean_cellwise_log1p10k	NA	NA	NA	NA	NA	SC_SOURCE_DESCRIPTIVE	NA	NOT_EVALUABLE	GENE_MISSING_OR_LT3_ELIGIBLE_LABELS	GSE263733	UniProtKB:Q14409	primary_tumor	B/Plasma	21	0	2440	0	NA	NA	NA	NA	Author labels,predeclared coarse mapping	mean_donor(mean_cell(log1p(10000*counts/all_gene_library)))	NA	NA
PDAC	GSE263733	06_EXTERNAL	20260922T131800Z_author_identity_v4	PDAC_author_cell_identity_v4	sc_expression_source	NA	NA	GK3	author_source_label	0	21	equal_donor_mean_cellwise_log1p10k	NA	NA	NA	NA	NA	SC_SOURCE_DESCRIPTIVE	NA	NOT_EVALUABLE	GENE_MISSING_OR_LT3_ELIGIBLE_LABELS	GSE263733	UniProtKB:Q14409	primary_tumor	Endothelial	13	0	494	0	NA	NA	NA	NA	Author labels,predeclared coarse mapping	mean_donor(mean_cell(log1p(10000*counts/all_gene_library)))	NA	NA
PDAC	GSE263733	06_EXTERNAL	20260922T131800Z_author_identity_v4	PDAC_author_cell_identity_v4	sc_expression_source	NA	NA	GK3	author_source_label	0	21	equal_donor_mean_cellwise_log1p10k	NA	NA	NA	NA	NA	SC_SOURCE_DESCRIPTIVE	NA	NOT_EVALUABLE	GENE_MISSING_OR_LT3_ELIGIBLE_LABELS	GSE263733	UniProtKB:Q14409	primary_tumor	Ductal (unresolved)	21	0	8598	0	NA	NA	NA	NA	Author labels,predeclared coarse mapping	mean_donor(mean_cell(log1p(10000*counts/all_gene_library)))	NA	NA
PDAC	GSE263733	06_EXTERNAL	20260922T131800Z_author_identity_v4	PDAC_author_cell_identity_v4	sc_expression_source	NA	NA	GK3	author_source_label	0	21	equal_donor_mean_cellwise_log1p10k	NA	NA	NA	NA	NA	SC_SOURCE_DESCRIPTIVE	NA	NOT_EVALUABLE	GENE_MISSING_OR_LT3_ELIGIBLE_LABELS	GSE263733	UniProtKB:Q14409	primary_tumor	Fibroblast/CAF	20	0	1151	0	NA	NA	NA	NA	Author labels,predeclared coarse mapping	mean_donor(mean_cell(log1p(10000*counts/all_gene_library)))	NA	NA
PDAC	GSE263733	06_EXTERNAL	20260922T131800Z_author_identity_v4	PDAC_author_cell_identity_v4	sc_expression_source	NA	NA	GK3	author_source_label	0	21	equal_donor_mean_cellwise_log1p10k	NA	NA	NA	NA	NA	SC_SOURCE_DESCRIPTIVE	NA	NOT_EVALUABLE	GENE_MISSING_OR_LT3_ELIGIBLE_LABELS	GSE263733	UniProtKB:Q14409	primary_tumor	Myeloid	21	0	9381	0	NA	NA	NA	NA	Author labels,predeclared coarse mapping	mean_donor(mean_cell(log1p(10000*counts/all_gene_library)))	NA	NA
PDAC	GSE263733	06_EXTERNAL	20260922T131800Z_author_identity_v4	PDAC_author_cell_identity_v4	sc_expression_source	NA	NA	GK3	author_source_label	0	21	equal_donor_mean_cellwise_log1p10k	NA	NA	NA	NA	NA	SC_SOURCE_DESCRIPTIVE	NA	NOT_EVALUABLE	GENE_MISSING_OR_LT3_ELIGIBLE_LABELS	GSE263733	UniProtKB:Q14409	primary_tumor	T/NK	21	0	23790	0	NA	NA	NA	NA	Author labels,predeclared coarse mapping	mean_donor(mean_cell(log1p(10000*counts/all_gene_library)))	NA	NA
PDAC	GSE263733	06_EXTERNAL	20260922T131800Z_author_identity_v4	PDAC_author_cell_identity_v4	sc_expression_source	NA	NA	GK5	author_source_label	4	21	equal_donor_mean_cellwise_log1p10k	0.0754975540928118	NA	NA	NA	NA	SC_SOURCE_DESCRIPTIVE	NA	DONE	Donor-equal descriptive expression	GSE263733	UniProtKB:Q6ZS86	primary_tumor	Acinar	8	4	294	281	0.0908492306058104	0.0770496424096755	0.0356681758669192	0.1168790206355682	Author labels,predeclared coarse mapping	mean_donor(mean_cell(log1p(10000*counts/all_gene_library)))	0.0	0.405989127883096
PDAC	GSE263733	06_EXTERNAL	20260922T131800Z_author_identity_v4	PDAC_author_cell_identity_v4	sc_expression_source	NA	NA	GK5	author_source_label	17	21	equal_donor_mean_cellwise_log1p10k	0.040584955764967	NA	NA	NA	NA	SC_SOURCE_DESCRIPTIVE	NA	DONE	Donor-equal descriptive expression	GSE263733	UniProtKB:Q6ZS86	primary_tumor	B/Plasma	21	17	2440	2401	0.0486861561220488	0.0418382625723103	0.0193779190814436	0.0584994135948874	Author labels,predeclared coarse mapping	mean_donor(mean_cell(log1p(10000*counts/all_gene_library)))	0.0	0.21824615372224065
PDAC	GSE263733	06_EXTERNAL	20260922T131800Z_author_identity_v4	PDAC_author_cell_identity_v4	sc_expression_source	NA	NA	GK5	author_source_label	4	21	equal_donor_mean_cellwise_log1p10k	0.0749860440240985	NA	NA	NA	NA	SC_SOURCE_DESCRIPTIVE	NA	DONE	Donor-equal descriptive expression	GSE263733	UniProtKB:Q6ZS86	primary_tumor	Endothelial	13	4	494	440	0.1345076650943396	0.0772747560770041	0.0518662536239137	0.1003945464771889	Author labels,predeclared coarse mapping	mean_donor(mean_cell(log1p(10000*counts/all_gene_library)))	0.0	0.40323847550507275
PDAC	GSE263733	06_EXTERNAL	20260922T131800Z_author_identity_v4	PDAC_author_cell_identity_v4	sc_expression_source	NA	NA	GK5	author_source_label	18	21	equal_donor_mean_cellwise_log1p10k	0.1739697154733178	NA	NA	NA	NA	SC_SOURCE_DESCRIPTIVE	NA	DONE	Donor-equal descriptive expression	GSE263733	UniProtKB:Q6ZS86	primary_tumor	Ductal (unresolved)	21	18	8598	8585	0.4265800065008089	0.1802591261565684	0.1067930982884432	0.2343953131026943	Author labels,predeclared coarse mapping	mean_donor(mean_cell(log1p(10000*counts/all_gene_library)))	0.355	0.935524520122267
PDAC	GSE263733	06_EXTERNAL	20260922T131800Z_author_identity_v4	PDAC_author_cell_identity_v4	sc_expression_source	NA	NA	GK5	author_source_label	11	21	equal_donor_mean_cellwise_log1p10k	0.106302176858182	NA	NA	NA	NA	SC_SOURCE_DESCRIPTIVE	NA	DONE	Donor-equal descriptive expression	GSE263733	UniProtKB:Q6ZS86	primary_tumor	Fibroblast/CAF	20	11	1151	1084	0.2240583910236178	0.0835322141648958	0.065373056062636	0.1628155005653869	Author labels,predeclared coarse mapping	mean_donor(mean_cell(log1p(10000*counts/all_gene_library)))	0.002	0.5716414073715934
PDAC	GSE263733	06_EXTERNAL	20260922T131800Z_author_identity_v4	PDAC_author_cell_identity_v4	sc_expression_source	NA	NA	GK5	author_source_label	20	21	equal_donor_mean_cellwise_log1p10k	0.1292387574714572	NA	NA	NA	NA	SC_SOURCE_DESCRIPTIVE	NA	DONE	Donor-equal descriptive expression	GSE263733	UniProtKB:Q6ZS86	primary_tumor	Myeloid	21	20	9381	9363	0.1693799753808988	0.1324289528883693	0.0840042630336121	0.1623014024536309	Author labels,predeclared coarse mapping	mean_donor(mean_cell(log1p(10000*counts/all_gene_library)))	0.0	0.6949831827668116
PDAC	GSE263733	06_EXTERNAL	20260922T131800Z_author_identity_v4	PDAC_author_cell_identity_v4	sc_expression_source	NA	NA	GK5	author_source_label	20	21	equal_donor_mean_cellwise_log1p10k	0.185959546469804	NA	NA	NA	NA	SC_SOURCE_DESCRIPTIVE	NA	DONE	Donor-equal descriptive expression	GSE263733	UniProtKB:Q6ZS86	primary_tumor	T/NK	21	20	23790	23783	0.1512608046720798	0.155117901204459	0.099434596800147	0.2424331455299508	Author labels,predeclared coarse mapping	mean_donor(mean_cell(log1p(10000*counts/all_gene_library)))	0.643	1.0
PDAC	GSE263733	06_EXTERNAL	20260922T131800Z_author_identity_v4	PDAC_author_cell_identity_v4	sc_expression_source	NA	NA	GLS	author_source_label	4	21	equal_donor_mean_cellwise_log1p10k	0.2861366325867148	NA	NA	NA	NA	SC_SOURCE_DESCRIPTIVE	NA	DONE	Donor-equal descriptive expression	GSE263733	UniProtKB:O94925	primary_tumor	Acinar	8	4	294	281	0.3121530557128261	0.3338112523374982	0.2335412208212664	0.3864066641029466	Author labels,predeclared coarse mapping	mean_donor(mean_cell(log1p(10000*counts/all_gene_library)))	0.0	0.5366753549576829
PDAC	GSE263733	06_EXTERNAL	20260922T131800Z_author_identity_v4	PDAC_author_cell_identity_v4	sc_expression_source	NA	NA	GLS	author_source_label	17	21	equal_donor_mean_cellwise_log1p10k	0.4567079050960037	NA	NA	NA	NA	SC_SOURCE_DESCRIPTIVE	NA	DONE	Donor-equal descriptive expression	GSE263733	UniProtKB:O94925	primary_tumor	B/Plasma	21	17	2440	2401	0.4201889128384684	0.4744635512961173	0.4109608894122911	0.4978372432858206	Author labels,predeclared coarse mapping	mean_donor(mean_cell(log1p(10000*counts/all_gene_library)))	0.012	0.856597335558207
PDAC	GSE263733	06_EXTERNAL	20260922T131800Z_author_identity_v4	PDAC_author_cell_identity_v4	sc_expression_source	NA	NA	GLS	author_source_label	4	21	equal_donor_mean_cellwise_log1p10k	0.3907630043969065	NA	NA	NA	NA	SC_SOURCE_DESCRIPTIVE	NA	DONE	Donor-equal descriptive expression	GSE263733	UniProtKB:O94925	primary_tumor	Endothelial	13	4	494	440	0.4763132286393619	0.4512199831557758	0.348531560247185	0.4934514273054973	Author labels,predeclared coarse mapping	mean_donor(mean_cell(log1p(10000*counts/all_gene_library)))	0.0	0.7329116589973362
PDAC	GSE263733	06_EXTERNAL	20260922T131800Z_author_identity_v4	PDAC_author_cell_identity_v4	sc_expression_source	NA	NA	GLS	author_source_label	18	21	equal_donor_mean_cellwise_log1p10k	0.3829253268366637	NA	NA	NA	NA	SC_SOURCE_DESCRIPTIVE	NA	DONE	Donor-equal descriptive expression	GSE263733	UniProtKB:O94925	primary_tumor	Ductal (unresolved)	21	18	8598	8585	0.6147438741564701	0.3566558498375206	0.2582640826833141	0.4507035097574041	Author labels,predeclared coarse mapping	mean_donor(mean_cell(log1p(10000*counts/all_gene_library)))	0.0	0.7182113798032262
PDAC	GSE263733	06_EXTERNAL	20260922T131800Z_author_identity_v4	PDAC_author_cell_identity_v4	sc_expression_source	NA	NA	GLS	author_source_label	11	21	equal_donor_mean_cellwise_log1p10k	0.5015853301530374	NA	NA	NA	NA	SC_SOURCE_DESCRIPTIVE	NA	DONE	Donor-equal descriptive expression	GSE263733	UniProtKB:O94925	primary_tumor	Fibroblast/CAF	20	11	1151	1084	0.5917402669164121	0.4866543148356286	0.3908379803779945	0.6457186236881414	Author labels,predeclared coarse mapping	mean_donor(mean_cell(log1p(10000*counts/all_gene_library)))	0.283	0.940769039839278
PDAC	GSE263733	06_EXTERNAL	20260922T131800Z_author_identity_v4	PDAC_author_cell_identity_v4	sc_expression_source	NA	NA	GLS	author_source_label	20	21	equal_donor_mean_cellwise_log1p10k	0.413414804349653	NA	NA	NA	NA	SC_SOURCE_DESCRIPTIVE	NA	DONE	Donor-equal descriptive expression	GSE263733	UniProtKB:O94925	primary_tumor	Myeloid	21	20	9381	9363	0.4784489177938325	0.4140517854433814	0.327075791256865	0.4574247069161017	Author labels,predeclared coarse mapping	mean_donor(mean_cell(log1p(10000*counts/all_gene_library)))	0.0	0.775397176039222
PDAC	GSE263733	06_EXTERNAL	20260922T131800Z_author_identity_v4	PDAC_author_cell_identity_v4	sc_expression_source	NA	NA	GLS	author_source_label	20	21	equal_donor_mean_cellwise_log1p10k	0.5331652179356676	NA	NA	NA	NA	SC_SOURCE_DESCRIPTIVE	NA	DONE	Donor-equal descriptive expression	GSE263733	UniProtKB:O94925	primary_tumor	T/NK	21	20	23790	23783	0.414120688040312	0.5452660909519194	0.5062399556941095	0.5812817911380553	Author labels,predeclared coarse mapping	mean_donor(mean_cell(log1p(10000*counts/all_gene_library)))	0.705	1.0
PDAC	GSE263733	06_EXTERNAL	20260922T131800Z_author_identity_v4	PDAC_author_cell_identity_v4	sc_expression_source	NA	NA	GLUD1	author_source_label	4	21	equal_donor_mean_cellwise_log1p10k	0.092989752901788	NA	NA	NA	NA	SC_SOURCE_DESCRIPTIVE	NA	DONE	Donor-equal descriptive expression	GSE263733	UniProtKB:P00367	primary_tumor	Acinar	8	4	294	281	0.1376494079104399	0.0908266350567766	0.0872148947322376	0.096601493226327	Author labels,predeclared coarse mapping	mean_donor(mean_cell(log1p(10000*counts/all_gene_library)))	0.0	0.2384141964795525
PDAC	GSE263733	06_EXTERNAL	20260922T131800Z_author_identity_v4	PDAC_author_cell_identity_v4	sc_expression_source	NA	NA	GLUD1	author_source_label	17	21	equal_donor_mean_cellwise_log1p10k	0.1323351623747856	NA	NA	NA	NA	SC_SOURCE_DESCRIPTIVE	NA	DONE	Donor-equal descriptive expression	GSE263733	UniProtKB:P00367	primary_tumor	B/Plasma	21	17	2440	2401	0.1440808419080494	0.1448555306488707	0.1020145777185218	0.1672405078976253	Author labels,predeclared coarse mapping	mean_donor(mean_cell(log1p(10000*counts/all_gene_library)))	0.0	0.3392909478628044
PDAC	GSE263733	06_EXTERNAL	20260922T131800Z_author_identity_v4	PDAC_author_cell_identity_v4	sc_expression_source	NA	NA	GLUD1	author_source_label	4	21	equal_donor_mean_cellwise_log1p10k	0.2671613840021914	NA	NA	NA	NA	SC_SOURCE_DESCRIPTIVE	NA	DONE	Donor-equal descriptive expression	GSE263733	UniProtKB:P00367	primary_tumor	Endothelial	13	4	494	440	0.3652682303650867	0.28354786754377	0.2271343281417373	0.3235749234042241	Author labels,predeclared coarse mapping	mean_donor(mean_cell(log1p(10000*counts/all_gene_library)))	0.0	0.6849686627785728
PDAC	GSE263733	06_EXTERNAL	20260922T131800Z_author_identity_v4	PDAC_author_cell_identity_v4	sc_expression_source	NA	NA	GLUD1	author_source_label	18	21	equal_donor_mean_cellwise_log1p10k	0.3900344621875872	NA	NA	NA	NA	SC_SOURCE_DESCRIPTIVE	NA	DONE	Donor-equal descriptive expression	GSE263733	UniProtKB:P00367	primary_tumor	Ductal (unresolved)	21	18	8598	8585	0.6630545076802311	0.3762619517531107	0.3109933704739284	0.4384726519513448	Author labels,predeclared coarse mapping	mean_donor(mean_cell(log1p(10000*counts/all_gene_library)))	0.969	1.0
PDAC	GSE263733	06_EXTERNAL	20260922T131800Z_author_identity_v4	PDAC_author_cell_identity_v4	sc_expression_source	NA	NA	GLUD1	author_source_label	11	21	equal_donor_mean_cellwise_log1p10k	0.3231411361177679	NA	NA	NA	NA	SC_SOURCE_DESCRIPTIVE	NA	DONE	Donor-equal descriptive expression	GSE263733	UniProtKB:P00367	primary_tumor	Fibroblast/CAF	20	11	1151	1084	0.4869730556564481	0.3273936679340247	0.217415680550125	0.3742665033143041	Author labels,predeclared coarse mapping	mean_donor(mean_cell(log1p(10000*counts/all_gene_library)))	0.031	0.8284938061764221
PDAC	GSE263733	06_EXTERNAL	20260922T131800Z_author_identity_v4	PDAC_author_cell_identity_v4	sc_expression_source	NA	NA	GLUD1	author_source_label	20	21	equal_donor_mean_cellwise_log1p10k	0.3225101397748581	NA	NA	NA	NA	SC_SOURCE_DESCRIPTIVE	NA	DONE	Donor-equal descriptive expression	GSE263733	UniProtKB:P00367	primary_tumor	Myeloid	21	20	9381	9363	0.4303892153500167	0.3164783036004088	0.2922947106471755	0.3823453853826647	Author labels,predeclared coarse mapping	mean_donor(mean_cell(log1p(10000*counts/all_gene_library)))	0.0	0.8268760097915315
PDAC	GSE263733	06_EXTERNAL	20260922T131800Z_author_identity_v4	PDAC_author_cell_identity_v4	sc_expression_source	NA	NA	GLUD1	author_source_label	20	21	equal_donor_mean_cellwise_log1p10k	0.2226609664516684	NA	NA	NA	NA	SC_SOURCE_DESCRIPTIVE	NA	DONE	Donor-equal descriptive expression	GSE263733	UniProtKB:P00367	primary_tumor	T/NK	21	20	23790	23783	0.1986471574126051	0.229144270358151	0.1974211415103373	0.2559046502396067	Author labels,predeclared coarse mapping	mean_donor(mean_cell(log1p(10000*counts/all_gene_library)))	0.0	0.5708751098629319
