cancer	cohort	stage_id	run_id	analysis_version	analysis_type	metabolite_key	metabolite_name	gene	unit	n	n_reference	effect_type	effect	ci_lower	ci_upper	p_value	q_value	test_family	family_n_evaluable	status	reason	source_id	relation_id	external_feature_id
BRCA	Oslo2	06_EXTERNAL	20260921T072503Z_oslo_tang_external_v1	oslo_tang_external_v1	tumor_spearman_permutation	HMDB:HMDB00721	glycylproline	PEPD	author_case_identifier	NA	NA	Spearman_rho	NA	NA	NA	NA	NA	Oslo2_original174	0	NOT_EVALUABLE	not_in_18_metabolite_panel	Oslo2	HMDB:HMDB00721|PEPD	NA
BRCA	Oslo2	06_EXTERNAL	20260921T072503Z_oslo_tang_external_v1	oslo_tang_external_v1	tumor_spearman_permutation	KEGG:C00009	phosphate	PPA1	author_case_identifier	NA	NA	Spearman_rho	NA	NA	NA	NA	NA	Oslo2_original174	0	NOT_EVALUABLE	not_in_18_metabolite_panel	Oslo2	KEGG:C00009|PPA1	NA
BRCA	Oslo2	06_EXTERNAL	20260921T072503Z_oslo_tang_external_v1	oslo_tang_external_v1	tumor_spearman_permutation	KEGG:C00009	phosphate	PPA2	author_case_identifier	NA	NA	Spearman_rho	NA	NA	NA	NA	NA	Oslo2_original174	0	NOT_EVALUABLE	not_in_18_metabolite_panel	Oslo2	KEGG:C00009|PPA2	NA
BRCA	Oslo2	06_EXTERNAL	20260921T072503Z_oslo_tang_external_v1	oslo_tang_external_v1	tumor_spearman_permutation	KEGG:C00013	pyrophosphate (PPi)	PPA1	author_case_identifier	NA	NA	Spearman_rho	NA	NA	NA	NA	NA	Oslo2_original174	0	NOT_EVALUABLE	not_in_18_metabolite_panel	Oslo2	KEGG:C00013|PPA1	NA
BRCA	Oslo2	06_EXTERNAL	20260921T072503Z_oslo_tang_external_v1	oslo_tang_external_v1	tumor_spearman_permutation	KEGG:C00013	pyrophosphate (PPi)	PPA2	author_case_identifier	NA	NA	Spearman_rho	NA	NA	NA	NA	NA	Oslo2_original174	0	NOT_EVALUABLE	not_in_18_metabolite_panel	Oslo2	KEGG:C00013|PPA2	NA
BRCA	Oslo2	06_EXTERNAL	20260921T072503Z_oslo_tang_external_v1	oslo_tang_external_v1	tumor_spearman_permutation	KEGG:C00021	S-adenosylhomocysteine (SAH)	AHCY	author_case_identifier	NA	NA	Spearman_rho	NA	NA	NA	NA	NA	Oslo2_original174	0	NOT_EVALUABLE	not_in_18_metabolite_panel	Oslo2	KEGG:C00021|AHCY	NA
BRCA	Oslo2	06_EXTERNAL	20260921T072503Z_oslo_tang_external_v1	oslo_tang_external_v1	tumor_spearman_permutation	KEGG:C00021	S-adenosylhomocysteine (SAH)	NNMT	author_case_identifier	NA	NA	Spearman_rho	NA	NA	NA	NA	NA	Oslo2_original174	0	NOT_EVALUABLE	not_in_18_metabolite_panel	Oslo2	KEGG:C00021|NNMT	NA
BRCA	Oslo2	06_EXTERNAL	20260921T072503Z_oslo_tang_external_v1	oslo_tang_external_v1	tumor_spearman_permutation	KEGG:C00025	glutamate	ASNS	author_case_identifier	NA	NA	Spearman_rho	NA	NA	NA	NA	NA	Oslo2_original174	0	NEEDS_REVIEW	metabolite_present_but_MCOS_to_OSL2_crosswalk_missing	Oslo2	KEGG:C00025|ASNS	Glutamate
BRCA	Oslo2	06_EXTERNAL	20260921T072503Z_oslo_tang_external_v1	oslo_tang_external_v1	tumor_spearman_permutation	KEGG:C00025	glutamate	BCAT1	author_case_identifier	NA	NA	Spearman_rho	NA	NA	NA	NA	NA	Oslo2_original174	0	NEEDS_REVIEW	metabolite_present_but_MCOS_to_OSL2_crosswalk_missing	Oslo2	KEGG:C00025|BCAT1	Glutamate
BRCA	Oslo2	06_EXTERNAL	20260921T072503Z_oslo_tang_external_v1	oslo_tang_external_v1	tumor_spearman_permutation	KEGG:C00025	glutamate	BCAT2	author_case_identifier	NA	NA	Spearman_rho	NA	NA	NA	NA	NA	Oslo2_original174	0	NEEDS_REVIEW	metabolite_present_but_MCOS_to_OSL2_crosswalk_missing	Oslo2	KEGG:C00025|BCAT2	Glutamate
BRCA	Oslo2	06_EXTERNAL	20260921T072503Z_oslo_tang_external_v1	oslo_tang_external_v1	tumor_spearman_permutation	KEGG:C00025	glutamate	FOLH1	author_case_identifier	NA	NA	Spearman_rho	NA	NA	NA	NA	NA	Oslo2_original174	0	NEEDS_REVIEW	metabolite_present_but_MCOS_to_OSL2_crosswalk_missing	Oslo2	KEGG:C00025|FOLH1	Glutamate
BRCA	Oslo2	06_EXTERNAL	20260921T072503Z_oslo_tang_external_v1	oslo_tang_external_v1	tumor_spearman_permutation	KEGG:C00025	glutamate	GCLC	author_case_identifier	NA	NA	Spearman_rho	NA	NA	NA	NA	NA	Oslo2_original174	0	NEEDS_REVIEW	metabolite_present_but_MCOS_to_OSL2_crosswalk_missing	Oslo2	KEGG:C00025|GCLC	Glutamate
BRCA	Oslo2	06_EXTERNAL	20260921T072503Z_oslo_tang_external_v1	oslo_tang_external_v1	tumor_spearman_permutation	KEGG:C00025	glutamate	GLS	author_case_identifier	NA	NA	Spearman_rho	NA	NA	NA	NA	NA	Oslo2_original174	0	NEEDS_REVIEW	metabolite_present_but_MCOS_to_OSL2_crosswalk_missing	Oslo2	KEGG:C00025|GLS	Glutamate
BRCA	Oslo2	06_EXTERNAL	20260921T072503Z_oslo_tang_external_v1	oslo_tang_external_v1	tumor_spearman_permutation	KEGG:C00025	glutamate	GLS2	author_case_identifier	NA	NA	Spearman_rho	NA	NA	NA	NA	NA	Oslo2_original174	0	NEEDS_REVIEW	metabolite_present_but_MCOS_to_OSL2_crosswalk_missing	Oslo2	KEGG:C00025|GLS2	Glutamate
BRCA	Oslo2	06_EXTERNAL	20260921T072503Z_oslo_tang_external_v1	oslo_tang_external_v1	tumor_spearman_permutation	KEGG:C00025	glutamate	GLUL	author_case_identifier	NA	NA	Spearman_rho	NA	NA	NA	NA	NA	Oslo2_original174	0	NEEDS_REVIEW	metabolite_present_but_MCOS_to_OSL2_crosswalk_missing	Oslo2	KEGG:C00025|GLUL	Glutamate
BRCA	Oslo2	06_EXTERNAL	20260921T072503Z_oslo_tang_external_v1	oslo_tang_external_v1	tumor_spearman_permutation	KEGG:C00025	glutamate	GOT1	author_case_identifier	NA	NA	Spearman_rho	NA	NA	NA	NA	NA	Oslo2_original174	0	NEEDS_REVIEW	metabolite_present_but_MCOS_to_OSL2_crosswalk_missing	Oslo2	KEGG:C00025|GOT1	Glutamate
BRCA	Oslo2	06_EXTERNAL	20260921T072503Z_oslo_tang_external_v1	oslo_tang_external_v1	tumor_spearman_permutation	KEGG:C00025	glutamate	GOT2	author_case_identifier	NA	NA	Spearman_rho	NA	NA	NA	NA	NA	Oslo2_original174	0	NEEDS_REVIEW	metabolite_present_but_MCOS_to_OSL2_crosswalk_missing	Oslo2	KEGG:C00025|GOT2	Glutamate
BRCA	Oslo2	06_EXTERNAL	20260921T072503Z_oslo_tang_external_v1	oslo_tang_external_v1	tumor_spearman_permutation	KEGG:C00025	glutamate	OAT	author_case_identifier	NA	NA	Spearman_rho	NA	NA	NA	NA	NA	Oslo2_original174	0	NEEDS_REVIEW	metabolite_present_but_MCOS_to_OSL2_crosswalk_missing	Oslo2	KEGG:C00025|OAT	Glutamate
BRCA	Oslo2	06_EXTERNAL	20260921T072503Z_oslo_tang_external_v1	oslo_tang_external_v1	tumor_spearman_permutation	KEGG:C00025	glutamate	SLC7A11	author_case_identifier	NA	NA	Spearman_rho	NA	NA	NA	NA	NA	Oslo2_original174	0	NEEDS_REVIEW	metabolite_present_but_MCOS_to_OSL2_crosswalk_missing	Oslo2	KEGG:C00025|SLC7A11	Glutamate
BRCA	Oslo2	06_EXTERNAL	20260921T072503Z_oslo_tang_external_v1	oslo_tang_external_v1	tumor_spearman_permutation	KEGG:C00025	glutamate	TAT	author_case_identifier	NA	NA	Spearman_rho	NA	NA	NA	NA	NA	Oslo2_original174	0	NEEDS_REVIEW	metabolite_present_but_MCOS_to_OSL2_crosswalk_missing	Oslo2	KEGG:C00025|TAT	Glutamate
BRCA	Oslo2	06_EXTERNAL	20260921T072503Z_oslo_tang_external_v1	oslo_tang_external_v1	tumor_spearman_permutation	KEGG:C00037	glycine	GSS	author_case_identifier	NA	NA	Spearman_rho	NA	NA	NA	NA	NA	Oslo2_original174	0	NEEDS_REVIEW	metabolite_present_but_MCOS_to_OSL2_crosswalk_missing	Oslo2	KEGG:C00037|GSS	Glycine
BRCA	Oslo2	06_EXTERNAL	20260921T072503Z_oslo_tang_external_v1	oslo_tang_external_v1	tumor_spearman_permutation	KEGG:C00037	glycine	PEPD	author_case_identifier	NA	NA	Spearman_rho	NA	NA	NA	NA	NA	Oslo2_original174	0	NEEDS_REVIEW	metabolite_present_but_MCOS_to_OSL2_crosswalk_missing	Oslo2	KEGG:C00037|PEPD	Glycine
BRCA	Oslo2	06_EXTERNAL	20260921T072503Z_oslo_tang_external_v1	oslo_tang_external_v1	tumor_spearman_permutation	KEGG:C00037	glycine	SHMT1	author_case_identifier	NA	NA	Spearman_rho	NA	NA	NA	NA	NA	Oslo2_original174	0	NEEDS_REVIEW	metabolite_present_but_MCOS_to_OSL2_crosswalk_missing	Oslo2	KEGG:C00037|SHMT1	Glycine
BRCA	Oslo2	06_EXTERNAL	20260921T072503Z_oslo_tang_external_v1	oslo_tang_external_v1	tumor_spearman_permutation	KEGG:C00037	glycine	SHMT2	author_case_identifier	NA	NA	Spearman_rho	NA	NA	NA	NA	NA	Oslo2_original174	0	NEEDS_REVIEW	metabolite_present_but_MCOS_to_OSL2_crosswalk_missing	Oslo2	KEGG:C00037|SHMT2	Glycine
BRCA	Oslo2	06_EXTERNAL	20260921T072503Z_oslo_tang_external_v1	oslo_tang_external_v1	tumor_spearman_permutation	KEGG:C00047	lysine	AASS	author_case_identifier	NA	NA	Spearman_rho	NA	NA	NA	NA	NA	Oslo2_original174	0	NOT_EVALUABLE	not_in_18_metabolite_panel	Oslo2	KEGG:C00047|AASS	NA
BRCA	Oslo2	06_EXTERNAL	20260921T072503Z_oslo_tang_external_v1	oslo_tang_external_v1	tumor_spearman_permutation	KEGG:C00049	aspartate	ASNS	author_case_identifier	NA	NA	Spearman_rho	NA	NA	NA	NA	NA	Oslo2_original174	0	NOT_EVALUABLE	not_in_18_metabolite_panel	Oslo2	KEGG:C00049|ASNS	NA
BRCA	Oslo2	06_EXTERNAL	20260921T072503Z_oslo_tang_external_v1	oslo_tang_external_v1	tumor_spearman_permutation	KEGG:C00049	aspartate	ASS1	author_case_identifier	NA	NA	Spearman_rho	NA	NA	NA	NA	NA	Oslo2_original174	0	NOT_EVALUABLE	not_in_18_metabolite_panel	Oslo2	KEGG:C00049|ASS1	NA
BRCA	Oslo2	06_EXTERNAL	20260921T072503Z_oslo_tang_external_v1	oslo_tang_external_v1	tumor_spearman_permutation	KEGG:C00049	aspartate	GOT1	author_case_identifier	NA	NA	Spearman_rho	NA	NA	NA	NA	NA	Oslo2_original174	0	NOT_EVALUABLE	not_in_18_metabolite_panel	Oslo2	KEGG:C00049|GOT1	NA
BRCA	Oslo2	06_EXTERNAL	20260921T072503Z_oslo_tang_external_v1	oslo_tang_external_v1	tumor_spearman_permutation	KEGG:C00049	aspartate	GOT2	author_case_identifier	NA	NA	Spearman_rho	NA	NA	NA	NA	NA	Oslo2_original174	0	NOT_EVALUABLE	not_in_18_metabolite_panel	Oslo2	KEGG:C00049|GOT2	NA
BRCA	Oslo2	06_EXTERNAL	20260921T072503Z_oslo_tang_external_v1	oslo_tang_external_v1	tumor_spearman_permutation	KEGG:C00051	glutathione, reduced (GSH)	GSR	author_case_identifier	NA	NA	Spearman_rho	NA	NA	NA	NA	NA	Oslo2_original174	0	NEEDS_REVIEW	stereochemical_or_redox_scope_not_explicit	Oslo2	KEGG:C00051|GSR	Glutathione
BRCA	Oslo2	06_EXTERNAL	20260921T072503Z_oslo_tang_external_v1	oslo_tang_external_v1	tumor_spearman_permutation	KEGG:C00051	glutathione, reduced (GSH)	GSS	author_case_identifier	NA	NA	Spearman_rho	NA	NA	NA	NA	NA	Oslo2_original174	0	NEEDS_REVIEW	stereochemical_or_redox_scope_not_explicit	Oslo2	KEGG:C00051|GSS	Glutathione
BRCA	Oslo2	06_EXTERNAL	20260921T072503Z_oslo_tang_external_v1	oslo_tang_external_v1	tumor_spearman_permutation	KEGG:C00055	cytidine 5'-monophosphate (5'-CMP)	CEPT1	author_case_identifier	NA	NA	Spearman_rho	NA	NA	NA	NA	NA	Oslo2_original174	0	NOT_EVALUABLE	not_in_18_metabolite_panel	Oslo2	KEGG:C00055|CEPT1	NA
BRCA	Oslo2	06_EXTERNAL	20260921T072503Z_oslo_tang_external_v1	oslo_tang_external_v1	tumor_spearman_permutation	KEGG:C00055	cytidine 5'-monophosphate (5'-CMP)	CHPT1	author_case_identifier	NA	NA	Spearman_rho	NA	NA	NA	NA	NA	Oslo2_original174	0	NOT_EVALUABLE	not_in_18_metabolite_panel	Oslo2	KEGG:C00055|CHPT1	NA
BRCA	Oslo2	06_EXTERNAL	20260921T072503Z_oslo_tang_external_v1	oslo_tang_external_v1	tumor_spearman_permutation	KEGG:C00055	cytidine 5'-monophosphate (5'-CMP)	CMPK1	author_case_identifier	NA	NA	Spearman_rho	NA	NA	NA	NA	NA	Oslo2_original174	0	NOT_EVALUABLE	not_in_18_metabolite_panel	Oslo2	KEGG:C00055|CMPK1	NA
BRCA	Oslo2	06_EXTERNAL	20260921T072503Z_oslo_tang_external_v1	oslo_tang_external_v1	tumor_spearman_permutation	KEGG:C00055	cytidine 5'-monophosphate (5'-CMP)	CMPK2	author_case_identifier	NA	NA	Spearman_rho	NA	NA	NA	NA	NA	Oslo2_original174	0	NOT_EVALUABLE	not_in_18_metabolite_panel	Oslo2	KEGG:C00055|CMPK2	NA
BRCA	Oslo2	06_EXTERNAL	20260921T072503Z_oslo_tang_external_v1	oslo_tang_external_v1	tumor_spearman_permutation	KEGG:C00062	arginine	ARG1	author_case_identifier	NA	NA	Spearman_rho	NA	NA	NA	NA	NA	Oslo2_original174	0	NOT_EVALUABLE	not_in_18_metabolite_panel	Oslo2	KEGG:C00062|ARG1	NA
BRCA	Oslo2	06_EXTERNAL	20260921T072503Z_oslo_tang_external_v1	oslo_tang_external_v1	tumor_spearman_permutation	KEGG:C00062	arginine	ARG2	author_case_identifier	NA	NA	Spearman_rho	NA	NA	NA	NA	NA	Oslo2_original174	0	NOT_EVALUABLE	not_in_18_metabolite_panel	Oslo2	KEGG:C00062|ARG2	NA
BRCA	Oslo2	06_EXTERNAL	20260921T072503Z_oslo_tang_external_v1	oslo_tang_external_v1	tumor_spearman_permutation	KEGG:C00064	glutamine	ASNS	author_case_identifier	NA	NA	Spearman_rho	NA	NA	NA	NA	NA	Oslo2_original174	0	NEEDS_REVIEW	metabolite_present_but_MCOS_to_OSL2_crosswalk_missing	Oslo2	KEGG:C00064|ASNS	Glutamine
BRCA	Oslo2	06_EXTERNAL	20260921T072503Z_oslo_tang_external_v1	oslo_tang_external_v1	tumor_spearman_permutation	KEGG:C00064	glutamine	GLS	author_case_identifier	NA	NA	Spearman_rho	NA	NA	NA	NA	NA	Oslo2_original174	0	NEEDS_REVIEW	metabolite_present_but_MCOS_to_OSL2_crosswalk_missing	Oslo2	KEGG:C00064|GLS	Glutamine
BRCA	Oslo2	06_EXTERNAL	20260921T072503Z_oslo_tang_external_v1	oslo_tang_external_v1	tumor_spearman_permutation	KEGG:C00064	glutamine	GLS2	author_case_identifier	NA	NA	Spearman_rho	NA	NA	NA	NA	NA	Oslo2_original174	0	NEEDS_REVIEW	metabolite_present_but_MCOS_to_OSL2_crosswalk_missing	Oslo2	KEGG:C00064|GLS2	Glutamine
BRCA	Oslo2	06_EXTERNAL	20260921T072503Z_oslo_tang_external_v1	oslo_tang_external_v1	tumor_spearman_permutation	KEGG:C00064	glutamine	GLUL	author_case_identifier	NA	NA	Spearman_rho	NA	NA	NA	NA	NA	Oslo2_original174	0	NEEDS_REVIEW	metabolite_present_but_MCOS_to_OSL2_crosswalk_missing	Oslo2	KEGG:C00064|GLUL	Glutamine
BRCA	Oslo2	06_EXTERNAL	20260921T072503Z_oslo_tang_external_v1	oslo_tang_external_v1	tumor_spearman_permutation	KEGG:C00065	serine	SHMT1	author_case_identifier	NA	NA	Spearman_rho	NA	NA	NA	NA	NA	Oslo2_original174	0	NOT_EVALUABLE	not_in_18_metabolite_panel	Oslo2	KEGG:C00065|SHMT1	NA
BRCA	Oslo2	06_EXTERNAL	20260921T072503Z_oslo_tang_external_v1	oslo_tang_external_v1	tumor_spearman_permutation	KEGG:C00065	serine	SHMT2	author_case_identifier	NA	NA	Spearman_rho	NA	NA	NA	NA	NA	Oslo2_original174	0	NOT_EVALUABLE	not_in_18_metabolite_panel	Oslo2	KEGG:C00065|SHMT2	NA
BRCA	Oslo2	06_EXTERNAL	20260921T072503Z_oslo_tang_external_v1	oslo_tang_external_v1	tumor_spearman_permutation	KEGG:C00073	methionine	MAT1A	author_case_identifier	NA	NA	Spearman_rho	NA	NA	NA	NA	NA	Oslo2_original174	0	NOT_EVALUABLE	not_in_18_metabolite_panel	Oslo2	KEGG:C00073|MAT1A	NA
BRCA	Oslo2	06_EXTERNAL	20260921T072503Z_oslo_tang_external_v1	oslo_tang_external_v1	tumor_spearman_permutation	KEGG:C00073	methionine	MAT2A	author_case_identifier	NA	NA	Spearman_rho	NA	NA	NA	NA	NA	Oslo2_original174	0	NOT_EVALUABLE	not_in_18_metabolite_panel	Oslo2	KEGG:C00073|MAT2A	NA
BRCA	Oslo2	06_EXTERNAL	20260921T072503Z_oslo_tang_external_v1	oslo_tang_external_v1	tumor_spearman_permutation	KEGG:C00077	ornithine	ARG1	author_case_identifier	NA	NA	Spearman_rho	NA	NA	NA	NA	NA	Oslo2_original174	0	NOT_EVALUABLE	not_in_18_metabolite_panel	Oslo2	KEGG:C00077|ARG1	NA
BRCA	Oslo2	06_EXTERNAL	20260921T072503Z_oslo_tang_external_v1	oslo_tang_external_v1	tumor_spearman_permutation	KEGG:C00077	ornithine	ARG2	author_case_identifier	NA	NA	Spearman_rho	NA	NA	NA	NA	NA	Oslo2_original174	0	NOT_EVALUABLE	not_in_18_metabolite_panel	Oslo2	KEGG:C00077|ARG2	NA
BRCA	Oslo2	06_EXTERNAL	20260921T072503Z_oslo_tang_external_v1	oslo_tang_external_v1	tumor_spearman_permutation	KEGG:C00077	ornithine	OAT	author_case_identifier	NA	NA	Spearman_rho	NA	NA	NA	NA	NA	Oslo2_original174	0	NOT_EVALUABLE	not_in_18_metabolite_panel	Oslo2	KEGG:C00077|OAT	NA
BRCA	Oslo2	06_EXTERNAL	20260921T072503Z_oslo_tang_external_v1	oslo_tang_external_v1	tumor_spearman_permutation	KEGG:C00077	ornithine	ODC1	author_case_identifier	NA	NA	Spearman_rho	NA	NA	NA	NA	NA	Oslo2_original174	0	NOT_EVALUABLE	not_in_18_metabolite_panel	Oslo2	KEGG:C00077|ODC1	NA
BRCA	Oslo2	06_EXTERNAL	20260921T072503Z_oslo_tang_external_v1	oslo_tang_external_v1	tumor_spearman_permutation	KEGG:C00077	ornithine	OTC	author_case_identifier	NA	NA	Spearman_rho	NA	NA	NA	NA	NA	Oslo2_original174	0	NOT_EVALUABLE	not_in_18_metabolite_panel	Oslo2	KEGG:C00077|OTC	NA
BRCA	Oslo2	06_EXTERNAL	20260921T072503Z_oslo_tang_external_v1	oslo_tang_external_v1	tumor_spearman_permutation	KEGG:C00079	phenylalanine	PAH	author_case_identifier	NA	NA	Spearman_rho	NA	NA	NA	NA	NA	Oslo2_original174	0	NOT_EVALUABLE	not_in_18_metabolite_panel	Oslo2	KEGG:C00079|PAH	NA
BRCA	Oslo2	06_EXTERNAL	20260921T072503Z_oslo_tang_external_v1	oslo_tang_external_v1	tumor_spearman_permutation	KEGG:C00082	tyrosine	PAH	author_case_identifier	NA	NA	Spearman_rho	NA	NA	NA	NA	NA	Oslo2_original174	0	NEEDS_REVIEW	metabolite_present_but_MCOS_to_OSL2_crosswalk_missing	Oslo2	KEGG:C00082|PAH	L-Tyrosine
BRCA	Oslo2	06_EXTERNAL	20260921T072503Z_oslo_tang_external_v1	oslo_tang_external_v1	tumor_spearman_permutation	KEGG:C00082	tyrosine	TAT	author_case_identifier	NA	NA	Spearman_rho	NA	NA	NA	NA	NA	Oslo2_original174	0	NEEDS_REVIEW	metabolite_present_but_MCOS_to_OSL2_crosswalk_missing	Oslo2	KEGG:C00082|TAT	L-Tyrosine
BRCA	Oslo2	06_EXTERNAL	20260921T072503Z_oslo_tang_external_v1	oslo_tang_external_v1	tumor_spearman_permutation	KEGG:C00095	fructose	KHK	author_case_identifier	NA	NA	Spearman_rho	NA	NA	NA	NA	NA	Oslo2_original174	0	NOT_EVALUABLE	not_in_18_metabolite_panel	Oslo2	KEGG:C00095|KHK	NA
BRCA	Oslo2	06_EXTERNAL	20260921T072503Z_oslo_tang_external_v1	oslo_tang_external_v1	tumor_spearman_permutation	KEGG:C00095	fructose	SORD	author_case_identifier	NA	NA	Spearman_rho	NA	NA	NA	NA	NA	Oslo2_original174	0	NOT_EVALUABLE	not_in_18_metabolite_panel	Oslo2	KEGG:C00095|SORD	NA
BRCA	Oslo2	06_EXTERNAL	20260921T072503Z_oslo_tang_external_v1	oslo_tang_external_v1	tumor_spearman_permutation	KEGG:C00097	cysteine	CDO1	author_case_identifier	NA	NA	Spearman_rho	NA	NA	NA	NA	NA	Oslo2_original174	0	NOT_EVALUABLE	not_in_18_metabolite_panel	Oslo2	KEGG:C00097|CDO1	NA
BRCA	Oslo2	06_EXTERNAL	20260921T072503Z_oslo_tang_external_v1	oslo_tang_external_v1	tumor_spearman_permutation	KEGG:C00097	cysteine	GCLC	author_case_identifier	NA	NA	Spearman_rho	NA	NA	NA	NA	NA	Oslo2_original174	0	NOT_EVALUABLE	not_in_18_metabolite_panel	Oslo2	KEGG:C00097|GCLC	NA
BRCA	Oslo2	06_EXTERNAL	20260921T072503Z_oslo_tang_external_v1	oslo_tang_external_v1	tumor_spearman_permutation	KEGG:C00099	beta-alanine	UPB1	author_case_identifier	NA	NA	Spearman_rho	NA	NA	NA	NA	NA	Oslo2_original174	0	NOT_EVALUABLE	not_in_18_metabolite_panel	Oslo2	KEGG:C00099|UPB1	NA
BRCA	Oslo2	06_EXTERNAL	20260921T072503Z_oslo_tang_external_v1	oslo_tang_external_v1	tumor_spearman_permutation	KEGG:C00106	uracil	DPYD	author_case_identifier	NA	NA	Spearman_rho	NA	NA	NA	NA	NA	Oslo2_original174	0	NOT_EVALUABLE	not_in_18_metabolite_panel	Oslo2	KEGG:C00106|DPYD	NA
BRCA	Oslo2	06_EXTERNAL	20260921T072503Z_oslo_tang_external_v1	oslo_tang_external_v1	tumor_spearman_permutation	KEGG:C00106	uracil	UPP1	author_case_identifier	NA	NA	Spearman_rho	NA	NA	NA	NA	NA	Oslo2_original174	0	NOT_EVALUABLE	not_in_18_metabolite_panel	Oslo2	KEGG:C00106|UPP1	NA
BRCA	Oslo2	06_EXTERNAL	20260921T072503Z_oslo_tang_external_v1	oslo_tang_external_v1	tumor_spearman_permutation	KEGG:C00106	uracil	UPP2	author_case_identifier	NA	NA	Spearman_rho	NA	NA	NA	NA	NA	Oslo2_original174	0	NOT_EVALUABLE	not_in_18_metabolite_panel	Oslo2	KEGG:C00106|UPP2	NA
BRCA	Oslo2	06_EXTERNAL	20260921T072503Z_oslo_tang_external_v1	oslo_tang_external_v1	tumor_spearman_permutation	KEGG:C00114	choline	CHKA	author_case_identifier	NA	NA	Spearman_rho	NA	NA	NA	NA	NA	Oslo2_original174	0	NEEDS_REVIEW	metabolite_present_but_MCOS_to_OSL2_crosswalk_missing	Oslo2	KEGG:C00114|CHKA	Choline
BRCA	Oslo2	06_EXTERNAL	20260921T072503Z_oslo_tang_external_v1	oslo_tang_external_v1	tumor_spearman_permutation	KEGG:C00114	choline	CHKB	author_case_identifier	NA	NA	Spearman_rho	NA	NA	NA	NA	NA	Oslo2_original174	0	NEEDS_REVIEW	metabolite_present_but_MCOS_to_OSL2_crosswalk_missing	Oslo2	KEGG:C00114|CHKB	Choline
BRCA	Oslo2	06_EXTERNAL	20260921T072503Z_oslo_tang_external_v1	oslo_tang_external_v1	tumor_spearman_permutation	KEGG:C00114	choline	GDPD5	author_case_identifier	NA	NA	Spearman_rho	NA	NA	NA	NA	NA	Oslo2_original174	0	NEEDS_REVIEW	metabolite_present_but_MCOS_to_OSL2_crosswalk_missing	Oslo2	KEGG:C00114|GDPD5	Choline
BRCA	Oslo2	06_EXTERNAL	20260921T072503Z_oslo_tang_external_v1	oslo_tang_external_v1	tumor_spearman_permutation	KEGG:C00114	choline	GPCPD1	author_case_identifier	NA	NA	Spearman_rho	NA	NA	NA	NA	NA	Oslo2_original174	0	NEEDS_REVIEW	metabolite_present_but_MCOS_to_OSL2_crosswalk_missing	Oslo2	KEGG:C00114|GPCPD1	Choline
BRCA	Oslo2	06_EXTERNAL	20260921T072503Z_oslo_tang_external_v1	oslo_tang_external_v1	tumor_spearman_permutation	KEGG:C00121	ribose	RBKS	author_case_identifier	NA	NA	Spearman_rho	NA	NA	NA	NA	NA	Oslo2_original174	0	NOT_EVALUABLE	not_in_18_metabolite_panel	Oslo2	KEGG:C00121|RBKS	NA
BRCA	Oslo2	06_EXTERNAL	20260921T072503Z_oslo_tang_external_v1	oslo_tang_external_v1	tumor_spearman_permutation	KEGG:C00134	putrescine	ODC1	author_case_identifier	NA	NA	Spearman_rho	NA	NA	NA	NA	NA	Oslo2_original174	0	NOT_EVALUABLE	not_in_18_metabolite_panel	Oslo2	KEGG:C00134|ODC1	NA
BRCA	Oslo2	06_EXTERNAL	20260921T072503Z_oslo_tang_external_v1	oslo_tang_external_v1	tumor_spearman_permutation	KEGG:C00135	histidine	HAL	author_case_identifier	NA	NA	Spearman_rho	NA	NA	NA	NA	NA	Oslo2_original174	0	NOT_EVALUABLE	not_in_18_metabolite_panel	Oslo2	KEGG:C00135|HAL	NA
BRCA	Oslo2	06_EXTERNAL	20260921T072503Z_oslo_tang_external_v1	oslo_tang_external_v1	tumor_spearman_permutation	KEGG:C00140	N-acetylglucosamine	NAGK	author_case_identifier	NA	NA	Spearman_rho	NA	NA	NA	NA	NA	Oslo2_original174	0	NOT_EVALUABLE	not_in_18_metabolite_panel	Oslo2	KEGG:C00140|NAGK	NA
BRCA	Oslo2	06_EXTERNAL	20260921T072503Z_oslo_tang_external_v1	oslo_tang_external_v1	tumor_spearman_permutation	KEGG:C00148	proline	PEPD	author_case_identifier	NA	NA	Spearman_rho	NA	NA	NA	NA	NA	Oslo2_original174	0	NOT_EVALUABLE	not_in_18_metabolite_panel	Oslo2	KEGG:C00148|PEPD	NA
BRCA	Oslo2	06_EXTERNAL	20260921T072503Z_oslo_tang_external_v1	oslo_tang_external_v1	tumor_spearman_permutation	KEGG:C00148	proline	PRODH	author_case_identifier	NA	NA	Spearman_rho	NA	NA	NA	NA	NA	Oslo2_original174	0	NOT_EVALUABLE	not_in_18_metabolite_panel	Oslo2	KEGG:C00148|PRODH	NA
BRCA	Oslo2	06_EXTERNAL	20260921T072503Z_oslo_tang_external_v1	oslo_tang_external_v1	tumor_spearman_permutation	KEGG:C00148	proline	PYCR1	author_case_identifier	NA	NA	Spearman_rho	NA	NA	NA	NA	NA	Oslo2_original174	0	NOT_EVALUABLE	not_in_18_metabolite_panel	Oslo2	KEGG:C00148|PYCR1	NA
BRCA	Oslo2	06_EXTERNAL	20260921T072503Z_oslo_tang_external_v1	oslo_tang_external_v1	tumor_spearman_permutation	KEGG:C00148	proline	PYCR2	author_case_identifier	NA	NA	Spearman_rho	NA	NA	NA	NA	NA	Oslo2_original174	0	NOT_EVALUABLE	not_in_18_metabolite_panel	Oslo2	KEGG:C00148|PYCR2	NA
BRCA	Oslo2	06_EXTERNAL	20260921T072503Z_oslo_tang_external_v1	oslo_tang_external_v1	tumor_spearman_permutation	KEGG:C00148	proline	PYCR3	author_case_identifier	NA	NA	Spearman_rho	NA	NA	NA	NA	NA	Oslo2_original174	0	NOT_EVALUABLE	not_in_18_metabolite_panel	Oslo2	KEGG:C00148|PYCR3	NA
BRCA	Oslo2	06_EXTERNAL	20260921T072503Z_oslo_tang_external_v1	oslo_tang_external_v1	tumor_spearman_permutation	KEGG:C00149	malate	FH	author_case_identifier	NA	NA	Spearman_rho	NA	NA	NA	NA	NA	Oslo2_original174	0	NOT_EVALUABLE	not_in_18_metabolite_panel	Oslo2	KEGG:C00149|FH	NA
BRCA	Oslo2	06_EXTERNAL	20260921T072503Z_oslo_tang_external_v1	oslo_tang_external_v1	tumor_spearman_permutation	KEGG:C00149	malate	MDH1	author_case_identifier	NA	NA	Spearman_rho	NA	NA	NA	NA	NA	Oslo2_original174	0	NOT_EVALUABLE	not_in_18_metabolite_panel	Oslo2	KEGG:C00149|MDH1	NA
BRCA	Oslo2	06_EXTERNAL	20260921T072503Z_oslo_tang_external_v1	oslo_tang_external_v1	tumor_spearman_permutation	KEGG:C00149	malate	MDH2	author_case_identifier	NA	NA	Spearman_rho	NA	NA	NA	NA	NA	Oslo2_original174	0	NOT_EVALUABLE	not_in_18_metabolite_panel	Oslo2	KEGG:C00149|MDH2	NA
BRCA	Oslo2	06_EXTERNAL	20260921T072503Z_oslo_tang_external_v1	oslo_tang_external_v1	tumor_spearman_permutation	KEGG:C00152	asparagine	ASNS	author_case_identifier	NA	NA	Spearman_rho	NA	NA	NA	NA	NA	Oslo2_original174	0	NOT_EVALUABLE	not_in_18_metabolite_panel	Oslo2	KEGG:C00152|ASNS	NA
BRCA	Oslo2	06_EXTERNAL	20260921T072503Z_oslo_tang_external_v1	oslo_tang_external_v1	tumor_spearman_permutation	KEGG:C00153	nicotinamide	NAMPT	author_case_identifier	NA	NA	Spearman_rho	NA	NA	NA	NA	NA	Oslo2_original174	0	NOT_EVALUABLE	not_in_18_metabolite_panel	Oslo2	KEGG:C00153|NAMPT	NA
BRCA	Oslo2	06_EXTERNAL	20260921T072503Z_oslo_tang_external_v1	oslo_tang_external_v1	tumor_spearman_permutation	KEGG:C00153	nicotinamide	NNMT	author_case_identifier	NA	NA	Spearman_rho	NA	NA	NA	NA	NA	Oslo2_original174	0	NOT_EVALUABLE	not_in_18_metabolite_panel	Oslo2	KEGG:C00153|NNMT	NA
BRCA	Oslo2	06_EXTERNAL	20260921T072503Z_oslo_tang_external_v1	oslo_tang_external_v1	tumor_spearman_permutation	KEGG:C00158	citrate	ACLY	author_case_identifier	NA	NA	Spearman_rho	NA	NA	NA	NA	NA	Oslo2_original174	0	NOT_EVALUABLE	not_in_18_metabolite_panel	Oslo2	KEGG:C00158|ACLY	NA
BRCA	Oslo2	06_EXTERNAL	20260921T072503Z_oslo_tang_external_v1	oslo_tang_external_v1	tumor_spearman_permutation	KEGG:C00158	citrate	CS	author_case_identifier	NA	NA	Spearman_rho	NA	NA	NA	NA	NA	Oslo2_original174	0	NOT_EVALUABLE	not_in_18_metabolite_panel	Oslo2	KEGG:C00158|CS	NA
BRCA	Oslo2	06_EXTERNAL	20260921T072503Z_oslo_tang_external_v1	oslo_tang_external_v1	tumor_spearman_permutation	KEGG:C00186	lactate	LDHA	author_case_identifier	NA	NA	Spearman_rho	NA	NA	NA	NA	NA	Oslo2_original174	0	NEEDS_REVIEW	stereochemical_or_redox_scope_not_explicit	Oslo2	KEGG:C00186|LDHA	Lactate
BRCA	Oslo2	06_EXTERNAL	20260921T072503Z_oslo_tang_external_v1	oslo_tang_external_v1	tumor_spearman_permutation	KEGG:C00186	lactate	LDHB	author_case_identifier	NA	NA	Spearman_rho	NA	NA	NA	NA	NA	Oslo2_original174	0	NEEDS_REVIEW	stereochemical_or_redox_scope_not_explicit	Oslo2	KEGG:C00186|LDHB	Lactate
BRCA	Oslo2	06_EXTERNAL	20260921T072503Z_oslo_tang_external_v1	oslo_tang_external_v1	tumor_spearman_permutation	KEGG:C00187	cholesterol	SOAT1	author_case_identifier	NA	NA	Spearman_rho	NA	NA	NA	NA	NA	Oslo2_original174	0	NOT_EVALUABLE	not_in_18_metabolite_panel	Oslo2	KEGG:C00187|SOAT1	NA
BRCA	Oslo2	06_EXTERNAL	20260921T072503Z_oslo_tang_external_v1	oslo_tang_external_v1	tumor_spearman_permutation	KEGG:C00187	cholesterol	SOAT2	author_case_identifier	NA	NA	Spearman_rho	NA	NA	NA	NA	NA	Oslo2_original174	0	NOT_EVALUABLE	not_in_18_metabolite_panel	Oslo2	KEGG:C00187|SOAT2	NA
BRCA	Oslo2	06_EXTERNAL	20260921T072503Z_oslo_tang_external_v1	oslo_tang_external_v1	tumor_spearman_permutation	KEGG:C00189	ethanolamine	CHKA	author_case_identifier	NA	NA	Spearman_rho	NA	NA	NA	NA	NA	Oslo2_original174	0	NOT_EVALUABLE	not_in_18_metabolite_panel	Oslo2	KEGG:C00189|CHKA	NA
BRCA	Oslo2	06_EXTERNAL	20260921T072503Z_oslo_tang_external_v1	oslo_tang_external_v1	tumor_spearman_permutation	KEGG:C00189	ethanolamine	CHKB	author_case_identifier	NA	NA	Spearman_rho	NA	NA	NA	NA	NA	Oslo2_original174	0	NOT_EVALUABLE	not_in_18_metabolite_panel	Oslo2	KEGG:C00189|CHKB	NA
BRCA	Oslo2	06_EXTERNAL	20260921T072503Z_oslo_tang_external_v1	oslo_tang_external_v1	tumor_spearman_permutation	KEGG:C00189	ethanolamine	ETNK1	author_case_identifier	NA	NA	Spearman_rho	NA	NA	NA	NA	NA	Oslo2_original174	0	NOT_EVALUABLE	not_in_18_metabolite_panel	Oslo2	KEGG:C00189|ETNK1	NA
BRCA	Oslo2	06_EXTERNAL	20260921T072503Z_oslo_tang_external_v1	oslo_tang_external_v1	tumor_spearman_permutation	KEGG:C00189	ethanolamine	ETNK2	author_case_identifier	NA	NA	Spearman_rho	NA	NA	NA	NA	NA	Oslo2_original174	0	NOT_EVALUABLE	not_in_18_metabolite_panel	Oslo2	KEGG:C00189|ETNK2	NA
BRCA	Oslo2	06_EXTERNAL	20260921T072503Z_oslo_tang_external_v1	oslo_tang_external_v1	tumor_spearman_permutation	KEGG:C00208	maltose	MGAM	author_case_identifier	NA	NA	Spearman_rho	NA	NA	NA	NA	NA	Oslo2_original174	0	NOT_EVALUABLE	not_in_18_metabolite_panel	Oslo2	KEGG:C00208|MGAM	NA
BRCA	Oslo2	06_EXTERNAL	20260921T072503Z_oslo_tang_external_v1	oslo_tang_external_v1	tumor_spearman_permutation	KEGG:C00212	adenosine	ADA	author_case_identifier	NA	NA	Spearman_rho	NA	NA	NA	NA	NA	Oslo2_original174	0	NOT_EVALUABLE	not_in_18_metabolite_panel	Oslo2	KEGG:C00212|ADA	NA
BRCA	Oslo2	06_EXTERNAL	20260921T072503Z_oslo_tang_external_v1	oslo_tang_external_v1	tumor_spearman_permutation	KEGG:C00212	adenosine	ADA2	author_case_identifier	NA	NA	Spearman_rho	NA	NA	NA	NA	NA	Oslo2_original174	0	NOT_EVALUABLE	not_in_18_metabolite_panel	Oslo2	KEGG:C00212|ADA2	NA
BRCA	Oslo2	06_EXTERNAL	20260921T072503Z_oslo_tang_external_v1	oslo_tang_external_v1	tumor_spearman_permutation	KEGG:C00212	adenosine	AHCY	author_case_identifier	NA	NA	Spearman_rho	NA	NA	NA	NA	NA	Oslo2_original174	0	NOT_EVALUABLE	not_in_18_metabolite_panel	Oslo2	KEGG:C00212|AHCY	NA
BRCA	Oslo2	06_EXTERNAL	20260921T072503Z_oslo_tang_external_v1	oslo_tang_external_v1	tumor_spearman_permutation	KEGG:C00242	guanine	GDA	author_case_identifier	NA	NA	Spearman_rho	NA	NA	NA	NA	NA	Oslo2_original174	0	NOT_EVALUABLE	not_in_18_metabolite_panel	Oslo2	KEGG:C00242|GDA	NA
BRCA	Oslo2	06_EXTERNAL	20260921T072503Z_oslo_tang_external_v1	oslo_tang_external_v1	tumor_spearman_permutation	KEGG:C00242	guanine	HPRT1	author_case_identifier	NA	NA	Spearman_rho	NA	NA	NA	NA	NA	Oslo2_original174	0	NOT_EVALUABLE	not_in_18_metabolite_panel	Oslo2	KEGG:C00242|HPRT1	NA
BRCA	Oslo2	06_EXTERNAL	20260921T072503Z_oslo_tang_external_v1	oslo_tang_external_v1	tumor_spearman_permutation	KEGG:C00242	guanine	PNP	author_case_identifier	NA	NA	Spearman_rho	NA	NA	NA	NA	NA	Oslo2_original174	0	NOT_EVALUABLE	not_in_18_metabolite_panel	Oslo2	KEGG:C00242|PNP	NA
BRCA	Oslo2	06_EXTERNAL	20260921T072503Z_oslo_tang_external_v1	oslo_tang_external_v1	tumor_spearman_permutation	KEGG:C00245	taurine	SLC6A6	author_case_identifier	NA	NA	Spearman_rho	NA	NA	NA	NA	NA	Oslo2_original174	0	NEEDS_REVIEW	metabolite_present_but_MCOS_to_OSL2_crosswalk_missing	Oslo2	KEGG:C00245|SLC6A6	Taurine
BRCA	Oslo2	06_EXTERNAL	20260921T072503Z_oslo_tang_external_v1	oslo_tang_external_v1	tumor_spearman_permutation	KEGG:C00255	riboflavin (Vitamin B2)	RFK	author_case_identifier	NA	NA	Spearman_rho	NA	NA	NA	NA	NA	Oslo2_original174	0	NOT_EVALUABLE	not_in_18_metabolite_panel	Oslo2	KEGG:C00255|RFK	NA
BRCA	Oslo2	06_EXTERNAL	20260921T072503Z_oslo_tang_external_v1	oslo_tang_external_v1	tumor_spearman_permutation	KEGG:C00257	gluconate	IDNK	author_case_identifier	NA	NA	Spearman_rho	NA	NA	NA	NA	NA	Oslo2_original174	0	NOT_EVALUABLE	not_in_18_metabolite_panel	Oslo2	KEGG:C00257|IDNK	NA
BRCA	Oslo2	06_EXTERNAL	20260921T072503Z_oslo_tang_external_v1	oslo_tang_external_v1	tumor_spearman_permutation	KEGG:C00262	hypoxanthine	HPRT1	author_case_identifier	NA	NA	Spearman_rho	NA	NA	NA	NA	NA	Oslo2_original174	0	NOT_EVALUABLE	not_in_18_metabolite_panel	Oslo2	KEGG:C00262|HPRT1	NA
BRCA	Oslo2	06_EXTERNAL	20260921T072503Z_oslo_tang_external_v1	oslo_tang_external_v1	tumor_spearman_permutation	KEGG:C00262	hypoxanthine	PNP	author_case_identifier	NA	NA	Spearman_rho	NA	NA	NA	NA	NA	Oslo2_original174	0	NOT_EVALUABLE	not_in_18_metabolite_panel	Oslo2	KEGG:C00262|PNP	NA
BRCA	Oslo2	06_EXTERNAL	20260921T072503Z_oslo_tang_external_v1	oslo_tang_external_v1	tumor_spearman_permutation	KEGG:C00270	N-acetylneuraminate	CMAS	author_case_identifier	NA	NA	Spearman_rho	NA	NA	NA	NA	NA	Oslo2_original174	0	NOT_EVALUABLE	not_in_18_metabolite_panel	Oslo2	KEGG:C00270|CMAS	NA
BRCA	Oslo2	06_EXTERNAL	20260921T072503Z_oslo_tang_external_v1	oslo_tang_external_v1	tumor_spearman_permutation	KEGG:C00270	N-acetylneuraminate	NPL	author_case_identifier	NA	NA	Spearman_rho	NA	NA	NA	NA	NA	Oslo2_original174	0	NOT_EVALUABLE	not_in_18_metabolite_panel	Oslo2	KEGG:C00270|NPL	NA
BRCA	Oslo2	06_EXTERNAL	20260921T072503Z_oslo_tang_external_v1	oslo_tang_external_v1	tumor_spearman_permutation	KEGG:C00275	mannose 6-phosphate	MPI	author_case_identifier	NA	NA	Spearman_rho	NA	NA	NA	NA	NA	Oslo2_original174	0	NOT_EVALUABLE	not_in_18_metabolite_panel	Oslo2	KEGG:C00275|MPI	NA
BRCA	Oslo2	06_EXTERNAL	20260921T072503Z_oslo_tang_external_v1	oslo_tang_external_v1	tumor_spearman_permutation	KEGG:C00275	mannose 6-phosphate	PMM1	author_case_identifier	NA	NA	Spearman_rho	NA	NA	NA	NA	NA	Oslo2_original174	0	NOT_EVALUABLE	not_in_18_metabolite_panel	Oslo2	KEGG:C00275|PMM1	NA
BRCA	Oslo2	06_EXTERNAL	20260921T072503Z_oslo_tang_external_v1	oslo_tang_external_v1	tumor_spearman_permutation	KEGG:C00275	mannose 6-phosphate	PMM2	author_case_identifier	NA	NA	Spearman_rho	NA	NA	NA	NA	NA	Oslo2_original174	0	NOT_EVALUABLE	not_in_18_metabolite_panel	Oslo2	KEGG:C00275|PMM2	NA
BRCA	Oslo2	06_EXTERNAL	20260921T072503Z_oslo_tang_external_v1	oslo_tang_external_v1	tumor_spearman_permutation	KEGG:C00294	inosine	ADA	author_case_identifier	NA	NA	Spearman_rho	NA	NA	NA	NA	NA	Oslo2_original174	0	NOT_EVALUABLE	not_in_18_metabolite_panel	Oslo2	KEGG:C00294|ADA	NA
BRCA	Oslo2	06_EXTERNAL	20260921T072503Z_oslo_tang_external_v1	oslo_tang_external_v1	tumor_spearman_permutation	KEGG:C00294	inosine	ADA2	author_case_identifier	NA	NA	Spearman_rho	NA	NA	NA	NA	NA	Oslo2_original174	0	NOT_EVALUABLE	not_in_18_metabolite_panel	Oslo2	KEGG:C00294|ADA2	NA
BRCA	Oslo2	06_EXTERNAL	20260921T072503Z_oslo_tang_external_v1	oslo_tang_external_v1	tumor_spearman_permutation	KEGG:C00294	inosine	PNP	author_case_identifier	NA	NA	Spearman_rho	NA	NA	NA	NA	NA	Oslo2_original174	0	NOT_EVALUABLE	not_in_18_metabolite_panel	Oslo2	KEGG:C00294|PNP	NA
BRCA	Oslo2	06_EXTERNAL	20260921T072503Z_oslo_tang_external_v1	oslo_tang_external_v1	tumor_spearman_permutation	KEGG:C00300	creatine	CKB	author_case_identifier	NA	NA	Spearman_rho	NA	NA	NA	NA	NA	Oslo2_original174	0	NEEDS_REVIEW	metabolite_present_but_MCOS_to_OSL2_crosswalk_missing	Oslo2	KEGG:C00300|CKB	Creatine
BRCA	Oslo2	06_EXTERNAL	20260921T072503Z_oslo_tang_external_v1	oslo_tang_external_v1	tumor_spearman_permutation	KEGG:C00300	creatine	CKM	author_case_identifier	NA	NA	Spearman_rho	NA	NA	NA	NA	NA	Oslo2_original174	0	NEEDS_REVIEW	metabolite_present_but_MCOS_to_OSL2_crosswalk_missing	Oslo2	KEGG:C00300|CKM	Creatine
BRCA	Oslo2	06_EXTERNAL	20260921T072503Z_oslo_tang_external_v1	oslo_tang_external_v1	tumor_spearman_permutation	KEGG:C00300	creatine	GAMT	author_case_identifier	NA	NA	Spearman_rho	NA	NA	NA	NA	NA	Oslo2_original174	0	NEEDS_REVIEW	metabolite_present_but_MCOS_to_OSL2_crosswalk_missing	Oslo2	KEGG:C00300|GAMT	Creatine
BRCA	Oslo2	06_EXTERNAL	20260921T072503Z_oslo_tang_external_v1	oslo_tang_external_v1	tumor_spearman_permutation	KEGG:C00300	creatine	SLC6A8	author_case_identifier	NA	NA	Spearman_rho	NA	NA	NA	NA	NA	Oslo2_original174	0	NEEDS_REVIEW	metabolite_present_but_MCOS_to_OSL2_crosswalk_missing	Oslo2	KEGG:C00300|SLC6A8	Creatine
BRCA	Oslo2	06_EXTERNAL	20260921T072503Z_oslo_tang_external_v1	oslo_tang_external_v1	tumor_spearman_permutation	KEGG:C00307	cytidine 5'-diphosphocholine	CEPT1	author_case_identifier	NA	NA	Spearman_rho	NA	NA	NA	NA	NA	Oslo2_original174	0	NOT_EVALUABLE	not_in_18_metabolite_panel	Oslo2	KEGG:C00307|CEPT1	NA
BRCA	Oslo2	06_EXTERNAL	20260921T072503Z_oslo_tang_external_v1	oslo_tang_external_v1	tumor_spearman_permutation	KEGG:C00307	cytidine 5'-diphosphocholine	CHPT1	author_case_identifier	NA	NA	Spearman_rho	NA	NA	NA	NA	NA	Oslo2_original174	0	NOT_EVALUABLE	not_in_18_metabolite_panel	Oslo2	KEGG:C00307|CHPT1	NA
BRCA	Oslo2	06_EXTERNAL	20260921T072503Z_oslo_tang_external_v1	oslo_tang_external_v1	tumor_spearman_permutation	KEGG:C00307	cytidine 5'-diphosphocholine	PCYT1A	author_case_identifier	NA	NA	Spearman_rho	NA	NA	NA	NA	NA	Oslo2_original174	0	NOT_EVALUABLE	not_in_18_metabolite_panel	Oslo2	KEGG:C00307|PCYT1A	NA
BRCA	Oslo2	06_EXTERNAL	20260921T072503Z_oslo_tang_external_v1	oslo_tang_external_v1	tumor_spearman_permutation	KEGG:C00307	cytidine 5'-diphosphocholine	PCYT1B	author_case_identifier	NA	NA	Spearman_rho	NA	NA	NA	NA	NA	Oslo2_original174	0	NOT_EVALUABLE	not_in_18_metabolite_panel	Oslo2	KEGG:C00307|PCYT1B	NA
BRCA	Oslo2	06_EXTERNAL	20260921T072503Z_oslo_tang_external_v1	oslo_tang_external_v1	tumor_spearman_permutation	KEGG:C00319	sphingosine	SPHK1	author_case_identifier	NA	NA	Spearman_rho	NA	NA	NA	NA	NA	Oslo2_original174	0	NOT_EVALUABLE	not_in_18_metabolite_panel	Oslo2	KEGG:C00319|SPHK1	NA
BRCA	Oslo2	06_EXTERNAL	20260921T072503Z_oslo_tang_external_v1	oslo_tang_external_v1	tumor_spearman_permutation	KEGG:C00319	sphingosine	SPHK2	author_case_identifier	NA	NA	Spearman_rho	NA	NA	NA	NA	NA	Oslo2_original174	0	NOT_EVALUABLE	not_in_18_metabolite_panel	Oslo2	KEGG:C00319|SPHK2	NA
BRCA	Oslo2	06_EXTERNAL	20260921T072503Z_oslo_tang_external_v1	oslo_tang_external_v1	tumor_spearman_permutation	KEGG:C00327	citrulline	ASS1	author_case_identifier	NA	NA	Spearman_rho	NA	NA	NA	NA	NA	Oslo2_original174	0	NOT_EVALUABLE	not_in_18_metabolite_panel	Oslo2	KEGG:C00327|ASS1	NA
BRCA	Oslo2	06_EXTERNAL	20260921T072503Z_oslo_tang_external_v1	oslo_tang_external_v1	tumor_spearman_permutation	KEGG:C00327	citrulline	OTC	author_case_identifier	NA	NA	Spearman_rho	NA	NA	NA	NA	NA	Oslo2_original174	0	NOT_EVALUABLE	not_in_18_metabolite_panel	Oslo2	KEGG:C00327|OTC	NA
BRCA	Oslo2	06_EXTERNAL	20260921T072503Z_oslo_tang_external_v1	oslo_tang_external_v1	tumor_spearman_permutation	KEGG:C00328	kynurenine	AFMID	author_case_identifier	NA	NA	Spearman_rho	NA	NA	NA	NA	NA	Oslo2_original174	0	NOT_EVALUABLE	not_in_18_metabolite_panel	Oslo2	KEGG:C00328|AFMID	NA
BRCA	Oslo2	06_EXTERNAL	20260921T072503Z_oslo_tang_external_v1	oslo_tang_external_v1	tumor_spearman_permutation	KEGG:C00328	kynurenine	KMO	author_case_identifier	NA	NA	Spearman_rho	NA	NA	NA	NA	NA	Oslo2_original174	0	NOT_EVALUABLE	not_in_18_metabolite_panel	Oslo2	KEGG:C00328|KMO	NA
BRCA	Oslo2	06_EXTERNAL	20260921T072503Z_oslo_tang_external_v1	oslo_tang_external_v1	tumor_spearman_permutation	KEGG:C00328	kynurenine	KYNU	author_case_identifier	NA	NA	Spearman_rho	NA	NA	NA	NA	NA	Oslo2_original174	0	NOT_EVALUABLE	not_in_18_metabolite_panel	Oslo2	KEGG:C00328|KYNU	NA
BRCA	Oslo2	06_EXTERNAL	20260921T072503Z_oslo_tang_external_v1	oslo_tang_external_v1	tumor_spearman_permutation	KEGG:C00345	6-phosphogluconate	IDNK	author_case_identifier	NA	NA	Spearman_rho	NA	NA	NA	NA	NA	Oslo2_original174	0	NOT_EVALUABLE	not_in_18_metabolite_panel	Oslo2	KEGG:C00345|IDNK	NA
BRCA	Oslo2	06_EXTERNAL	20260921T072503Z_oslo_tang_external_v1	oslo_tang_external_v1	tumor_spearman_permutation	KEGG:C00345	6-phosphogluconate	PGD	author_case_identifier	NA	NA	Spearman_rho	NA	NA	NA	NA	NA	Oslo2_original174	0	NOT_EVALUABLE	not_in_18_metabolite_panel	Oslo2	KEGG:C00345|PGD	NA
BRCA	Oslo2	06_EXTERNAL	20260921T072503Z_oslo_tang_external_v1	oslo_tang_external_v1	tumor_spearman_permutation	KEGG:C00346	phosphoethanolamine	CHKA	author_case_identifier	NA	NA	Spearman_rho	NA	NA	NA	NA	NA	Oslo2_original174	0	NOT_EVALUABLE	not_in_18_metabolite_panel	Oslo2	KEGG:C00346|CHKA	NA
BRCA	Oslo2	06_EXTERNAL	20260921T072503Z_oslo_tang_external_v1	oslo_tang_external_v1	tumor_spearman_permutation	KEGG:C00346	phosphoethanolamine	CHKB	author_case_identifier	NA	NA	Spearman_rho	NA	NA	NA	NA	NA	Oslo2_original174	0	NOT_EVALUABLE	not_in_18_metabolite_panel	Oslo2	KEGG:C00346|CHKB	NA
BRCA	Oslo2	06_EXTERNAL	20260921T072503Z_oslo_tang_external_v1	oslo_tang_external_v1	tumor_spearman_permutation	KEGG:C00346	phosphoethanolamine	ETNK1	author_case_identifier	NA	NA	Spearman_rho	NA	NA	NA	NA	NA	Oslo2_original174	0	NOT_EVALUABLE	not_in_18_metabolite_panel	Oslo2	KEGG:C00346|ETNK1	NA
BRCA	Oslo2	06_EXTERNAL	20260921T072503Z_oslo_tang_external_v1	oslo_tang_external_v1	tumor_spearman_permutation	KEGG:C00346	phosphoethanolamine	ETNK2	author_case_identifier	NA	NA	Spearman_rho	NA	NA	NA	NA	NA	Oslo2_original174	0	NOT_EVALUABLE	not_in_18_metabolite_panel	Oslo2	KEGG:C00346|ETNK2	NA
BRCA	Oslo2	06_EXTERNAL	20260921T072503Z_oslo_tang_external_v1	oslo_tang_external_v1	tumor_spearman_permutation	KEGG:C00346	phosphoethanolamine	PCYT2	author_case_identifier	NA	NA	Spearman_rho	NA	NA	NA	NA	NA	Oslo2_original174	0	NOT_EVALUABLE	not_in_18_metabolite_panel	Oslo2	KEGG:C00346|PCYT2	NA
BRCA	Oslo2	06_EXTERNAL	20260921T072503Z_oslo_tang_external_v1	oslo_tang_external_v1	tumor_spearman_permutation	KEGG:C00357	N-acetylglucosamine 6-phosphate	AMDHD2	author_case_identifier	NA	NA	Spearman_rho	NA	NA	NA	NA	NA	Oslo2_original174	0	NOT_EVALUABLE	not_in_18_metabolite_panel	Oslo2	KEGG:C00357|AMDHD2	NA
BRCA	Oslo2	06_EXTERNAL	20260921T072503Z_oslo_tang_external_v1	oslo_tang_external_v1	tumor_spearman_permutation	KEGG:C00357	N-acetylglucosamine 6-phosphate	GNPNAT1	author_case_identifier	NA	NA	Spearman_rho	NA	NA	NA	NA	NA	Oslo2_original174	0	NOT_EVALUABLE	not_in_18_metabolite_panel	Oslo2	KEGG:C00357|GNPNAT1	NA
BRCA	Oslo2	06_EXTERNAL	20260921T072503Z_oslo_tang_external_v1	oslo_tang_external_v1	tumor_spearman_permutation	KEGG:C00357	N-acetylglucosamine 6-phosphate	NAGK	author_case_identifier	NA	NA	Spearman_rho	NA	NA	NA	NA	NA	Oslo2_original174	0	NOT_EVALUABLE	not_in_18_metabolite_panel	Oslo2	KEGG:C00357|NAGK	NA
BRCA	Oslo2	06_EXTERNAL	20260921T072503Z_oslo_tang_external_v1	oslo_tang_external_v1	tumor_spearman_permutation	KEGG:C00357	N-acetylglucosamine 6-phosphate	PGM3	author_case_identifier	NA	NA	Spearman_rho	NA	NA	NA	NA	NA	Oslo2_original174	0	NOT_EVALUABLE	not_in_18_metabolite_panel	Oslo2	KEGG:C00357|PGM3	NA
BRCA	Oslo2	06_EXTERNAL	20260921T072503Z_oslo_tang_external_v1	oslo_tang_external_v1	tumor_spearman_permutation	KEGG:C00385	xanthine	GDA	author_case_identifier	NA	NA	Spearman_rho	NA	NA	NA	NA	NA	Oslo2_original174	0	NOT_EVALUABLE	not_in_18_metabolite_panel	Oslo2	KEGG:C00385|GDA	NA
BRCA	Oslo2	06_EXTERNAL	20260921T072503Z_oslo_tang_external_v1	oslo_tang_external_v1	tumor_spearman_permutation	KEGG:C00407	isoleucine	BCAT1	author_case_identifier	NA	NA	Spearman_rho	NA	NA	NA	NA	NA	Oslo2_original174	0	NOT_EVALUABLE	not_in_18_metabolite_panel	Oslo2	KEGG:C00407|BCAT1	NA
BRCA	Oslo2	06_EXTERNAL	20260921T072503Z_oslo_tang_external_v1	oslo_tang_external_v1	tumor_spearman_permutation	KEGG:C00407	isoleucine	BCAT2	author_case_identifier	NA	NA	Spearman_rho	NA	NA	NA	NA	NA	Oslo2_original174	0	NOT_EVALUABLE	not_in_18_metabolite_panel	Oslo2	KEGG:C00407|BCAT2	NA
BRCA	Oslo2	06_EXTERNAL	20260921T072503Z_oslo_tang_external_v1	oslo_tang_external_v1	tumor_spearman_permutation	KEGG:C00429	5,6-dihydrouracil	DPYD	author_case_identifier	NA	NA	Spearman_rho	NA	NA	NA	NA	NA	Oslo2_original174	0	NOT_EVALUABLE	not_in_18_metabolite_panel	Oslo2	KEGG:C00429|DPYD	NA
BRCA	Oslo2	06_EXTERNAL	20260921T072503Z_oslo_tang_external_v1	oslo_tang_external_v1	tumor_spearman_permutation	KEGG:C00429	5,6-dihydrouracil	DPYS	author_case_identifier	NA	NA	Spearman_rho	NA	NA	NA	NA	NA	Oslo2_original174	0	NOT_EVALUABLE	not_in_18_metabolite_panel	Oslo2	KEGG:C00429|DPYS	NA
BRCA	Oslo2	06_EXTERNAL	20260921T072503Z_oslo_tang_external_v1	oslo_tang_external_v1	tumor_spearman_permutation	KEGG:C00491	cystine	CTNS	author_case_identifier	NA	NA	Spearman_rho	NA	NA	NA	NA	NA	Oslo2_original174	0	NOT_EVALUABLE	not_in_18_metabolite_panel	Oslo2	KEGG:C00491|CTNS	NA
BRCA	Oslo2	06_EXTERNAL	20260921T072503Z_oslo_tang_external_v1	oslo_tang_external_v1	tumor_spearman_permutation	KEGG:C00491	cystine	SLC7A11	author_case_identifier	NA	NA	Spearman_rho	NA	NA	NA	NA	NA	Oslo2_original174	0	NOT_EVALUABLE	not_in_18_metabolite_panel	Oslo2	KEGG:C00491|SLC7A11	NA
BRCA	Oslo2	06_EXTERNAL	20260921T072503Z_oslo_tang_external_v1	oslo_tang_external_v1	tumor_spearman_permutation	KEGG:C00668	glucose 6-phosphate	GPI	author_case_identifier	NA	NA	Spearman_rho	NA	NA	NA	NA	NA	Oslo2_original174	0	NOT_EVALUABLE	not_in_18_metabolite_panel	Oslo2	KEGG:C00668|GPI	NA
BRCA	Oslo2	06_EXTERNAL	20260921T072503Z_oslo_tang_external_v1	oslo_tang_external_v1	tumor_spearman_permutation	KEGG:C00670	glycerophosphorylcholine (GPC)	GDPD5	author_case_identifier	NA	NA	Spearman_rho	NA	NA	NA	NA	NA	Oslo2_original174	0	NEEDS_REVIEW	metabolite_present_but_MCOS_to_OSL2_crosswalk_missing	Oslo2	KEGG:C00670|GDPD5	Glycerophosphocholine
BRCA	Oslo2	06_EXTERNAL	20260921T072503Z_oslo_tang_external_v1	oslo_tang_external_v1	tumor_spearman_permutation	KEGG:C00670	glycerophosphorylcholine (GPC)	GPCPD1	author_case_identifier	NA	NA	Spearman_rho	NA	NA	NA	NA	NA	Oslo2_original174	0	NEEDS_REVIEW	metabolite_present_but_MCOS_to_OSL2_crosswalk_missing	Oslo2	KEGG:C00670|GPCPD1	Glycerophosphocholine
BRCA	Oslo2	06_EXTERNAL	20260921T072503Z_oslo_tang_external_v1	oslo_tang_external_v1	tumor_spearman_permutation	KEGG:C00751	squalene	FDFT1	author_case_identifier	NA	NA	Spearman_rho	NA	NA	NA	NA	NA	Oslo2_original174	0	NOT_EVALUABLE	not_in_18_metabolite_panel	Oslo2	KEGG:C00751|FDFT1	NA
BRCA	Oslo2	06_EXTERNAL	20260921T072503Z_oslo_tang_external_v1	oslo_tang_external_v1	tumor_spearman_permutation	KEGG:C00751	squalene	SQLE	author_case_identifier	NA	NA	Spearman_rho	NA	NA	NA	NA	NA	Oslo2_original174	0	NOT_EVALUABLE	not_in_18_metabolite_panel	Oslo2	KEGG:C00751|SQLE	NA
BRCA	Oslo2	06_EXTERNAL	20260921T072503Z_oslo_tang_external_v1	oslo_tang_external_v1	tumor_spearman_permutation	KEGG:C00794	sorbitol	SORD	author_case_identifier	NA	NA	Spearman_rho	NA	NA	NA	NA	NA	Oslo2_original174	0	NOT_EVALUABLE	not_in_18_metabolite_panel	Oslo2	KEGG:C00794|SORD	NA
BRCA	Oslo2	06_EXTERNAL	20260921T072503Z_oslo_tang_external_v1	oslo_tang_external_v1	tumor_spearman_permutation	KEGG:C00864	pantothenate	PANK1	author_case_identifier	NA	NA	Spearman_rho	NA	NA	NA	NA	NA	Oslo2_original174	0	NOT_EVALUABLE	not_in_18_metabolite_panel	Oslo2	KEGG:C00864|PANK1	NA
BRCA	Oslo2	06_EXTERNAL	20260921T072503Z_oslo_tang_external_v1	oslo_tang_external_v1	tumor_spearman_permutation	KEGG:C00864	pantothenate	PANK2	author_case_identifier	NA	NA	Spearman_rho	NA	NA	NA	NA	NA	Oslo2_original174	0	NOT_EVALUABLE	not_in_18_metabolite_panel	Oslo2	KEGG:C00864|PANK2	NA
BRCA	Oslo2	06_EXTERNAL	20260921T072503Z_oslo_tang_external_v1	oslo_tang_external_v1	tumor_spearman_permutation	KEGG:C00864	pantothenate	PANK3	author_case_identifier	NA	NA	Spearman_rho	NA	NA	NA	NA	NA	Oslo2_original174	0	NOT_EVALUABLE	not_in_18_metabolite_panel	Oslo2	KEGG:C00864|PANK3	NA
BRCA	Oslo2	06_EXTERNAL	20260921T072503Z_oslo_tang_external_v1	oslo_tang_external_v1	tumor_spearman_permutation	KEGG:C01157	trans-4-hydroxyproline	PRODH2	author_case_identifier	NA	NA	Spearman_rho	NA	NA	NA	NA	NA	Oslo2_original174	0	NOT_EVALUABLE	not_in_18_metabolite_panel	Oslo2	KEGG:C01157|PRODH2	NA
BRCA	Oslo2	06_EXTERNAL	20260921T072503Z_oslo_tang_external_v1	oslo_tang_external_v1	tumor_spearman_permutation	KEGG:C01179	4-hydroxyphenylpyruvate	HPD	author_case_identifier	NA	NA	Spearman_rho	NA	NA	NA	NA	NA	Oslo2_original174	0	NOT_EVALUABLE	not_in_18_metabolite_panel	Oslo2	KEGG:C01179|HPD	NA
BRCA	Oslo2	06_EXTERNAL	20260921T072503Z_oslo_tang_external_v1	oslo_tang_external_v1	tumor_spearman_permutation	KEGG:C01179	4-hydroxyphenylpyruvate	TAT	author_case_identifier	NA	NA	Spearman_rho	NA	NA	NA	NA	NA	Oslo2_original174	0	NOT_EVALUABLE	not_in_18_metabolite_panel	Oslo2	KEGG:C01179|TAT	NA
BRCA	Oslo2	06_EXTERNAL	20260921T072503Z_oslo_tang_external_v1	oslo_tang_external_v1	tumor_spearman_permutation	KEGG:C01181	deoxycarnitine	BBOX1	author_case_identifier	NA	NA	Spearman_rho	NA	NA	NA	NA	NA	Oslo2_original174	0	NOT_EVALUABLE	not_in_18_metabolite_panel	Oslo2	KEGG:C01181|BBOX1	NA
BRCA	Oslo2	06_EXTERNAL	20260921T072503Z_oslo_tang_external_v1	oslo_tang_external_v1	tumor_spearman_permutation	KEGG:C01835	maltotriose	MGAM	author_case_identifier	NA	NA	Spearman_rho	NA	NA	NA	NA	NA	Oslo2_original174	0	NOT_EVALUABLE	not_in_18_metabolite_panel	Oslo2	KEGG:C01835|MGAM	NA
BRCA	Oslo2	06_EXTERNAL	20260921T072503Z_oslo_tang_external_v1	oslo_tang_external_v1	tumor_spearman_permutation	KEGG:C02838	octanoylcarnitine (C8)	CRAT	author_case_identifier	NA	NA	Spearman_rho	NA	NA	NA	NA	NA	Oslo2_original174	0	NOT_EVALUABLE	not_in_18_metabolite_panel	Oslo2	KEGG:C02838|CRAT	NA
BRCA	Oslo2	06_EXTERNAL	20260921T072503Z_oslo_tang_external_v1	oslo_tang_external_v1	tumor_spearman_permutation	KEGG:C02838	octanoylcarnitine (C8)	CROT	author_case_identifier	NA	NA	Spearman_rho	NA	NA	NA	NA	NA	Oslo2_original174	0	NOT_EVALUABLE	not_in_18_metabolite_panel	Oslo2	KEGG:C02838|CROT	NA
BRCA	Oslo2	06_EXTERNAL	20260921T072503Z_oslo_tang_external_v1	oslo_tang_external_v1	tumor_spearman_permutation	KEGG:C02862	butyrylcarnitine	CRAT	author_case_identifier	NA	NA	Spearman_rho	NA	NA	NA	NA	NA	Oslo2_original174	0	NOT_EVALUABLE	not_in_18_metabolite_panel	Oslo2	KEGG:C02862|CRAT	NA
BRCA	Oslo2	06_EXTERNAL	20260921T072503Z_oslo_tang_external_v1	oslo_tang_external_v1	tumor_spearman_permutation	KEGG:C02918	1-methylnicotinamide	AOX1	author_case_identifier	NA	NA	Spearman_rho	NA	NA	NA	NA	NA	Oslo2_original174	0	NOT_EVALUABLE	not_in_18_metabolite_panel	Oslo2	KEGG:C02918|AOX1	NA
BRCA	Oslo2	06_EXTERNAL	20260921T072503Z_oslo_tang_external_v1	oslo_tang_external_v1	tumor_spearman_permutation	KEGG:C02918	1-methylnicotinamide	NNMT	author_case_identifier	NA	NA	Spearman_rho	NA	NA	NA	NA	NA	Oslo2_original174	0	NOT_EVALUABLE	not_in_18_metabolite_panel	Oslo2	KEGG:C02918|NNMT	NA
BRCA	Oslo2	06_EXTERNAL	20260921T072503Z_oslo_tang_external_v1	oslo_tang_external_v1	tumor_spearman_permutation	KEGG:C02990	palmitoylcarnitine	CPT1A	author_case_identifier	NA	NA	Spearman_rho	NA	NA	NA	NA	NA	Oslo2_original174	0	NOT_EVALUABLE	not_in_18_metabolite_panel	Oslo2	KEGG:C02990|CPT1A	NA
BRCA	Oslo2	06_EXTERNAL	20260921T072503Z_oslo_tang_external_v1	oslo_tang_external_v1	tumor_spearman_permutation	KEGG:C02990	palmitoylcarnitine	CPT1B	author_case_identifier	NA	NA	Spearman_rho	NA	NA	NA	NA	NA	Oslo2_original174	0	NOT_EVALUABLE	not_in_18_metabolite_panel	Oslo2	KEGG:C02990|CPT1B	NA
BRCA	Oslo2	06_EXTERNAL	20260921T072503Z_oslo_tang_external_v1	oslo_tang_external_v1	tumor_spearman_permutation	KEGG:C02990	palmitoylcarnitine	CPT2	author_case_identifier	NA	NA	Spearman_rho	NA	NA	NA	NA	NA	Oslo2_original174	0	NOT_EVALUABLE	not_in_18_metabolite_panel	Oslo2	KEGG:C02990|CPT2	NA
BRCA	Oslo2	06_EXTERNAL	20260921T072503Z_oslo_tang_external_v1	oslo_tang_external_v1	tumor_spearman_permutation	KEGG:C04006	inositol 1-phosphate (I1P)	IMPA1	author_case_identifier	NA	NA	Spearman_rho	NA	NA	NA	NA	NA	Oslo2_original174	0	NOT_EVALUABLE	not_in_18_metabolite_panel	Oslo2	KEGG:C04006|IMPA1	NA
BRCA	Oslo2	06_EXTERNAL	20260921T072503Z_oslo_tang_external_v1	oslo_tang_external_v1	tumor_spearman_permutation	KEGG:C04006	inositol 1-phosphate (I1P)	IMPA2	author_case_identifier	NA	NA	Spearman_rho	NA	NA	NA	NA	NA	Oslo2_original174	0	NOT_EVALUABLE	not_in_18_metabolite_panel	Oslo2	KEGG:C04006|IMPA2	NA
BRCA	Oslo2	06_EXTERNAL	20260921T072503Z_oslo_tang_external_v1	oslo_tang_external_v1	tumor_spearman_permutation	KEGG:C05282	gamma-glutamylglutamate	FOLH1	author_case_identifier	NA	NA	Spearman_rho	NA	NA	NA	NA	NA	Oslo2_original174	0	NOT_EVALUABLE	not_in_18_metabolite_panel	Oslo2	KEGG:C05282|FOLH1	NA
BRCA	Oslo2	06_EXTERNAL	20260921T072503Z_oslo_tang_external_v1	oslo_tang_external_v1	tumor_spearman_permutation	KEGG:C05345	fructose-6-phosphate	GPI	author_case_identifier	NA	NA	Spearman_rho	NA	NA	NA	NA	NA	Oslo2_original174	0	NOT_EVALUABLE	not_in_18_metabolite_panel	Oslo2	KEGG:C05345|GPI	NA
BRCA	Oslo2	06_EXTERNAL	20260921T072503Z_oslo_tang_external_v1	oslo_tang_external_v1	tumor_spearman_permutation	KEGG:C05345	fructose-6-phosphate	MPI	author_case_identifier	NA	NA	Spearman_rho	NA	NA	NA	NA	NA	Oslo2_original174	0	NOT_EVALUABLE	not_in_18_metabolite_panel	Oslo2	KEGG:C05345|MPI	NA
BRCA	Oslo2	06_EXTERNAL	20260921T072503Z_oslo_tang_external_v1	oslo_tang_external_v1	tumor_spearman_permutation	KEGG:C05345	fructose-6-phosphate	PFKL	author_case_identifier	NA	NA	Spearman_rho	NA	NA	NA	NA	NA	Oslo2_original174	0	NOT_EVALUABLE	not_in_18_metabolite_panel	Oslo2	KEGG:C05345|PFKL	NA
BRCA	Oslo2	06_EXTERNAL	20260921T072503Z_oslo_tang_external_v1	oslo_tang_external_v1	tumor_spearman_permutation	KEGG:C05345	fructose-6-phosphate	PFKM	author_case_identifier	NA	NA	Spearman_rho	NA	NA	NA	NA	NA	Oslo2_original174	0	NOT_EVALUABLE	not_in_18_metabolite_panel	Oslo2	KEGG:C05345|PFKM	NA
BRCA	Oslo2	06_EXTERNAL	20260921T072503Z_oslo_tang_external_v1	oslo_tang_external_v1	tumor_spearman_permutation	KEGG:C05345	fructose-6-phosphate	PFKP	author_case_identifier	NA	NA	Spearman_rho	NA	NA	NA	NA	NA	Oslo2_original174	0	NOT_EVALUABLE	not_in_18_metabolite_panel	Oslo2	KEGG:C05345|PFKP	NA
BRCA	Oslo2	06_EXTERNAL	20260921T072503Z_oslo_tang_external_v1	oslo_tang_external_v1	tumor_spearman_permutation	KEGG:C12270	N-acetyl-aspartyl-glutamate (NAAG)	FOLH1	author_case_identifier	NA	NA	Spearman_rho	NA	NA	NA	NA	NA	Oslo2_original174	0	NOT_EVALUABLE	not_in_18_metabolite_panel	Oslo2	KEGG:C12270|FOLH1	NA
