gene	historical_relation_id	historical_mapping_version	metabolite_key	metabolite_name	source_table	new_statistics_inherited
AK4	06aa70a038d72feb	PDAC_exact_human_annotation_v1	KEGG:C00239	2'-deoxycytidine 5'-monophosphate	results/PDAC/02_MAPPING/20260920T111500Z_direct_mapping_v1/direct_relations_v1.tsv	False
AK9	827fb326cb828c22	PDAC_exact_human_annotation_v1	KEGG:C00239	2'-deoxycytidine 5'-monophosphate	results/PDAC/02_MAPPING/20260920T111500Z_direct_mapping_v1/direct_relations_v1.tsv	False
CMPK2	4e8bba84f6d0b093	PDAC_exact_human_annotation_v1	KEGG:C00239	2'-deoxycytidine 5'-monophosphate	results/PDAC/02_MAPPING/20260920T111500Z_direct_mapping_v1/direct_relations_v1.tsv	False
DCK	50ce4159f30bf050	PDAC_exact_human_annotation_v1	KEGG:C00239	2'-deoxycytidine 5'-monophosphate	results/PDAC/02_MAPPING/20260920T111500Z_direct_mapping_v1/direct_relations_v1.tsv	False
DCTD	ae3f341b021c2678	PDAC_exact_human_annotation_v1	KEGG:C00239	2'-deoxycytidine 5'-monophosphate	results/PDAC/02_MAPPING/20260920T111500Z_direct_mapping_v1/direct_relations_v1.tsv	False
DCTPP1	ec71abfba826ef4c	PDAC_exact_human_annotation_v1	KEGG:C00239	2'-deoxycytidine 5'-monophosphate	results/PDAC/02_MAPPING/20260920T111500Z_direct_mapping_v1/direct_relations_v1.tsv	False
NT5C1A	76875f763e53e3b6	PDAC_exact_human_annotation_v1	KEGG:C00239	2'-deoxycytidine 5'-monophosphate	results/PDAC/02_MAPPING/20260920T111500Z_direct_mapping_v1/direct_relations_v1.tsv	False
NT5E	8c9e2edd87171a90	PDAC_exact_human_annotation_v1	KEGG:C00239	2'-deoxycytidine 5'-monophosphate	results/PDAC/02_MAPPING/20260920T111500Z_direct_mapping_v1/direct_relations_v1.tsv	False
SLC25A36	f4be218bc6fabb2a	PDAC_exact_human_annotation_v1	KEGG:C00239	2'-deoxycytidine 5'-monophosphate	results/PDAC/02_MAPPING/20260920T111500Z_direct_mapping_v1/direct_relations_v1.tsv	False
TK2	c16d1133f4d6f20b	PDAC_exact_human_annotation_v1	KEGG:C00239	2'-deoxycytidine 5'-monophosphate	results/PDAC/02_MAPPING/20260920T111500Z_direct_mapping_v1/direct_relations_v1.tsv	False
DCK	833b33ed2ad7d6fd	PDAC_exact_human_annotation_v1	KEGG:C00330	2'-deoxyguanosine	results/PDAC/02_MAPPING/20260920T111500Z_direct_mapping_v1/direct_relations_v1.tsv	False
DGUOK	4c5e0f590692ce39	PDAC_exact_human_annotation_v1	KEGG:C00330	2'-deoxyguanosine	results/PDAC/02_MAPPING/20260920T111500Z_direct_mapping_v1/direct_relations_v1.tsv	False
NT5C2	44fb6ac1510097fd	PDAC_exact_human_annotation_v1	KEGG:C00330	2'-deoxyguanosine	results/PDAC/02_MAPPING/20260920T111500Z_direct_mapping_v1/direct_relations_v1.tsv	False
NT5M	e62d5a44b27a7aef	PDAC_exact_human_annotation_v1	KEGG:C00330	2'-deoxyguanosine	results/PDAC/02_MAPPING/20260920T111500Z_direct_mapping_v1/direct_relations_v1.tsv	False
SAMHD1	639d22f07ec03330	PDAC_exact_human_annotation_v1	KEGG:C00330	2'-deoxyguanosine	results/PDAC/02_MAPPING/20260920T111500Z_direct_mapping_v1/direct_relations_v1.tsv	False
SLC22A7	10899ca522271d3f	PDAC_exact_human_annotation_v1	KEGG:C00330	2'-deoxyguanosine	results/PDAC/02_MAPPING/20260920T111500Z_direct_mapping_v1/direct_relations_v1.tsv	False
ADA	bc3e81a581c82f68	PDAC_exact_human_annotation_v1	KEGG:C05512	2'-deoxyinosine	results/PDAC/02_MAPPING/20260920T111500Z_direct_mapping_v1/direct_relations_v1.tsv	False
NT5C2	1b89180890ed2b03	PDAC_exact_human_annotation_v1	KEGG:C05512	2'-deoxyinosine	results/PDAC/02_MAPPING/20260920T111500Z_direct_mapping_v1/direct_relations_v1.tsv	False
ABHD12	08aa7e3a9b4d226b	PDAC_exact_human_annotation_v1	HMDB:HMDB11538	2-linoleoylglycerol (2-monolinolein)	results/PDAC/02_MAPPING/20260920T111500Z_direct_mapping_v1/direct_relations_v1.tsv	False
ABHD16A	2b5e4216eab26af1	PDAC_exact_human_annotation_v1	HMDB:HMDB11538	2-linoleoylglycerol (2-monolinolein)	results/PDAC/02_MAPPING/20260920T111500Z_direct_mapping_v1/direct_relations_v1.tsv	False
ABHD6	7ad491a39cfd2e47	PDAC_exact_human_annotation_v1	HMDB:HMDB11538	2-linoleoylglycerol (2-monolinolein)	results/PDAC/02_MAPPING/20260920T111500Z_direct_mapping_v1/direct_relations_v1.tsv	False
DAGLA	33d5dd5921136cdb	PDAC_exact_human_annotation_v1	HMDB:HMDB11538	2-linoleoylglycerol (2-monolinolein)	results/PDAC/02_MAPPING/20260920T111500Z_direct_mapping_v1/direct_relations_v1.tsv	False
DAGLB	ab9b4e9af0add418	PDAC_exact_human_annotation_v1	HMDB:HMDB11538	2-linoleoylglycerol (2-monolinolein)	results/PDAC/02_MAPPING/20260920T111500Z_direct_mapping_v1/direct_relations_v1.tsv	False
MGLL	0f02afc713398cba	PDAC_exact_human_annotation_v1	HMDB:HMDB11538	2-linoleoylglycerol (2-monolinolein)	results/PDAC/02_MAPPING/20260920T111500Z_direct_mapping_v1/direct_relations_v1.tsv	False
ABHD12	6ecea1daf4dde8e6	PDAC_exact_human_annotation_v1	NAME:2-oleoylglycerol (2-monoolein)	2-oleoylglycerol (2-monoolein)	results/PDAC/02_MAPPING/20260920T111500Z_direct_mapping_v1/direct_relations_v1.tsv	False
ABHD16A	afbb37e6d5bbd77a	PDAC_exact_human_annotation_v1	NAME:2-oleoylglycerol (2-monoolein)	2-oleoylglycerol (2-monoolein)	results/PDAC/02_MAPPING/20260920T111500Z_direct_mapping_v1/direct_relations_v1.tsv	False
ABHD6	4bd5f1d686d9465f	PDAC_exact_human_annotation_v1	NAME:2-oleoylglycerol (2-monoolein)	2-oleoylglycerol (2-monoolein)	results/PDAC/02_MAPPING/20260920T111500Z_direct_mapping_v1/direct_relations_v1.tsv	False
AWAT2	d0c4c0424a60cc22	PDAC_exact_human_annotation_v1	NAME:2-oleoylglycerol (2-monoolein)	2-oleoylglycerol (2-monoolein)	results/PDAC/02_MAPPING/20260920T111500Z_direct_mapping_v1/direct_relations_v1.tsv	False
DAGLA	9900a0fb00e28347	PDAC_exact_human_annotation_v1	NAME:2-oleoylglycerol (2-monoolein)	2-oleoylglycerol (2-monoolein)	results/PDAC/02_MAPPING/20260920T111500Z_direct_mapping_v1/direct_relations_v1.tsv	False
DAGLB	6f282b43808dd2c9	PDAC_exact_human_annotation_v1	NAME:2-oleoylglycerol (2-monoolein)	2-oleoylglycerol (2-monoolein)	results/PDAC/02_MAPPING/20260920T111500Z_direct_mapping_v1/direct_relations_v1.tsv	False
DGAT1	0f72b63ccb392d9a	PDAC_exact_human_annotation_v1	NAME:2-oleoylglycerol (2-monoolein)	2-oleoylglycerol (2-monoolein)	results/PDAC/02_MAPPING/20260920T111500Z_direct_mapping_v1/direct_relations_v1.tsv	False
DGAT2	04dffa41abb908e3	PDAC_exact_human_annotation_v1	NAME:2-oleoylglycerol (2-monoolein)	2-oleoylglycerol (2-monoolein)	results/PDAC/02_MAPPING/20260920T111500Z_direct_mapping_v1/direct_relations_v1.tsv	False
DGKA	6a018f04ea233f9e	PDAC_exact_human_annotation_v1	NAME:2-oleoylglycerol (2-monoolein)	2-oleoylglycerol (2-monoolein)	results/PDAC/02_MAPPING/20260920T111500Z_direct_mapping_v1/direct_relations_v1.tsv	False
LIPE	c952b9601ce6f896	PDAC_exact_human_annotation_v1	NAME:2-oleoylglycerol (2-monoolein)	2-oleoylglycerol (2-monoolein)	results/PDAC/02_MAPPING/20260920T111500Z_direct_mapping_v1/direct_relations_v1.tsv	False
MGLL	737e3a9ae152f232	PDAC_exact_human_annotation_v1	NAME:2-oleoylglycerol (2-monoolein)	2-oleoylglycerol (2-monoolein)	results/PDAC/02_MAPPING/20260920T111500Z_direct_mapping_v1/direct_relations_v1.tsv	False
MOGAT2	755eaf5f6543be5e	PDAC_exact_human_annotation_v1	NAME:2-oleoylglycerol (2-monoolein)	2-oleoylglycerol (2-monoolein)	results/PDAC/02_MAPPING/20260920T111500Z_direct_mapping_v1/direct_relations_v1.tsv	False
MOGAT3	a733c79073beacbe	PDAC_exact_human_annotation_v1	NAME:2-oleoylglycerol (2-monoolein)	2-oleoylglycerol (2-monoolein)	results/PDAC/02_MAPPING/20260920T111500Z_direct_mapping_v1/direct_relations_v1.tsv	False
PNPLA2	b4b9c0be4d82d8f5	PDAC_exact_human_annotation_v1	NAME:2-oleoylglycerol (2-monoolein)	2-oleoylglycerol (2-monoolein)	results/PDAC/02_MAPPING/20260920T111500Z_direct_mapping_v1/direct_relations_v1.tsv	False
PNPLA6	2f38cfa616343aa5	PDAC_exact_human_annotation_v1	NAME:2-oleoylglycerol (2-monoolein)	2-oleoylglycerol (2-monoolein)	results/PDAC/02_MAPPING/20260920T111500Z_direct_mapping_v1/direct_relations_v1.tsv	False
ABHD12	3a21ef7f5e98a9d1	PDAC_exact_human_annotation_v1	HMDB:HMDB11533	2-palmitoylglycerol (16:0)	results/PDAC/02_MAPPING/20260920T111500Z_direct_mapping_v1/direct_relations_v1.tsv	False
ABHD16A	d9433a9629b44f38	PDAC_exact_human_annotation_v1	HMDB:HMDB11533	2-palmitoylglycerol (16:0)	results/PDAC/02_MAPPING/20260920T111500Z_direct_mapping_v1/direct_relations_v1.tsv	False
ABHD6	7c6464d839b541c3	PDAC_exact_human_annotation_v1	HMDB:HMDB11533	2-palmitoylglycerol (16:0)	results/PDAC/02_MAPPING/20260920T111500Z_direct_mapping_v1/direct_relations_v1.tsv	False
MGLL	d47762fd25c589b8	PDAC_exact_human_annotation_v1	HMDB:HMDB11533	2-palmitoylglycerol (16:0)	results/PDAC/02_MAPPING/20260920T111500Z_direct_mapping_v1/direct_relations_v1.tsv	False
PNPLA6	5d1b54b441d9298e	PDAC_exact_human_annotation_v1	HMDB:HMDB11533	2-palmitoylglycerol (16:0)	results/PDAC/02_MAPPING/20260920T111500Z_direct_mapping_v1/direct_relations_v1.tsv	False
DAGLA	fc5dc13daa680846	PDAC_exact_human_annotation_v1	NAME:2-stearoylglycerol (2-monostearin)	2-stearoylglycerol (2-monostearin)	results/PDAC/02_MAPPING/20260920T111500Z_direct_mapping_v1/direct_relations_v1.tsv	False
DAGLB	ba91bf4e7128b91e	PDAC_exact_human_annotation_v1	NAME:2-stearoylglycerol (2-monostearin)	2-stearoylglycerol (2-monostearin)	results/PDAC/02_MAPPING/20260920T111500Z_direct_mapping_v1/direct_relations_v1.tsv	False
EPHX2	fb2d7aa0045d874e	PDAC_exact_human_annotation_v1	KEGG:C14828	9,10-DiHOME	results/PDAC/02_MAPPING/20260920T111500Z_direct_mapping_v1/direct_relations_v1.tsv	False
EPHX3	bbfc7b671b1d2e90	PDAC_exact_human_annotation_v1	KEGG:C14828	9,10-DiHOME	results/PDAC/02_MAPPING/20260920T111500Z_direct_mapping_v1/direct_relations_v1.tsv	False
CRAT	73880b663babef64	PDAC_exact_human_annotation_v1	KEGG:C02571	acetylcarnitine	results/PDAC/02_MAPPING/20260920T111500Z_direct_mapping_v1/direct_relations_v1.tsv	False
SLC22A15	3887c4684c962fa6	PDAC_exact_human_annotation_v1	KEGG:C02571	acetylcarnitine	results/PDAC/02_MAPPING/20260920T111500Z_direct_mapping_v1/direct_relations_v1.tsv	False
SLC22A5	f7421f81fdf1f994	PDAC_exact_human_annotation_v1	KEGG:C02571	acetylcarnitine	results/PDAC/02_MAPPING/20260920T111500Z_direct_mapping_v1/direct_relations_v1.tsv	False
SLC25A20	fcbda10dfb77d7b1	PDAC_exact_human_annotation_v1	KEGG:C02571	acetylcarnitine	results/PDAC/02_MAPPING/20260920T111500Z_direct_mapping_v1/direct_relations_v1.tsv	False
ACLY	34025da67aebeef7	PDAC_exact_human_annotation_v1	KEGG:C00158	citrate	results/PDAC/02_MAPPING/20260920T111500Z_direct_mapping_v1/direct_relations_v1.tsv	False
ACO1	58a5dff0cdc60e7c	PDAC_exact_human_annotation_v1	KEGG:C00158	citrate	results/PDAC/02_MAPPING/20260920T111500Z_direct_mapping_v1/direct_relations_v1.tsv	False
CS	2a70a3a512d53f1e	PDAC_exact_human_annotation_v1	KEGG:C00158	citrate	results/PDAC/02_MAPPING/20260920T111500Z_direct_mapping_v1/direct_relations_v1.tsv	False
SLC13A2	1f7dc8af37c0a4bc	PDAC_exact_human_annotation_v1	KEGG:C00158	citrate	results/PDAC/02_MAPPING/20260920T111500Z_direct_mapping_v1/direct_relations_v1.tsv	False
SLC13A5	23b8fcfd06fd85a9	PDAC_exact_human_annotation_v1	KEGG:C00158	citrate	results/PDAC/02_MAPPING/20260920T111500Z_direct_mapping_v1/direct_relations_v1.tsv	False
SLC25A1	c448963b0e2ec9e5	PDAC_exact_human_annotation_v1	KEGG:C00158	citrate	results/PDAC/02_MAPPING/20260920T111500Z_direct_mapping_v1/direct_relations_v1.tsv	False
SLC25A14	aba28878791e27f6	PDAC_exact_human_annotation_v1	KEGG:C00158	citrate	results/PDAC/02_MAPPING/20260920T111500Z_direct_mapping_v1/direct_relations_v1.tsv	False
SLC25A21	8025d9f5d75bf39f	PDAC_exact_human_annotation_v1	KEGG:C00158	citrate	results/PDAC/02_MAPPING/20260920T111500Z_direct_mapping_v1/direct_relations_v1.tsv	False
SLC35G1	f692a3a86adf53dd	PDAC_exact_human_annotation_v1	KEGG:C00158	citrate	results/PDAC/02_MAPPING/20260920T111500Z_direct_mapping_v1/direct_relations_v1.tsv	False
ASNS	c03ef28d9d9959f4	PDAC_exact_human_annotation_v1	KEGG:C00064	glutamine	results/PDAC/02_MAPPING/20260920T111500Z_direct_mapping_v1/direct_relations_v1.tsv	False
BEST2	311a6830d28f244a	PDAC_exact_human_annotation_v1	KEGG:C00064	glutamine	results/PDAC/02_MAPPING/20260920T111500Z_direct_mapping_v1/direct_relations_v1.tsv	False
CAD	021269972df860fe	PDAC_exact_human_annotation_v1	KEGG:C00064	glutamine	results/PDAC/02_MAPPING/20260920T111500Z_direct_mapping_v1/direct_relations_v1.tsv	False
CTPS1	fa5f947f49978345	PDAC_exact_human_annotation_v1	KEGG:C00064	glutamine	results/PDAC/02_MAPPING/20260920T111500Z_direct_mapping_v1/direct_relations_v1.tsv	False
CTPS2	89ae03b19e6baa8b	PDAC_exact_human_annotation_v1	KEGG:C00064	glutamine	results/PDAC/02_MAPPING/20260920T111500Z_direct_mapping_v1/direct_relations_v1.tsv	False
GFPT1	8c8dc1903b8e4bb1	PDAC_exact_human_annotation_v1	KEGG:C00064	glutamine	results/PDAC/02_MAPPING/20260920T111500Z_direct_mapping_v1/direct_relations_v1.tsv	False
GFPT2	a42c39f4c55e7fba	PDAC_exact_human_annotation_v1	KEGG:C00064	glutamine	results/PDAC/02_MAPPING/20260920T111500Z_direct_mapping_v1/direct_relations_v1.tsv	False
GLS	548f383708a88092	PDAC_exact_human_annotation_v1	KEGG:C00064	glutamine	results/PDAC/02_MAPPING/20260920T111500Z_direct_mapping_v1/direct_relations_v1.tsv	False
GLUL	a1723e4c47e51535	PDAC_exact_human_annotation_v1	KEGG:C00064	glutamine	results/PDAC/02_MAPPING/20260920T111500Z_direct_mapping_v1/direct_relations_v1.tsv	False
GLYATL1	c9623c44fbf2d90a	PDAC_exact_human_annotation_v1	KEGG:C00064	glutamine	results/PDAC/02_MAPPING/20260920T111500Z_direct_mapping_v1/direct_relations_v1.tsv	False
GMPS	58a9c56624e196c8	PDAC_exact_human_annotation_v1	KEGG:C00064	glutamine	results/PDAC/02_MAPPING/20260920T111500Z_direct_mapping_v1/direct_relations_v1.tsv	False
KYAT1	e7d3bac0afab8af0	PDAC_exact_human_annotation_v1	KEGG:C00064	glutamine	results/PDAC/02_MAPPING/20260920T111500Z_direct_mapping_v1/direct_relations_v1.tsv	False
NADSYN1	0bbd72a2dc18c1b0	PDAC_exact_human_annotation_v1	KEGG:C00064	glutamine	results/PDAC/02_MAPPING/20260920T111500Z_direct_mapping_v1/direct_relations_v1.tsv	False
QARS1	176f43923898764f	PDAC_exact_human_annotation_v1	KEGG:C00064	glutamine	results/PDAC/02_MAPPING/20260920T111500Z_direct_mapping_v1/direct_relations_v1.tsv	False
SLC1A5	aa509588d8d3fa41	PDAC_exact_human_annotation_v1	KEGG:C00064	glutamine	results/PDAC/02_MAPPING/20260920T111500Z_direct_mapping_v1/direct_relations_v1.tsv	False
SLC38A3	5c582ae6ba0146a7	PDAC_exact_human_annotation_v1	KEGG:C00064	glutamine	results/PDAC/02_MAPPING/20260920T111500Z_direct_mapping_v1/direct_relations_v1.tsv	False
SLC38A4	6e5c37f62ab6c6ba	PDAC_exact_human_annotation_v1	KEGG:C00064	glutamine	results/PDAC/02_MAPPING/20260920T111500Z_direct_mapping_v1/direct_relations_v1.tsv	False
SLC38A7	3b921e9174f77c55	PDAC_exact_human_annotation_v1	KEGG:C00064	glutamine	results/PDAC/02_MAPPING/20260920T111500Z_direct_mapping_v1/direct_relations_v1.tsv	False
SLC38A9	f3e5a53e14c15fa4	PDAC_exact_human_annotation_v1	KEGG:C00064	glutamine	results/PDAC/02_MAPPING/20260920T111500Z_direct_mapping_v1/direct_relations_v1.tsv	False
SLC6A14	602c6350ff3dad26	PDAC_exact_human_annotation_v1	KEGG:C00064	glutamine	results/PDAC/02_MAPPING/20260920T111500Z_direct_mapping_v1/direct_relations_v1.tsv	False
SLC6A15	38a77ae9f54b9347	PDAC_exact_human_annotation_v1	KEGG:C00064	glutamine	results/PDAC/02_MAPPING/20260920T111500Z_direct_mapping_v1/direct_relations_v1.tsv	False
SLC6A19	f1ed0a0ab16513fb	PDAC_exact_human_annotation_v1	KEGG:C00064	glutamine	results/PDAC/02_MAPPING/20260920T111500Z_direct_mapping_v1/direct_relations_v1.tsv	False
SLC7A5	725617da3fb40181	PDAC_exact_human_annotation_v1	KEGG:C00064	glutamine	results/PDAC/02_MAPPING/20260920T111500Z_direct_mapping_v1/direct_relations_v1.tsv	False
SLC7A6	d39a4cca5f8cefab	PDAC_exact_human_annotation_v1	KEGG:C00064	glutamine	results/PDAC/02_MAPPING/20260920T111500Z_direct_mapping_v1/direct_relations_v1.tsv	False
SLC7A8	7e1bbc8ff10e83a6	PDAC_exact_human_annotation_v1	KEGG:C00064	glutamine	results/PDAC/02_MAPPING/20260920T111500Z_direct_mapping_v1/direct_relations_v1.tsv	False
ABHD12	b7d9054e83e731f5	PDAC_exact_human_annotation_v1	KEGG:C00116	glycerol	results/PDAC/02_MAPPING/20260920T111500Z_direct_mapping_v1/direct_relations_v1.tsv	False
ABHD16A	c188ffcf1441db5f	PDAC_exact_human_annotation_v1	KEGG:C00116	glycerol	results/PDAC/02_MAPPING/20260920T111500Z_direct_mapping_v1/direct_relations_v1.tsv	False
ABHD16B	009d21b779269adb	PDAC_exact_human_annotation_v1	KEGG:C00116	glycerol	results/PDAC/02_MAPPING/20260920T111500Z_direct_mapping_v1/direct_relations_v1.tsv	False
ABHD2	900da5b8973a5789	PDAC_exact_human_annotation_v1	KEGG:C00116	glycerol	results/PDAC/02_MAPPING/20260920T111500Z_direct_mapping_v1/direct_relations_v1.tsv	False
ABHD6	24606deba9b17759	PDAC_exact_human_annotation_v1	KEGG:C00116	glycerol	results/PDAC/02_MAPPING/20260920T111500Z_direct_mapping_v1/direct_relations_v1.tsv	False
AKR1A1	2d9ae6834550725e	PDAC_exact_human_annotation_v1	KEGG:C00116	glycerol	results/PDAC/02_MAPPING/20260920T111500Z_direct_mapping_v1/direct_relations_v1.tsv	False
AKR1B1	911beda3bdf7c558	PDAC_exact_human_annotation_v1	KEGG:C00116	glycerol	results/PDAC/02_MAPPING/20260920T111500Z_direct_mapping_v1/direct_relations_v1.tsv	False
AQP10	04f54c17238a8259	PDAC_exact_human_annotation_v1	KEGG:C00116	glycerol	results/PDAC/02_MAPPING/20260920T111500Z_direct_mapping_v1/direct_relations_v1.tsv	False
AQP11	2370b9b3095ddac9	PDAC_exact_human_annotation_v1	KEGG:C00116	glycerol	results/PDAC/02_MAPPING/20260920T111500Z_direct_mapping_v1/direct_relations_v1.tsv	False
AQP3	7fa325787b32f8e9	PDAC_exact_human_annotation_v1	KEGG:C00116	glycerol	results/PDAC/02_MAPPING/20260920T111500Z_direct_mapping_v1/direct_relations_v1.tsv	False
AQP7	dc305265bf0c4ce3	PDAC_exact_human_annotation_v1	KEGG:C00116	glycerol	results/PDAC/02_MAPPING/20260920T111500Z_direct_mapping_v1/direct_relations_v1.tsv	False
AQP9	48da3abb01cae67f	PDAC_exact_human_annotation_v1	KEGG:C00116	glycerol	results/PDAC/02_MAPPING/20260920T111500Z_direct_mapping_v1/direct_relations_v1.tsv	False
CES1	f936a9d6c9f735ed	PDAC_exact_human_annotation_v1	KEGG:C00116	glycerol	results/PDAC/02_MAPPING/20260920T111500Z_direct_mapping_v1/direct_relations_v1.tsv	False
CES2	4c2eb7b03edf2507	PDAC_exact_human_annotation_v1	KEGG:C00116	glycerol	results/PDAC/02_MAPPING/20260920T111500Z_direct_mapping_v1/direct_relations_v1.tsv	False
ENPP6	7aff5cd2df707659	PDAC_exact_human_annotation_v1	KEGG:C00116	glycerol	results/PDAC/02_MAPPING/20260920T111500Z_direct_mapping_v1/direct_relations_v1.tsv	False
EPHX1	e1fe170fe905a0c0	PDAC_exact_human_annotation_v1	KEGG:C00116	glycerol	results/PDAC/02_MAPPING/20260920T111500Z_direct_mapping_v1/direct_relations_v1.tsv	False
FAAH	f44a76c59d2f2828	PDAC_exact_human_annotation_v1	KEGG:C00116	glycerol	results/PDAC/02_MAPPING/20260920T111500Z_direct_mapping_v1/direct_relations_v1.tsv	False
GK	4b8481b01731b44c	PDAC_exact_human_annotation_v1	KEGG:C00116	glycerol	results/PDAC/02_MAPPING/20260920T111500Z_direct_mapping_v1/direct_relations_v1.tsv	False
IMPA1	9f7330590b4f205b	PDAC_exact_human_annotation_v1	KEGG:C00116	glycerol	results/PDAC/02_MAPPING/20260920T111500Z_direct_mapping_v1/direct_relations_v1.tsv	False
IMPA2	d15969181f5a3df6	PDAC_exact_human_annotation_v1	KEGG:C00116	glycerol	results/PDAC/02_MAPPING/20260920T111500Z_direct_mapping_v1/direct_relations_v1.tsv	False
LYPLA2	8b4944041262b5b3	PDAC_exact_human_annotation_v1	KEGG:C00116	glycerol	results/PDAC/02_MAPPING/20260920T111500Z_direct_mapping_v1/direct_relations_v1.tsv	False
MGLL	e88deea72c9d91b2	PDAC_exact_human_annotation_v1	KEGG:C00116	glycerol	results/PDAC/02_MAPPING/20260920T111500Z_direct_mapping_v1/direct_relations_v1.tsv	False
PGP	0ecc867ee7085a6e	PDAC_exact_human_annotation_v1	KEGG:C00116	glycerol	results/PDAC/02_MAPPING/20260920T111500Z_direct_mapping_v1/direct_relations_v1.tsv	False
PLA2G4A	e3e4c887cf834149	PDAC_exact_human_annotation_v1	KEGG:C00116	glycerol	results/PDAC/02_MAPPING/20260920T111500Z_direct_mapping_v1/direct_relations_v1.tsv	False
PLD3	5ebae1231417d46e	PDAC_exact_human_annotation_v1	KEGG:C00116	glycerol	results/PDAC/02_MAPPING/20260920T111500Z_direct_mapping_v1/direct_relations_v1.tsv	False
PLD4	4264187ad63ab9f4	PDAC_exact_human_annotation_v1	KEGG:C00116	glycerol	results/PDAC/02_MAPPING/20260920T111500Z_direct_mapping_v1/direct_relations_v1.tsv	False
PNLIPRP2	f2bdbad82a909920	PDAC_exact_human_annotation_v1	KEGG:C00116	glycerol	results/PDAC/02_MAPPING/20260920T111500Z_direct_mapping_v1/direct_relations_v1.tsv	False
PNPLA2	8cb003d5e50e290f	PDAC_exact_human_annotation_v1	KEGG:C00116	glycerol	results/PDAC/02_MAPPING/20260920T111500Z_direct_mapping_v1/direct_relations_v1.tsv	False
PNPLA3	1e1561f1fe7010e2	PDAC_exact_human_annotation_v1	KEGG:C00116	glycerol	results/PDAC/02_MAPPING/20260920T111500Z_direct_mapping_v1/direct_relations_v1.tsv	False
PNPLA4	b9104d3fae230005	PDAC_exact_human_annotation_v1	KEGG:C00116	glycerol	results/PDAC/02_MAPPING/20260920T111500Z_direct_mapping_v1/direct_relations_v1.tsv	False
PNPLA6	72bd1317a6dc4b5f	PDAC_exact_human_annotation_v1	KEGG:C00116	glycerol	results/PDAC/02_MAPPING/20260920T111500Z_direct_mapping_v1/direct_relations_v1.tsv	False
ADPRM	4a5dec9ebc408568	PDAC_exact_human_annotation_v1	KEGG:C00093	glycerol 3-phosphate (G3P)	results/PDAC/02_MAPPING/20260920T111500Z_direct_mapping_v1/direct_relations_v1.tsv	False
GDPD1	e94874551a961b75	PDAC_exact_human_annotation_v1	KEGG:C00093	glycerol 3-phosphate (G3P)	results/PDAC/02_MAPPING/20260920T111500Z_direct_mapping_v1/direct_relations_v1.tsv	False
GK	a4bc9be7d7219a9f	PDAC_exact_human_annotation_v1	KEGG:C00093	glycerol 3-phosphate (G3P)	results/PDAC/02_MAPPING/20260920T111500Z_direct_mapping_v1/direct_relations_v1.tsv	False
GPAM	b2ed7811846c4a9a	PDAC_exact_human_annotation_v1	KEGG:C00093	glycerol 3-phosphate (G3P)	results/PDAC/02_MAPPING/20260920T111500Z_direct_mapping_v1/direct_relations_v1.tsv	False
GPAT3	50d5e066e3e3ff69	PDAC_exact_human_annotation_v1	KEGG:C00093	glycerol 3-phosphate (G3P)	results/PDAC/02_MAPPING/20260920T111500Z_direct_mapping_v1/direct_relations_v1.tsv	False
GPAT4	3ace1e0b2f5c263e	PDAC_exact_human_annotation_v1	KEGG:C00093	glycerol 3-phosphate (G3P)	results/PDAC/02_MAPPING/20260920T111500Z_direct_mapping_v1/direct_relations_v1.tsv	False
GPD1	625d9af001edacee	PDAC_exact_human_annotation_v1	KEGG:C00093	glycerol 3-phosphate (G3P)	results/PDAC/02_MAPPING/20260920T111500Z_direct_mapping_v1/direct_relations_v1.tsv	False
GPD1L	b4c0407008c8d0cd	PDAC_exact_human_annotation_v1	KEGG:C00093	glycerol 3-phosphate (G3P)	results/PDAC/02_MAPPING/20260920T111500Z_direct_mapping_v1/direct_relations_v1.tsv	False
GPD2	28ea2a4071d6423e	PDAC_exact_human_annotation_v1	KEGG:C00093	glycerol 3-phosphate (G3P)	results/PDAC/02_MAPPING/20260920T111500Z_direct_mapping_v1/direct_relations_v1.tsv	False
LYPLA2	42455730b840375e	PDAC_exact_human_annotation_v1	KEGG:C00093	glycerol 3-phosphate (G3P)	results/PDAC/02_MAPPING/20260920T111500Z_direct_mapping_v1/direct_relations_v1.tsv	False
PGP	f8cf108a0ea05858	PDAC_exact_human_annotation_v1	KEGG:C00093	glycerol 3-phosphate (G3P)	results/PDAC/02_MAPPING/20260920T111500Z_direct_mapping_v1/direct_relations_v1.tsv	False
ENPP6	04cb61e714bf5591	PDAC_exact_human_annotation_v1	KEGG:C00670	glycerophosphorylcholine (GPC)	results/PDAC/02_MAPPING/20260920T111500Z_direct_mapping_v1/direct_relations_v1.tsv	False
GDPD3	2fa26bf8a529aef3	PDAC_exact_human_annotation_v1	KEGG:C00670	glycerophosphorylcholine (GPC)	results/PDAC/02_MAPPING/20260920T111500Z_direct_mapping_v1/direct_relations_v1.tsv	False
LYPLA1	94b216759d5ef17f	PDAC_exact_human_annotation_v1	KEGG:C00670	glycerophosphorylcholine (GPC)	results/PDAC/02_MAPPING/20260920T111500Z_direct_mapping_v1/direct_relations_v1.tsv	False
LYPLA2	bd75c166f1c27f85	PDAC_exact_human_annotation_v1	KEGG:C00670	glycerophosphorylcholine (GPC)	results/PDAC/02_MAPPING/20260920T111500Z_direct_mapping_v1/direct_relations_v1.tsv	False
PLA2G15	3bea396579b640e5	PDAC_exact_human_annotation_v1	KEGG:C00670	glycerophosphorylcholine (GPC)	results/PDAC/02_MAPPING/20260920T111500Z_direct_mapping_v1/direct_relations_v1.tsv	False
PLA2G4A	0bf4fcff9fc7355a	PDAC_exact_human_annotation_v1	KEGG:C00670	glycerophosphorylcholine (GPC)	results/PDAC/02_MAPPING/20260920T111500Z_direct_mapping_v1/direct_relations_v1.tsv	False
PLA2G4B	1e37d3f3587e0139	PDAC_exact_human_annotation_v1	KEGG:C00670	glycerophosphorylcholine (GPC)	results/PDAC/02_MAPPING/20260920T111500Z_direct_mapping_v1/direct_relations_v1.tsv	False
PLA2G4C	423692ec52b26b34	PDAC_exact_human_annotation_v1	KEGG:C00670	glycerophosphorylcholine (GPC)	results/PDAC/02_MAPPING/20260920T111500Z_direct_mapping_v1/direct_relations_v1.tsv	False
PLA2G6	faefdc1d2b880cd4	PDAC_exact_human_annotation_v1	KEGG:C00670	glycerophosphorylcholine (GPC)	results/PDAC/02_MAPPING/20260920T111500Z_direct_mapping_v1/direct_relations_v1.tsv	False
PNPLA6	78bec2e86e1b151e	PDAC_exact_human_annotation_v1	KEGG:C00670	glycerophosphorylcholine (GPC)	results/PDAC/02_MAPPING/20260920T111500Z_direct_mapping_v1/direct_relations_v1.tsv	False
PNPLA8	063c127dee4eb4bc	PDAC_exact_human_annotation_v1	KEGG:C00670	glycerophosphorylcholine (GPC)	results/PDAC/02_MAPPING/20260920T111500Z_direct_mapping_v1/direct_relations_v1.tsv	False
TMEM86A	aef2eda4baa96f4f	PDAC_exact_human_annotation_v1	KEGG:C00670	glycerophosphorylcholine (GPC)	results/PDAC/02_MAPPING/20260920T111500Z_direct_mapping_v1/direct_relations_v1.tsv	False
TMEM86B	511d1e231a6b199f	PDAC_exact_human_annotation_v1	KEGG:C00670	glycerophosphorylcholine (GPC)	results/PDAC/02_MAPPING/20260920T111500Z_direct_mapping_v1/direct_relations_v1.tsv	False
PEPD	520cb3fae5bdf978	PDAC_exact_human_annotation_v1	HMDB:HMDB00721	glycylproline	results/PDAC/02_MAPPING/20260920T111500Z_direct_mapping_v1/direct_relations_v1.tsv	False
SLC15A1	e31e019956014e31	PDAC_exact_human_annotation_v1	HMDB:HMDB00721	glycylproline	results/PDAC/02_MAPPING/20260920T111500Z_direct_mapping_v1/direct_relations_v1.tsv	False
ENPP3	13049f95e2960012	PDAC_exact_human_annotation_v1	KEGG:C00387	guanosine	results/PDAC/02_MAPPING/20260920T111500Z_direct_mapping_v1/direct_relations_v1.tsv	False
LACC1	7ece554c2adcee34	PDAC_exact_human_annotation_v1	KEGG:C00387	guanosine	results/PDAC/02_MAPPING/20260920T111500Z_direct_mapping_v1/direct_relations_v1.tsv	False
NT5C2	0e48470d93084f98	PDAC_exact_human_annotation_v1	KEGG:C00387	guanosine	results/PDAC/02_MAPPING/20260920T111500Z_direct_mapping_v1/direct_relations_v1.tsv	False
NT5E	5fb712bab732deb8	PDAC_exact_human_annotation_v1	KEGG:C00387	guanosine	results/PDAC/02_MAPPING/20260920T111500Z_direct_mapping_v1/direct_relations_v1.tsv	False
PNP	274e19d4a7cd5b77	PDAC_exact_human_annotation_v1	KEGG:C00387	guanosine	results/PDAC/02_MAPPING/20260920T111500Z_direct_mapping_v1/direct_relations_v1.tsv	False
SLC22A7	955b1a7746827a6d	PDAC_exact_human_annotation_v1	KEGG:C00387	guanosine	results/PDAC/02_MAPPING/20260920T111500Z_direct_mapping_v1/direct_relations_v1.tsv	False
SLC28A2	a62699b6f7b5839e	PDAC_exact_human_annotation_v1	KEGG:C00387	guanosine	results/PDAC/02_MAPPING/20260920T111500Z_direct_mapping_v1/direct_relations_v1.tsv	False
SLC28A3	52147d88bec70b82	PDAC_exact_human_annotation_v1	KEGG:C00387	guanosine	results/PDAC/02_MAPPING/20260920T111500Z_direct_mapping_v1/direct_relations_v1.tsv	False
SLC29A1	12140e5edbe43b3a	PDAC_exact_human_annotation_v1	KEGG:C00387	guanosine	results/PDAC/02_MAPPING/20260920T111500Z_direct_mapping_v1/direct_relations_v1.tsv	False
SLC29A2	7f4e7c3b95df795b	PDAC_exact_human_annotation_v1	KEGG:C00387	guanosine	results/PDAC/02_MAPPING/20260920T111500Z_direct_mapping_v1/direct_relations_v1.tsv	False
SLC29A3	e6183b493307eb1e	PDAC_exact_human_annotation_v1	KEGG:C00387	guanosine	results/PDAC/02_MAPPING/20260920T111500Z_direct_mapping_v1/direct_relations_v1.tsv	False
AADAT	31fddc1286047370	PDAC_exact_human_annotation_v1	KEGG:C00123	leucine	results/PDAC/02_MAPPING/20260920T111500Z_direct_mapping_v1/direct_relations_v1.tsv	False
ACE2	b9085738ef175048	PDAC_exact_human_annotation_v1	KEGG:C00123	leucine	results/PDAC/02_MAPPING/20260920T111500Z_direct_mapping_v1/direct_relations_v1.tsv	False
BCAT2	c5716c3755b12d15	PDAC_exact_human_annotation_v1	KEGG:C00123	leucine	results/PDAC/02_MAPPING/20260920T111500Z_direct_mapping_v1/direct_relations_v1.tsv	False
LARS1	4da0968a95357f39	PDAC_exact_human_annotation_v1	KEGG:C00123	leucine	results/PDAC/02_MAPPING/20260920T111500Z_direct_mapping_v1/direct_relations_v1.tsv	False
LARS2	b1df9864c4476eb9	PDAC_exact_human_annotation_v1	KEGG:C00123	leucine	results/PDAC/02_MAPPING/20260920T111500Z_direct_mapping_v1/direct_relations_v1.tsv	False
PLBD1	f740e39b803db094	PDAC_exact_human_annotation_v1	KEGG:C00123	leucine	results/PDAC/02_MAPPING/20260920T111500Z_direct_mapping_v1/direct_relations_v1.tsv	False
PM20D1	9d761fc9246eccf5	PDAC_exact_human_annotation_v1	KEGG:C00123	leucine	results/PDAC/02_MAPPING/20260920T111500Z_direct_mapping_v1/direct_relations_v1.tsv	False
SLC38A9	cb872951b77651e4	PDAC_exact_human_annotation_v1	KEGG:C00123	leucine	results/PDAC/02_MAPPING/20260920T111500Z_direct_mapping_v1/direct_relations_v1.tsv	False
SLC43A1	189f12ad18a2d610	PDAC_exact_human_annotation_v1	KEGG:C00123	leucine	results/PDAC/02_MAPPING/20260920T111500Z_direct_mapping_v1/direct_relations_v1.tsv	False
SLC43A2	53a783ea87459055	PDAC_exact_human_annotation_v1	KEGG:C00123	leucine	results/PDAC/02_MAPPING/20260920T111500Z_direct_mapping_v1/direct_relations_v1.tsv	False
SLC6A14	a15c99821758b4c9	PDAC_exact_human_annotation_v1	KEGG:C00123	leucine	results/PDAC/02_MAPPING/20260920T111500Z_direct_mapping_v1/direct_relations_v1.tsv	False
SLC6A15	0e1a7c775972db09	PDAC_exact_human_annotation_v1	KEGG:C00123	leucine	results/PDAC/02_MAPPING/20260920T111500Z_direct_mapping_v1/direct_relations_v1.tsv	False
SLC6A19	21557046688c2a9d	PDAC_exact_human_annotation_v1	KEGG:C00123	leucine	results/PDAC/02_MAPPING/20260920T111500Z_direct_mapping_v1/direct_relations_v1.tsv	False
SLC7A5	f23c027d2a374bb0	PDAC_exact_human_annotation_v1	KEGG:C00123	leucine	results/PDAC/02_MAPPING/20260920T111500Z_direct_mapping_v1/direct_relations_v1.tsv	False
SLC7A6	fb91be07e0e5a6a9	PDAC_exact_human_annotation_v1	KEGG:C00123	leucine	results/PDAC/02_MAPPING/20260920T111500Z_direct_mapping_v1/direct_relations_v1.tsv	False
SLC7A8	84077dc172b21c28	PDAC_exact_human_annotation_v1	KEGG:C00123	leucine	results/PDAC/02_MAPPING/20260920T111500Z_direct_mapping_v1/direct_relations_v1.tsv	False
SLC7A9	74bbc2abee659388	PDAC_exact_human_annotation_v1	KEGG:C00123	leucine	results/PDAC/02_MAPPING/20260920T111500Z_direct_mapping_v1/direct_relations_v1.tsv	False
AASS	a6bd479833641204	PDAC_exact_human_annotation_v1	KEGG:C00047	lysine	results/PDAC/02_MAPPING/20260920T111500Z_direct_mapping_v1/direct_relations_v1.tsv	False
ACE2	4ce47c597b2f9960	PDAC_exact_human_annotation_v1	KEGG:C00047	lysine	results/PDAC/02_MAPPING/20260920T111500Z_direct_mapping_v1/direct_relations_v1.tsv	False
GGACT	362fbd4699cde42e	PDAC_exact_human_annotation_v1	KEGG:C00047	lysine	results/PDAC/02_MAPPING/20260920T111500Z_direct_mapping_v1/direct_relations_v1.tsv	False
KARS1	1db57deb2b470520	PDAC_exact_human_annotation_v1	KEGG:C00047	lysine	results/PDAC/02_MAPPING/20260920T111500Z_direct_mapping_v1/direct_relations_v1.tsv	False
PM20D2	85a2dd51fc6bc458	PDAC_exact_human_annotation_v1	KEGG:C00047	lysine	results/PDAC/02_MAPPING/20260920T111500Z_direct_mapping_v1/direct_relations_v1.tsv	False
SLC25A15	4050ccae39c077e3	PDAC_exact_human_annotation_v1	KEGG:C00047	lysine	results/PDAC/02_MAPPING/20260920T111500Z_direct_mapping_v1/direct_relations_v1.tsv	False
SLC25A2	a554d21b7c72deae	PDAC_exact_human_annotation_v1	KEGG:C00047	lysine	results/PDAC/02_MAPPING/20260920T111500Z_direct_mapping_v1/direct_relations_v1.tsv	False
SLC25A29	27a7e31478723a43	PDAC_exact_human_annotation_v1	KEGG:C00047	lysine	results/PDAC/02_MAPPING/20260920T111500Z_direct_mapping_v1/direct_relations_v1.tsv	False
SLC6A14	d43945cac005b30d	PDAC_exact_human_annotation_v1	KEGG:C00047	lysine	results/PDAC/02_MAPPING/20260920T111500Z_direct_mapping_v1/direct_relations_v1.tsv	False
SLC7A1	3088b7b8dbe59b66	PDAC_exact_human_annotation_v1	KEGG:C00047	lysine	results/PDAC/02_MAPPING/20260920T111500Z_direct_mapping_v1/direct_relations_v1.tsv	False
SLC7A3	9c4ce4b1fb89d1f3	PDAC_exact_human_annotation_v1	KEGG:C00047	lysine	results/PDAC/02_MAPPING/20260920T111500Z_direct_mapping_v1/direct_relations_v1.tsv	False
SLC7A6	f04bc7fb11182470	PDAC_exact_human_annotation_v1	KEGG:C00047	lysine	results/PDAC/02_MAPPING/20260920T111500Z_direct_mapping_v1/direct_relations_v1.tsv	False
SLC7A9	64adf086784be766	PDAC_exact_human_annotation_v1	KEGG:C00047	lysine	results/PDAC/02_MAPPING/20260920T111500Z_direct_mapping_v1/direct_relations_v1.tsv	False
AASS	48ffbdf66a17922b	PDAC_exact_human_annotation_v1	KEGG:C00003	nicotinamide adenine dinucleotide (NAD+)	results/PDAC/02_MAPPING/20260920T111500Z_direct_mapping_v1/direct_relations_v1.tsv	False
ADH1A	31b69608e79a17aa	PDAC_exact_human_annotation_v1	KEGG:C00003	nicotinamide adenine dinucleotide (NAD+)	results/PDAC/02_MAPPING/20260920T111500Z_direct_mapping_v1/direct_relations_v1.tsv	False
ADH1B	26d8ec16e4349cc0	PDAC_exact_human_annotation_v1	KEGG:C00003	nicotinamide adenine dinucleotide (NAD+)	results/PDAC/02_MAPPING/20260920T111500Z_direct_mapping_v1/direct_relations_v1.tsv	False
ADH1C	592d216eff5b0815	PDAC_exact_human_annotation_v1	KEGG:C00003	nicotinamide adenine dinucleotide (NAD+)	results/PDAC/02_MAPPING/20260920T111500Z_direct_mapping_v1/direct_relations_v1.tsv	False
ADH4	59357a3e296886a0	PDAC_exact_human_annotation_v1	KEGG:C00003	nicotinamide adenine dinucleotide (NAD+)	results/PDAC/02_MAPPING/20260920T111500Z_direct_mapping_v1/direct_relations_v1.tsv	False
ADH5	3e36be9e19f4530f	PDAC_exact_human_annotation_v1	KEGG:C00003	nicotinamide adenine dinucleotide (NAD+)	results/PDAC/02_MAPPING/20260920T111500Z_direct_mapping_v1/direct_relations_v1.tsv	False
ADH6	8521b5dc6cb71fe8	PDAC_exact_human_annotation_v1	KEGG:C00003	nicotinamide adenine dinucleotide (NAD+)	results/PDAC/02_MAPPING/20260920T111500Z_direct_mapping_v1/direct_relations_v1.tsv	False
ADH7	0203da9285e52a16	PDAC_exact_human_annotation_v1	KEGG:C00003	nicotinamide adenine dinucleotide (NAD+)	results/PDAC/02_MAPPING/20260920T111500Z_direct_mapping_v1/direct_relations_v1.tsv	False
AIFM1	8387024342ee4bf5	PDAC_exact_human_annotation_v1	KEGG:C00003	nicotinamide adenine dinucleotide (NAD+)	results/PDAC/02_MAPPING/20260920T111500Z_direct_mapping_v1/direct_relations_v1.tsv	False
AIFM2	c269b6e3a3ba8576	PDAC_exact_human_annotation_v1	KEGG:C00003	nicotinamide adenine dinucleotide (NAD+)	results/PDAC/02_MAPPING/20260920T111500Z_direct_mapping_v1/direct_relations_v1.tsv	False
AKR1C1	d2994a5d65346451	PDAC_exact_human_annotation_v1	KEGG:C00003	nicotinamide adenine dinucleotide (NAD+)	results/PDAC/02_MAPPING/20260920T111500Z_direct_mapping_v1/direct_relations_v1.tsv	False
AKR1C2	1b4e651405f7f2b5	PDAC_exact_human_annotation_v1	KEGG:C00003	nicotinamide adenine dinucleotide (NAD+)	results/PDAC/02_MAPPING/20260920T111500Z_direct_mapping_v1/direct_relations_v1.tsv	False
AKR1C3	f49b7ca43c4c1c52	PDAC_exact_human_annotation_v1	KEGG:C00003	nicotinamide adenine dinucleotide (NAD+)	results/PDAC/02_MAPPING/20260920T111500Z_direct_mapping_v1/direct_relations_v1.tsv	False
AKR1C4	3a923c08fdde40df	PDAC_exact_human_annotation_v1	KEGG:C00003	nicotinamide adenine dinucleotide (NAD+)	results/PDAC/02_MAPPING/20260920T111500Z_direct_mapping_v1/direct_relations_v1.tsv	False
ALDH1A1	2c08cc55d98f48f8	PDAC_exact_human_annotation_v1	KEGG:C00003	nicotinamide adenine dinucleotide (NAD+)	results/PDAC/02_MAPPING/20260920T111500Z_direct_mapping_v1/direct_relations_v1.tsv	False
ALDH1A2	2867752dc906073d	PDAC_exact_human_annotation_v1	KEGG:C00003	nicotinamide adenine dinucleotide (NAD+)	results/PDAC/02_MAPPING/20260920T111500Z_direct_mapping_v1/direct_relations_v1.tsv	False
ALDH1A3	fb900ac760e3e192	PDAC_exact_human_annotation_v1	KEGG:C00003	nicotinamide adenine dinucleotide (NAD+)	results/PDAC/02_MAPPING/20260920T111500Z_direct_mapping_v1/direct_relations_v1.tsv	False
ALDH1B1	22369f17df91c485	PDAC_exact_human_annotation_v1	KEGG:C00003	nicotinamide adenine dinucleotide (NAD+)	results/PDAC/02_MAPPING/20260920T111500Z_direct_mapping_v1/direct_relations_v1.tsv	False
ALDH2	39d6df2d2b459e7b	PDAC_exact_human_annotation_v1	KEGG:C00003	nicotinamide adenine dinucleotide (NAD+)	results/PDAC/02_MAPPING/20260920T111500Z_direct_mapping_v1/direct_relations_v1.tsv	False
ALDH3A1	ed41e4cee07cf56d	PDAC_exact_human_annotation_v1	KEGG:C00003	nicotinamide adenine dinucleotide (NAD+)	results/PDAC/02_MAPPING/20260920T111500Z_direct_mapping_v1/direct_relations_v1.tsv	False
ALDH3A2	39d0f666a08d6a0c	PDAC_exact_human_annotation_v1	KEGG:C00003	nicotinamide adenine dinucleotide (NAD+)	results/PDAC/02_MAPPING/20260920T111500Z_direct_mapping_v1/direct_relations_v1.tsv	False
ALDH3B1	6de4d6fd18054e95	PDAC_exact_human_annotation_v1	KEGG:C00003	nicotinamide adenine dinucleotide (NAD+)	results/PDAC/02_MAPPING/20260920T111500Z_direct_mapping_v1/direct_relations_v1.tsv	False
ALDH4A1	c0530f72b416b807	PDAC_exact_human_annotation_v1	KEGG:C00003	nicotinamide adenine dinucleotide (NAD+)	results/PDAC/02_MAPPING/20260920T111500Z_direct_mapping_v1/direct_relations_v1.tsv	False
ALDH5A1	d51879d619cd1792	PDAC_exact_human_annotation_v1	KEGG:C00003	nicotinamide adenine dinucleotide (NAD+)	results/PDAC/02_MAPPING/20260920T111500Z_direct_mapping_v1/direct_relations_v1.tsv	False
ALDH6A1	b89276e4c01c161d	PDAC_exact_human_annotation_v1	KEGG:C00003	nicotinamide adenine dinucleotide (NAD+)	results/PDAC/02_MAPPING/20260920T111500Z_direct_mapping_v1/direct_relations_v1.tsv	False
ALDH7A1	d7c8a1b69675d0f3	PDAC_exact_human_annotation_v1	KEGG:C00003	nicotinamide adenine dinucleotide (NAD+)	results/PDAC/02_MAPPING/20260920T111500Z_direct_mapping_v1/direct_relations_v1.tsv	False
ALDH8A1	67f17e75dfc93fae	PDAC_exact_human_annotation_v1	KEGG:C00003	nicotinamide adenine dinucleotide (NAD+)	results/PDAC/02_MAPPING/20260920T111500Z_direct_mapping_v1/direct_relations_v1.tsv	False
ALDH9A1	c2bbc5755f15c7c5	PDAC_exact_human_annotation_v1	KEGG:C00003	nicotinamide adenine dinucleotide (NAD+)	results/PDAC/02_MAPPING/20260920T111500Z_direct_mapping_v1/direct_relations_v1.tsv	False
BDH2	e4214279084e12ef	PDAC_exact_human_annotation_v1	KEGG:C00003	nicotinamide adenine dinucleotide (NAD+)	results/PDAC/02_MAPPING/20260920T111500Z_direct_mapping_v1/direct_relations_v1.tsv	False
BLVRA	0f30ca83102c0cf3	PDAC_exact_human_annotation_v1	KEGG:C00003	nicotinamide adenine dinucleotide (NAD+)	results/PDAC/02_MAPPING/20260920T111500Z_direct_mapping_v1/direct_relations_v1.tsv	False
BLVRB	2be4e6178e493a02	PDAC_exact_human_annotation_v1	KEGG:C00003	nicotinamide adenine dinucleotide (NAD+)	results/PDAC/02_MAPPING/20260920T111500Z_direct_mapping_v1/direct_relations_v1.tsv	False
BST1	e3a2b4ae204a9769	PDAC_exact_human_annotation_v1	KEGG:C00003	nicotinamide adenine dinucleotide (NAD+)	results/PDAC/02_MAPPING/20260920T111500Z_direct_mapping_v1/direct_relations_v1.tsv	False
CD38	1a2939ef60e56193	PDAC_exact_human_annotation_v1	KEGG:C00003	nicotinamide adenine dinucleotide (NAD+)	results/PDAC/02_MAPPING/20260920T111500Z_direct_mapping_v1/direct_relations_v1.tsv	False
COQ7	2ba9209107e96174	PDAC_exact_human_annotation_v1	KEGG:C00003	nicotinamide adenine dinucleotide (NAD+)	results/PDAC/02_MAPPING/20260920T111500Z_direct_mapping_v1/direct_relations_v1.tsv	False
CRYL1	4b8923f9acb58cb9	PDAC_exact_human_annotation_v1	KEGG:C00003	nicotinamide adenine dinucleotide (NAD+)	results/PDAC/02_MAPPING/20260920T111500Z_direct_mapping_v1/direct_relations_v1.tsv	False
CRYM	fc7c0d73971cc446	PDAC_exact_human_annotation_v1	KEGG:C00003	nicotinamide adenine dinucleotide (NAD+)	results/PDAC/02_MAPPING/20260920T111500Z_direct_mapping_v1/direct_relations_v1.tsv	False
CYB5R3	18bd6637b211418b	PDAC_exact_human_annotation_v1	KEGG:C00003	nicotinamide adenine dinucleotide (NAD+)	results/PDAC/02_MAPPING/20260920T111500Z_direct_mapping_v1/direct_relations_v1.tsv	False
DHRS9	f5880bcaf3e90e83	PDAC_exact_human_annotation_v1	KEGG:C00003	nicotinamide adenine dinucleotide (NAD+)	results/PDAC/02_MAPPING/20260920T111500Z_direct_mapping_v1/direct_relations_v1.tsv	False
DHRSX	4b1beb5c088bf181	PDAC_exact_human_annotation_v1	KEGG:C00003	nicotinamide adenine dinucleotide (NAD+)	results/PDAC/02_MAPPING/20260920T111500Z_direct_mapping_v1/direct_relations_v1.tsv	False
DLD	3a02a4b11b4b0c54	PDAC_exact_human_annotation_v1	KEGG:C00003	nicotinamide adenine dinucleotide (NAD+)	results/PDAC/02_MAPPING/20260920T111500Z_direct_mapping_v1/direct_relations_v1.tsv	False
DUOX1	76ff6c289f81d499	PDAC_exact_human_annotation_v1	KEGG:C00003	nicotinamide adenine dinucleotide (NAD+)	results/PDAC/02_MAPPING/20260920T111500Z_direct_mapping_v1/direct_relations_v1.tsv	False
DUOX2	da1a6095c8effb77	PDAC_exact_human_annotation_v1	KEGG:C00003	nicotinamide adenine dinucleotide (NAD+)	results/PDAC/02_MAPPING/20260920T111500Z_direct_mapping_v1/direct_relations_v1.tsv	False
DUS1L	46cd53aaf807acdb	PDAC_exact_human_annotation_v1	KEGG:C00003	nicotinamide adenine dinucleotide (NAD+)	results/PDAC/02_MAPPING/20260920T111500Z_direct_mapping_v1/direct_relations_v1.tsv	False
DXO	4a95df70bdb954b0	PDAC_exact_human_annotation_v1	KEGG:C00003	nicotinamide adenine dinucleotide (NAD+)	results/PDAC/02_MAPPING/20260920T111500Z_direct_mapping_v1/direct_relations_v1.tsv	False
EHHADH	38970fda60571f49	PDAC_exact_human_annotation_v1	KEGG:C00003	nicotinamide adenine dinucleotide (NAD+)	results/PDAC/02_MAPPING/20260920T111500Z_direct_mapping_v1/direct_relations_v1.tsv	False
FDFT1	b2a699efc078693f	PDAC_exact_human_annotation_v1	KEGG:C00003	nicotinamide adenine dinucleotide (NAD+)	results/PDAC/02_MAPPING/20260920T111500Z_direct_mapping_v1/direct_relations_v1.tsv	False
FMO1	8aae24d025b8c264	PDAC_exact_human_annotation_v1	KEGG:C00003	nicotinamide adenine dinucleotide (NAD+)	results/PDAC/02_MAPPING/20260920T111500Z_direct_mapping_v1/direct_relations_v1.tsv	False
GAPDH	6846832177c30973	PDAC_exact_human_annotation_v1	KEGG:C00003	nicotinamide adenine dinucleotide (NAD+)	results/PDAC/02_MAPPING/20260920T111500Z_direct_mapping_v1/direct_relations_v1.tsv	False
GLUD1	0260306dbbcc0ebf	PDAC_exact_human_annotation_v1	KEGG:C00003	nicotinamide adenine dinucleotide (NAD+)	results/PDAC/02_MAPPING/20260920T111500Z_direct_mapping_v1/direct_relations_v1.tsv	False
GPD1	2b6d4caed93e48c4	PDAC_exact_human_annotation_v1	KEGG:C00003	nicotinamide adenine dinucleotide (NAD+)	results/PDAC/02_MAPPING/20260920T111500Z_direct_mapping_v1/direct_relations_v1.tsv	False
GPD1L	a1febf5440f93286	PDAC_exact_human_annotation_v1	KEGG:C00003	nicotinamide adenine dinucleotide (NAD+)	results/PDAC/02_MAPPING/20260920T111500Z_direct_mapping_v1/direct_relations_v1.tsv	False
GRHPR	658de0eccff45faa	PDAC_exact_human_annotation_v1	KEGG:C00003	nicotinamide adenine dinucleotide (NAD+)	results/PDAC/02_MAPPING/20260920T111500Z_direct_mapping_v1/direct_relations_v1.tsv	False
HADH	e2df5189823486ac	PDAC_exact_human_annotation_v1	KEGG:C00003	nicotinamide adenine dinucleotide (NAD+)	results/PDAC/02_MAPPING/20260920T111500Z_direct_mapping_v1/direct_relations_v1.tsv	False
HADHA	e4cfe97905592d0c	PDAC_exact_human_annotation_v1	KEGG:C00003	nicotinamide adenine dinucleotide (NAD+)	results/PDAC/02_MAPPING/20260920T111500Z_direct_mapping_v1/direct_relations_v1.tsv	False
HIBADH	f1da55996ec9bb9f	PDAC_exact_human_annotation_v1	KEGG:C00003	nicotinamide adenine dinucleotide (NAD+)	results/PDAC/02_MAPPING/20260920T111500Z_direct_mapping_v1/direct_relations_v1.tsv	False
HPGD	9664ad64b530c5b7	PDAC_exact_human_annotation_v1	KEGG:C00003	nicotinamide adenine dinucleotide (NAD+)	results/PDAC/02_MAPPING/20260920T111500Z_direct_mapping_v1/direct_relations_v1.tsv	False
HSD11B2	3bac2436eb58b2ec	PDAC_exact_human_annotation_v1	KEGG:C00003	nicotinamide adenine dinucleotide (NAD+)	results/PDAC/02_MAPPING/20260920T111500Z_direct_mapping_v1/direct_relations_v1.tsv	False
HSD17B1	45907ab648890f5c	PDAC_exact_human_annotation_v1	KEGG:C00003	nicotinamide adenine dinucleotide (NAD+)	results/PDAC/02_MAPPING/20260920T111500Z_direct_mapping_v1/direct_relations_v1.tsv	False
HSD17B11	91cd6b7b758de409	PDAC_exact_human_annotation_v1	KEGG:C00003	nicotinamide adenine dinucleotide (NAD+)	results/PDAC/02_MAPPING/20260920T111500Z_direct_mapping_v1/direct_relations_v1.tsv	False
HSD17B12	1a6f41d16d4ecbf7	PDAC_exact_human_annotation_v1	KEGG:C00003	nicotinamide adenine dinucleotide (NAD+)	results/PDAC/02_MAPPING/20260920T111500Z_direct_mapping_v1/direct_relations_v1.tsv	False
HSD17B13	5eda456bd43507dd	PDAC_exact_human_annotation_v1	KEGG:C00003	nicotinamide adenine dinucleotide (NAD+)	results/PDAC/02_MAPPING/20260920T111500Z_direct_mapping_v1/direct_relations_v1.tsv	False
HSD17B14	7916b244b79c32a7	PDAC_exact_human_annotation_v1	KEGG:C00003	nicotinamide adenine dinucleotide (NAD+)	results/PDAC/02_MAPPING/20260920T111500Z_direct_mapping_v1/direct_relations_v1.tsv	False
HSD17B2	1f04f4bae77977ad	PDAC_exact_human_annotation_v1	KEGG:C00003	nicotinamide adenine dinucleotide (NAD+)	results/PDAC/02_MAPPING/20260920T111500Z_direct_mapping_v1/direct_relations_v1.tsv	False
HSD17B4	ecf33020a8f1e70e	PDAC_exact_human_annotation_v1	KEGG:C00003	nicotinamide adenine dinucleotide (NAD+)	results/PDAC/02_MAPPING/20260920T111500Z_direct_mapping_v1/direct_relations_v1.tsv	False
HSD17B6	0a5742fb0508e63c	PDAC_exact_human_annotation_v1	KEGG:C00003	nicotinamide adenine dinucleotide (NAD+)	results/PDAC/02_MAPPING/20260920T111500Z_direct_mapping_v1/direct_relations_v1.tsv	False
HSD17B8	bb535550ce80a9c0	PDAC_exact_human_annotation_v1	KEGG:C00003	nicotinamide adenine dinucleotide (NAD+)	results/PDAC/02_MAPPING/20260920T111500Z_direct_mapping_v1/direct_relations_v1.tsv	False
HSD3B1	499df301cf6e4af3	PDAC_exact_human_annotation_v1	KEGG:C00003	nicotinamide adenine dinucleotide (NAD+)	results/PDAC/02_MAPPING/20260920T111500Z_direct_mapping_v1/direct_relations_v1.tsv	False
HSD3B2	763dc9834b93abc0	PDAC_exact_human_annotation_v1	KEGG:C00003	nicotinamide adenine dinucleotide (NAD+)	results/PDAC/02_MAPPING/20260920T111500Z_direct_mapping_v1/direct_relations_v1.tsv	False
HSD3B7	1b316d2427fbdf7d	PDAC_exact_human_annotation_v1	KEGG:C00003	nicotinamide adenine dinucleotide (NAD+)	results/PDAC/02_MAPPING/20260920T111500Z_direct_mapping_v1/direct_relations_v1.tsv	False
IDH3A	f65bc9ee23c08fb5	PDAC_exact_human_annotation_v1	KEGG:C00003	nicotinamide adenine dinucleotide (NAD+)	results/PDAC/02_MAPPING/20260920T111500Z_direct_mapping_v1/direct_relations_v1.tsv	False
IMPDH2	698c929ffd814cec	PDAC_exact_human_annotation_v1	KEGG:C00003	nicotinamide adenine dinucleotide (NAD+)	results/PDAC/02_MAPPING/20260920T111500Z_direct_mapping_v1/direct_relations_v1.tsv	False
LDHA	51af29ea60160e45	PDAC_exact_human_annotation_v1	KEGG:C00003	nicotinamide adenine dinucleotide (NAD+)	results/PDAC/02_MAPPING/20260920T111500Z_direct_mapping_v1/direct_relations_v1.tsv	False
LDHAL6A	85a0c17347d7490c	PDAC_exact_human_annotation_v1	KEGG:C00003	nicotinamide adenine dinucleotide (NAD+)	results/PDAC/02_MAPPING/20260920T111500Z_direct_mapping_v1/direct_relations_v1.tsv	False
LDHB	22fd2ec4a2c34ae1	PDAC_exact_human_annotation_v1	KEGG:C00003	nicotinamide adenine dinucleotide (NAD+)	results/PDAC/02_MAPPING/20260920T111500Z_direct_mapping_v1/direct_relations_v1.tsv	False
MDH1	629b21d60854a0e2	PDAC_exact_human_annotation_v1	KEGG:C00003	nicotinamide adenine dinucleotide (NAD+)	results/PDAC/02_MAPPING/20260920T111500Z_direct_mapping_v1/direct_relations_v1.tsv	False
MDH2	9aef6392caca05a0	PDAC_exact_human_annotation_v1	KEGG:C00003	nicotinamide adenine dinucleotide (NAD+)	results/PDAC/02_MAPPING/20260920T111500Z_direct_mapping_v1/direct_relations_v1.tsv	False
ME2	be39291c63df672d	PDAC_exact_human_annotation_v1	KEGG:C00003	nicotinamide adenine dinucleotide (NAD+)	results/PDAC/02_MAPPING/20260920T111500Z_direct_mapping_v1/direct_relations_v1.tsv	False
MTHFD2	ca0545bbdc8d340b	PDAC_exact_human_annotation_v1	KEGG:C00003	nicotinamide adenine dinucleotide (NAD+)	results/PDAC/02_MAPPING/20260920T111500Z_direct_mapping_v1/direct_relations_v1.tsv	False
NADK	ddd71a6ba883aa38	PDAC_exact_human_annotation_v1	KEGG:C00003	nicotinamide adenine dinucleotide (NAD+)	results/PDAC/02_MAPPING/20260920T111500Z_direct_mapping_v1/direct_relations_v1.tsv	False
NADK2	f3f79ce266d76529	PDAC_exact_human_annotation_v1	KEGG:C00003	nicotinamide adenine dinucleotide (NAD+)	results/PDAC/02_MAPPING/20260920T111500Z_direct_mapping_v1/direct_relations_v1.tsv	False
NADSYN1	35e74f1c8c7ac863	PDAC_exact_human_annotation_v1	KEGG:C00003	nicotinamide adenine dinucleotide (NAD+)	results/PDAC/02_MAPPING/20260920T111500Z_direct_mapping_v1/direct_relations_v1.tsv	False
NMNAT1	cb05f0efc3cfddf6	PDAC_exact_human_annotation_v1	KEGG:C00003	nicotinamide adenine dinucleotide (NAD+)	results/PDAC/02_MAPPING/20260920T111500Z_direct_mapping_v1/direct_relations_v1.tsv	False
NMNAT2	c87f859a627c7cf5	PDAC_exact_human_annotation_v1	KEGG:C00003	nicotinamide adenine dinucleotide (NAD+)	results/PDAC/02_MAPPING/20260920T111500Z_direct_mapping_v1/direct_relations_v1.tsv	False
NMNAT3	7931f56cd3007b2c	PDAC_exact_human_annotation_v1	KEGG:C00003	nicotinamide adenine dinucleotide (NAD+)	results/PDAC/02_MAPPING/20260920T111500Z_direct_mapping_v1/direct_relations_v1.tsv	False
NOCT	7ec1560cf6ab48b9	PDAC_exact_human_annotation_v1	KEGG:C00003	nicotinamide adenine dinucleotide (NAD+)	results/PDAC/02_MAPPING/20260920T111500Z_direct_mapping_v1/direct_relations_v1.tsv	False
NQO1	5b874ebebf4d9954	PDAC_exact_human_annotation_v1	KEGG:C00003	nicotinamide adenine dinucleotide (NAD+)	results/PDAC/02_MAPPING/20260920T111500Z_direct_mapping_v1/direct_relations_v1.tsv	False
NUDT12	c75db879624582fb	PDAC_exact_human_annotation_v1	KEGG:C00003	nicotinamide adenine dinucleotide (NAD+)	results/PDAC/02_MAPPING/20260920T111500Z_direct_mapping_v1/direct_relations_v1.tsv	False
PARP1	11c6cba2bf989182	PDAC_exact_human_annotation_v1	KEGG:C00003	nicotinamide adenine dinucleotide (NAD+)	results/PDAC/02_MAPPING/20260920T111500Z_direct_mapping_v1/direct_relations_v1.tsv	False
PARP10	373e0d5cb5d80a2e	PDAC_exact_human_annotation_v1	KEGG:C00003	nicotinamide adenine dinucleotide (NAD+)	results/PDAC/02_MAPPING/20260920T111500Z_direct_mapping_v1/direct_relations_v1.tsv	False
PARP11	461608b6b0d735d5	PDAC_exact_human_annotation_v1	KEGG:C00003	nicotinamide adenine dinucleotide (NAD+)	results/PDAC/02_MAPPING/20260920T111500Z_direct_mapping_v1/direct_relations_v1.tsv	False
PARP12	7346e30904bf5fc5	PDAC_exact_human_annotation_v1	KEGG:C00003	nicotinamide adenine dinucleotide (NAD+)	results/PDAC/02_MAPPING/20260920T111500Z_direct_mapping_v1/direct_relations_v1.tsv	False
PARP14	e4c7bdb2ea26edd1	PDAC_exact_human_annotation_v1	KEGG:C00003	nicotinamide adenine dinucleotide (NAD+)	results/PDAC/02_MAPPING/20260920T111500Z_direct_mapping_v1/direct_relations_v1.tsv	False
PARP16	5bc42781ee85f78d	PDAC_exact_human_annotation_v1	KEGG:C00003	nicotinamide adenine dinucleotide (NAD+)	results/PDAC/02_MAPPING/20260920T111500Z_direct_mapping_v1/direct_relations_v1.tsv	False
PARP2	d17e7270b139d9ac	PDAC_exact_human_annotation_v1	KEGG:C00003	nicotinamide adenine dinucleotide (NAD+)	results/PDAC/02_MAPPING/20260920T111500Z_direct_mapping_v1/direct_relations_v1.tsv	False
PARP3	ab3d2511ee836198	PDAC_exact_human_annotation_v1	KEGG:C00003	nicotinamide adenine dinucleotide (NAD+)	results/PDAC/02_MAPPING/20260920T111500Z_direct_mapping_v1/direct_relations_v1.tsv	False
PARP6	edf210302f265726	PDAC_exact_human_annotation_v1	KEGG:C00003	nicotinamide adenine dinucleotide (NAD+)	results/PDAC/02_MAPPING/20260920T111500Z_direct_mapping_v1/direct_relations_v1.tsv	False
PARP8	21000585333f81ea	PDAC_exact_human_annotation_v1	KEGG:C00003	nicotinamide adenine dinucleotide (NAD+)	results/PDAC/02_MAPPING/20260920T111500Z_direct_mapping_v1/direct_relations_v1.tsv	False
PARP9	d9cdad8b473eab3b	PDAC_exact_human_annotation_v1	KEGG:C00003	nicotinamide adenine dinucleotide (NAD+)	results/PDAC/02_MAPPING/20260920T111500Z_direct_mapping_v1/direct_relations_v1.tsv	False
PHGDH	4c87db55998b64f6	PDAC_exact_human_annotation_v1	KEGG:C00003	nicotinamide adenine dinucleotide (NAD+)	results/PDAC/02_MAPPING/20260920T111500Z_direct_mapping_v1/direct_relations_v1.tsv	False
PTGR2	551a0b4688f9be27	PDAC_exact_human_annotation_v1	KEGG:C00003	nicotinamide adenine dinucleotide (NAD+)	results/PDAC/02_MAPPING/20260920T111500Z_direct_mapping_v1/direct_relations_v1.tsv	False
PYCR1	a37ec5b1e86e5ad1	PDAC_exact_human_annotation_v1	KEGG:C00003	nicotinamide adenine dinucleotide (NAD+)	results/PDAC/02_MAPPING/20260920T111500Z_direct_mapping_v1/direct_relations_v1.tsv	False
PYCR2	ff4a198da9ecc5a9	PDAC_exact_human_annotation_v1	KEGG:C00003	nicotinamide adenine dinucleotide (NAD+)	results/PDAC/02_MAPPING/20260920T111500Z_direct_mapping_v1/direct_relations_v1.tsv	False
PYCR3	ef074ac59d8271aa	PDAC_exact_human_annotation_v1	KEGG:C00003	nicotinamide adenine dinucleotide (NAD+)	results/PDAC/02_MAPPING/20260920T111500Z_direct_mapping_v1/direct_relations_v1.tsv	False
PYROXD1	c3b44b58ca11f113	PDAC_exact_human_annotation_v1	KEGG:C00003	nicotinamide adenine dinucleotide (NAD+)	results/PDAC/02_MAPPING/20260920T111500Z_direct_mapping_v1/direct_relations_v1.tsv	False
QDPR	461ef0923948046a	PDAC_exact_human_annotation_v1	KEGG:C00003	nicotinamide adenine dinucleotide (NAD+)	results/PDAC/02_MAPPING/20260920T111500Z_direct_mapping_v1/direct_relations_v1.tsv	False
RDH16	8d4c3249e328471a	PDAC_exact_human_annotation_v1	KEGG:C00003	nicotinamide adenine dinucleotide (NAD+)	results/PDAC/02_MAPPING/20260920T111500Z_direct_mapping_v1/direct_relations_v1.tsv	False
RDH5	2ec3dfcf1babc08f	PDAC_exact_human_annotation_v1	KEGG:C00003	nicotinamide adenine dinucleotide (NAD+)	results/PDAC/02_MAPPING/20260920T111500Z_direct_mapping_v1/direct_relations_v1.tsv	False
RNLS	49e7ef382a26e3a5	PDAC_exact_human_annotation_v1	KEGG:C00003	nicotinamide adenine dinucleotide (NAD+)	results/PDAC/02_MAPPING/20260920T111500Z_direct_mapping_v1/direct_relations_v1.tsv	False
RTN4IP1	76bebe3c918f5511	PDAC_exact_human_annotation_v1	KEGG:C00003	nicotinamide adenine dinucleotide (NAD+)	results/PDAC/02_MAPPING/20260920T111500Z_direct_mapping_v1/direct_relations_v1.tsv	False
SARM1	8da7055635654b8f	PDAC_exact_human_annotation_v1	KEGG:C00003	nicotinamide adenine dinucleotide (NAD+)	results/PDAC/02_MAPPING/20260920T111500Z_direct_mapping_v1/direct_relations_v1.tsv	False
SDR16C5	f2e507a77974dbf0	PDAC_exact_human_annotation_v1	KEGG:C00003	nicotinamide adenine dinucleotide (NAD+)	results/PDAC/02_MAPPING/20260920T111500Z_direct_mapping_v1/direct_relations_v1.tsv	False
SDR9C7	ac497cb6e4cbcb4b	PDAC_exact_human_annotation_v1	KEGG:C00003	nicotinamide adenine dinucleotide (NAD+)	results/PDAC/02_MAPPING/20260920T111500Z_direct_mapping_v1/direct_relations_v1.tsv	False
SIRT1	b5aae786bc749765	PDAC_exact_human_annotation_v1	KEGG:C00003	nicotinamide adenine dinucleotide (NAD+)	results/PDAC/02_MAPPING/20260920T111500Z_direct_mapping_v1/direct_relations_v1.tsv	False
SIRT2	8917245cb3770832	PDAC_exact_human_annotation_v1	KEGG:C00003	nicotinamide adenine dinucleotide (NAD+)	results/PDAC/02_MAPPING/20260920T111500Z_direct_mapping_v1/direct_relations_v1.tsv	False
SIRT3	be0f9d0e906da77d	PDAC_exact_human_annotation_v1	KEGG:C00003	nicotinamide adenine dinucleotide (NAD+)	results/PDAC/02_MAPPING/20260920T111500Z_direct_mapping_v1/direct_relations_v1.tsv	False
SIRT4	909961159765077b	PDAC_exact_human_annotation_v1	KEGG:C00003	nicotinamide adenine dinucleotide (NAD+)	results/PDAC/02_MAPPING/20260920T111500Z_direct_mapping_v1/direct_relations_v1.tsv	False
SIRT5	8fb821b16206698a	PDAC_exact_human_annotation_v1	KEGG:C00003	nicotinamide adenine dinucleotide (NAD+)	results/PDAC/02_MAPPING/20260920T111500Z_direct_mapping_v1/direct_relations_v1.tsv	False
SIRT6	6fade8d4caef390d	PDAC_exact_human_annotation_v1	KEGG:C00003	nicotinamide adenine dinucleotide (NAD+)	results/PDAC/02_MAPPING/20260920T111500Z_direct_mapping_v1/direct_relations_v1.tsv	False
SIRT7	787eee95f0df9b06	PDAC_exact_human_annotation_v1	KEGG:C00003	nicotinamide adenine dinucleotide (NAD+)	results/PDAC/02_MAPPING/20260920T111500Z_direct_mapping_v1/direct_relations_v1.tsv	False
SLC25A17	c6ce72a2b759d8ff	PDAC_exact_human_annotation_v1	KEGG:C00003	nicotinamide adenine dinucleotide (NAD+)	results/PDAC/02_MAPPING/20260920T111500Z_direct_mapping_v1/direct_relations_v1.tsv	False
SLC25A47	15afb3b1ba38702f	PDAC_exact_human_annotation_v1	KEGG:C00003	nicotinamide adenine dinucleotide (NAD+)	results/PDAC/02_MAPPING/20260920T111500Z_direct_mapping_v1/direct_relations_v1.tsv	False
SORD	016c561fbdcd6a09	PDAC_exact_human_annotation_v1	KEGG:C00003	nicotinamide adenine dinucleotide (NAD+)	results/PDAC/02_MAPPING/20260920T111500Z_direct_mapping_v1/direct_relations_v1.tsv	False
TIPARP	adbfb377813be636	PDAC_exact_human_annotation_v1	KEGG:C00003	nicotinamide adenine dinucleotide (NAD+)	results/PDAC/02_MAPPING/20260920T111500Z_direct_mapping_v1/direct_relations_v1.tsv	False
UGDH	c1dfecc2b455b354	PDAC_exact_human_annotation_v1	KEGG:C00003	nicotinamide adenine dinucleotide (NAD+)	results/PDAC/02_MAPPING/20260920T111500Z_direct_mapping_v1/direct_relations_v1.tsv	False
XDH	b9f4b032f3092192	PDAC_exact_human_annotation_v1	KEGG:C00003	nicotinamide adenine dinucleotide (NAD+)	results/PDAC/02_MAPPING/20260920T111500Z_direct_mapping_v1/direct_relations_v1.tsv	False
AGMAT	2c1eb376d4568936	PDAC_exact_human_annotation_v1	KEGG:C00077	ornithine	results/PDAC/02_MAPPING/20260920T111500Z_direct_mapping_v1/direct_relations_v1.tsv	False
ARG1	c08a241f461fe898	PDAC_exact_human_annotation_v1	KEGG:C00077	ornithine	results/PDAC/02_MAPPING/20260920T111500Z_direct_mapping_v1/direct_relations_v1.tsv	False
ARG2	58f5f0eda09cac3c	PDAC_exact_human_annotation_v1	KEGG:C00077	ornithine	results/PDAC/02_MAPPING/20260920T111500Z_direct_mapping_v1/direct_relations_v1.tsv	False
GATM	7ef2f6264ba88fdc	PDAC_exact_human_annotation_v1	KEGG:C00077	ornithine	results/PDAC/02_MAPPING/20260920T111500Z_direct_mapping_v1/direct_relations_v1.tsv	False
LACC1	c7b77954f9dd078b	PDAC_exact_human_annotation_v1	KEGG:C00077	ornithine	results/PDAC/02_MAPPING/20260920T111500Z_direct_mapping_v1/direct_relations_v1.tsv	False
OAT	b922be594654f64c	PDAC_exact_human_annotation_v1	KEGG:C00077	ornithine	results/PDAC/02_MAPPING/20260920T111500Z_direct_mapping_v1/direct_relations_v1.tsv	False
ODC1	640ee49de143bd18	PDAC_exact_human_annotation_v1	KEGG:C00077	ornithine	results/PDAC/02_MAPPING/20260920T111500Z_direct_mapping_v1/direct_relations_v1.tsv	False
OTC	dfd319e33ca62872	PDAC_exact_human_annotation_v1	KEGG:C00077	ornithine	results/PDAC/02_MAPPING/20260920T111500Z_direct_mapping_v1/direct_relations_v1.tsv	False
PM20D2	151116e7a9d10abe	PDAC_exact_human_annotation_v1	KEGG:C00077	ornithine	results/PDAC/02_MAPPING/20260920T111500Z_direct_mapping_v1/direct_relations_v1.tsv	False
SLC25A15	6661571ab7a92c0e	PDAC_exact_human_annotation_v1	KEGG:C00077	ornithine	results/PDAC/02_MAPPING/20260920T111500Z_direct_mapping_v1/direct_relations_v1.tsv	False
SLC25A2	9b9b010bebc1247b	PDAC_exact_human_annotation_v1	KEGG:C00077	ornithine	results/PDAC/02_MAPPING/20260920T111500Z_direct_mapping_v1/direct_relations_v1.tsv	False
SLC25A29	7d2f381ea2aab646	PDAC_exact_human_annotation_v1	KEGG:C00077	ornithine	results/PDAC/02_MAPPING/20260920T111500Z_direct_mapping_v1/direct_relations_v1.tsv	False
SLC7A3	010f9f3c792e35d8	PDAC_exact_human_annotation_v1	KEGG:C00077	ornithine	results/PDAC/02_MAPPING/20260920T111500Z_direct_mapping_v1/direct_relations_v1.tsv	False
AGMAT	ca5c8f70a4dc79ef	PDAC_exact_human_annotation_v1	KEGG:C00245	taurine	results/PDAC/02_MAPPING/20260920T111500Z_direct_mapping_v1/direct_relations_v1.tsv	False
BAAT	84da5aa556f54313	PDAC_exact_human_annotation_v1	KEGG:C00245	taurine	results/PDAC/02_MAPPING/20260920T111500Z_direct_mapping_v1/direct_relations_v1.tsv	False
FAAH	143d9130f190d5ef	PDAC_exact_human_annotation_v1	KEGG:C00245	taurine	results/PDAC/02_MAPPING/20260920T111500Z_direct_mapping_v1/direct_relations_v1.tsv	False
FMO1	459a664d45cd9eb0	PDAC_exact_human_annotation_v1	KEGG:C00245	taurine	results/PDAC/02_MAPPING/20260920T111500Z_direct_mapping_v1/direct_relations_v1.tsv	False
FMO3	274695f66f991a56	PDAC_exact_human_annotation_v1	KEGG:C00245	taurine	results/PDAC/02_MAPPING/20260920T111500Z_direct_mapping_v1/direct_relations_v1.tsv	False
GATM	486f5a94cf5d93c8	PDAC_exact_human_annotation_v1	KEGG:C00245	taurine	results/PDAC/02_MAPPING/20260920T111500Z_direct_mapping_v1/direct_relations_v1.tsv	False
LRRC8A	8018da920dce6b04	PDAC_exact_human_annotation_v1	KEGG:C00245	taurine	results/PDAC/02_MAPPING/20260920T111500Z_direct_mapping_v1/direct_relations_v1.tsv	False
MTO1	8e04c036adeaf85e	PDAC_exact_human_annotation_v1	KEGG:C00245	taurine	results/PDAC/02_MAPPING/20260920T111500Z_direct_mapping_v1/direct_relations_v1.tsv	False
SLC6A6	20f6511cb0e41baf	PDAC_exact_human_annotation_v1	KEGG:C00245	taurine	results/PDAC/02_MAPPING/20260920T111500Z_direct_mapping_v1/direct_relations_v1.tsv	False
NT5E	e3e4bbcddbacee97	PDAC_exact_human_annotation_v1	KEGG:C00214	thymidine	results/PDAC/02_MAPPING/20260920T111500Z_direct_mapping_v1/direct_relations_v1.tsv	False
NT5M	42201edd83aba460	PDAC_exact_human_annotation_v1	KEGG:C00214	thymidine	results/PDAC/02_MAPPING/20260920T111500Z_direct_mapping_v1/direct_relations_v1.tsv	False
SAMHD1	606744d0709da869	PDAC_exact_human_annotation_v1	KEGG:C00214	thymidine	results/PDAC/02_MAPPING/20260920T111500Z_direct_mapping_v1/direct_relations_v1.tsv	False
SLC28A1	1fc6e0ede1424058	PDAC_exact_human_annotation_v1	KEGG:C00214	thymidine	results/PDAC/02_MAPPING/20260920T111500Z_direct_mapping_v1/direct_relations_v1.tsv	False
SLC28A3	e2f07c6b9c151a9c	PDAC_exact_human_annotation_v1	KEGG:C00214	thymidine	results/PDAC/02_MAPPING/20260920T111500Z_direct_mapping_v1/direct_relations_v1.tsv	False
SLC29A1	b50de2eb0fb49d65	PDAC_exact_human_annotation_v1	KEGG:C00214	thymidine	results/PDAC/02_MAPPING/20260920T111500Z_direct_mapping_v1/direct_relations_v1.tsv	False
SLC29A2	3c76980ec1a9e439	PDAC_exact_human_annotation_v1	KEGG:C00214	thymidine	results/PDAC/02_MAPPING/20260920T111500Z_direct_mapping_v1/direct_relations_v1.tsv	False
SLC29A3	c043f6a4d422cb01	PDAC_exact_human_annotation_v1	KEGG:C00214	thymidine	results/PDAC/02_MAPPING/20260920T111500Z_direct_mapping_v1/direct_relations_v1.tsv	False
TK1	b69db8a4ccea83d7	PDAC_exact_human_annotation_v1	KEGG:C00214	thymidine	results/PDAC/02_MAPPING/20260920T111500Z_direct_mapping_v1/direct_relations_v1.tsv	False
TK2	2ccc6f91e2fb37c4	PDAC_exact_human_annotation_v1	KEGG:C00214	thymidine	results/PDAC/02_MAPPING/20260920T111500Z_direct_mapping_v1/direct_relations_v1.tsv	False
TYMP	6a4b77710ada095c	PDAC_exact_human_annotation_v1	KEGG:C00214	thymidine	results/PDAC/02_MAPPING/20260920T111500Z_direct_mapping_v1/direct_relations_v1.tsv	False
NT5M	9efcc7ab0c071ce7	PDAC_exact_human_annotation_v1	NAME:thymidine 3'-monophosphate	thymidine 3'-monophosphate	results/PDAC/02_MAPPING/20260920T111500Z_direct_mapping_v1/direct_relations_v1.tsv	False
DPYD	ae2b3b44837cde2b	PDAC_exact_human_annotation_v1	KEGG:C00178	thymine	results/PDAC/02_MAPPING/20260920T111500Z_direct_mapping_v1/direct_relations_v1.tsv	False
SLC29A1	bd19f65d7b78c818	PDAC_exact_human_annotation_v1	KEGG:C00178	thymine	results/PDAC/02_MAPPING/20260920T111500Z_direct_mapping_v1/direct_relations_v1.tsv	False
SLC29A2	ed6aa3a1c2667fc3	PDAC_exact_human_annotation_v1	KEGG:C00178	thymine	results/PDAC/02_MAPPING/20260920T111500Z_direct_mapping_v1/direct_relations_v1.tsv	False
TYMP	e40ab8944771834e	PDAC_exact_human_annotation_v1	KEGG:C00178	thymine	results/PDAC/02_MAPPING/20260920T111500Z_direct_mapping_v1/direct_relations_v1.tsv	False
AADAT	3f418d5378ea239e	PDAC_exact_human_annotation_v1	KEGG:C00078	tryptophan	results/PDAC/02_MAPPING/20260920T111500Z_direct_mapping_v1/direct_relations_v1.tsv	False
IDO1	74005302263d190d	PDAC_exact_human_annotation_v1	KEGG:C00078	tryptophan	results/PDAC/02_MAPPING/20260920T111500Z_direct_mapping_v1/direct_relations_v1.tsv	False
IDO2	2a4b4f54ce5b9e4e	PDAC_exact_human_annotation_v1	KEGG:C00078	tryptophan	results/PDAC/02_MAPPING/20260920T111500Z_direct_mapping_v1/direct_relations_v1.tsv	False
IL4I1	ce24e93d6b5446bf	PDAC_exact_human_annotation_v1	KEGG:C00078	tryptophan	results/PDAC/02_MAPPING/20260920T111500Z_direct_mapping_v1/direct_relations_v1.tsv	False
SLC16A10	9bfb84c33cfb21f9	PDAC_exact_human_annotation_v1	KEGG:C00078	tryptophan	results/PDAC/02_MAPPING/20260920T111500Z_direct_mapping_v1/direct_relations_v1.tsv	False
SLC36A4	2e2b07df38f0b860	PDAC_exact_human_annotation_v1	KEGG:C00078	tryptophan	results/PDAC/02_MAPPING/20260920T111500Z_direct_mapping_v1/direct_relations_v1.tsv	False
SLC6A14	30120c3ff2bcbec5	PDAC_exact_human_annotation_v1	KEGG:C00078	tryptophan	results/PDAC/02_MAPPING/20260920T111500Z_direct_mapping_v1/direct_relations_v1.tsv	False
SLC6A19	720d1bf4e114a655	PDAC_exact_human_annotation_v1	KEGG:C00078	tryptophan	results/PDAC/02_MAPPING/20260920T111500Z_direct_mapping_v1/direct_relations_v1.tsv	False
SLC7A5	3157acc0d6636421	PDAC_exact_human_annotation_v1	KEGG:C00078	tryptophan	results/PDAC/02_MAPPING/20260920T111500Z_direct_mapping_v1/direct_relations_v1.tsv	False
SLC7A8	3d1e32ac96d9520d	PDAC_exact_human_annotation_v1	KEGG:C00078	tryptophan	results/PDAC/02_MAPPING/20260920T111500Z_direct_mapping_v1/direct_relations_v1.tsv	False
SLCO3A1	6d61c2d703ff49c0	PDAC_exact_human_annotation_v1	KEGG:C00078	tryptophan	results/PDAC/02_MAPPING/20260920T111500Z_direct_mapping_v1/direct_relations_v1.tsv	False
TDO2	385ef55bc5987f6d	PDAC_exact_human_annotation_v1	KEGG:C00078	tryptophan	results/PDAC/02_MAPPING/20260920T111500Z_direct_mapping_v1/direct_relations_v1.tsv	False
TPH2	9b19ab6911a4ef6d	PDAC_exact_human_annotation_v1	KEGG:C00078	tryptophan	results/PDAC/02_MAPPING/20260920T111500Z_direct_mapping_v1/direct_relations_v1.tsv	False
WARS1	3a7fee178d8b6834	PDAC_exact_human_annotation_v1	KEGG:C00078	tryptophan	results/PDAC/02_MAPPING/20260920T111500Z_direct_mapping_v1/direct_relations_v1.tsv	False
WARS2	40b88405f2836e85	PDAC_exact_human_annotation_v1	KEGG:C00078	tryptophan	results/PDAC/02_MAPPING/20260920T111500Z_direct_mapping_v1/direct_relations_v1.tsv	False
