cancer	cohort	stage_id	run_id	analysis_version	analysis_type	metabolite_key	metabolite_name	gene	unit	n	n_reference	effect_type	effect	ci_lower	ci_upper	p_value	q_value	test_family	family_n_evaluable	status	reason	source_id	study	partition	celltype	human_gene_id	n_donors	n_cells	mean_expression	mean_detection_fraction	expression_scale
COAD	Uhlitz	06_EXTERNAL	20260922T141755Z_source_contract_sc_v2	COAD_source_contract_sc_v2	sc_expression_source	NA	NA	AQP9	author_source_donor_label	11	NA	donor_equal_mean_log1p_CP10K	0.0028784788019861687	NA	NA	NA	NA	NA:descriptive only	NA	DONE	DESCRIPTIVE_SOURCE_ONLY	Uhlitz original count matrix and annotation	Uhlitz	ALL	Bcells	hsa:366	11	1948	0.0028784788019861687	0.002116134441290864	per_cell_log1p_10000_full_gene_UMI_then_donor_mean
COAD	Uhlitz	06_EXTERNAL	20260922T141755Z_source_contract_sc_v2	COAD_source_contract_sc_v2	sc_expression_source	NA	NA	BCAT2	author_source_donor_label	11	NA	donor_equal_mean_log1p_CP10K	0.038771198591232355	NA	NA	NA	NA	NA:descriptive only	NA	DONE	DESCRIPTIVE_SOURCE_ONLY	Uhlitz original count matrix and annotation	Uhlitz	ALL	Bcells	hsa:587	11	1948	0.038771198591232355	0.02427530364881109	per_cell_log1p_10000_full_gene_UMI_then_donor_mean
COAD	Uhlitz	06_EXTERNAL	20260922T141755Z_source_contract_sc_v2	COAD_source_contract_sc_v2	sc_expression_source	NA	NA	GSTA1	author_source_donor_label	11	NA	donor_equal_mean_log1p_CP10K	0.0	NA	NA	NA	NA	NA:descriptive only	NA	DONE	DESCRIPTIVE_SOURCE_ONLY	Uhlitz original count matrix and annotation	Uhlitz	ALL	Bcells	hsa:2938	11	1948	0.0	0.0	per_cell_log1p_10000_full_gene_UMI_then_donor_mean
COAD	Uhlitz	06_EXTERNAL	20260922T141755Z_source_contract_sc_v2	COAD_source_contract_sc_v2	sc_expression_source	NA	NA	GSTA4	author_source_donor_label	11	NA	donor_equal_mean_log1p_CP10K	0.012347348837277632	NA	NA	NA	NA	NA:descriptive only	NA	DONE	DESCRIPTIVE_SOURCE_ONLY	Uhlitz original count matrix and annotation	Uhlitz	ALL	Bcells	hsa:2941	11	1948	0.012347348837277632	0.010426530668549304	per_cell_log1p_10000_full_gene_UMI_then_donor_mean
COAD	Uhlitz	06_EXTERNAL	20260922T141755Z_source_contract_sc_v2	COAD_source_contract_sc_v2	sc_expression_source	NA	NA	HDC	author_source_donor_label	11	NA	donor_equal_mean_log1p_CP10K	0.0	NA	NA	NA	NA	NA:descriptive only	NA	DONE	DESCRIPTIVE_SOURCE_ONLY	Uhlitz original count matrix and annotation	Uhlitz	ALL	Bcells	hsa:3067	11	1948	0.0	0.0	per_cell_log1p_10000_full_gene_UMI_then_donor_mean
COAD	Uhlitz	06_EXTERNAL	20260922T141755Z_source_contract_sc_v2	COAD_source_contract_sc_v2	sc_expression_source	NA	NA	NNMT	author_source_donor_label	11	NA	donor_equal_mean_log1p_CP10K	0.005198600345813053	NA	NA	NA	NA	NA:descriptive only	NA	DONE	DESCRIPTIVE_SOURCE_ONLY	Uhlitz original count matrix and annotation	Uhlitz	ALL	Bcells	hsa:4837	11	1948	0.005198600345813053	0.0036849441935514673	per_cell_log1p_10000_full_gene_UMI_then_donor_mean
COAD	Uhlitz	06_EXTERNAL	20260922T141755Z_source_contract_sc_v2	COAD_source_contract_sc_v2	sc_expression_source	NA	NA	OPLAH	author_source_donor_label	11	NA	donor_equal_mean_log1p_CP10K	0.0035444754857906283	NA	NA	NA	NA	NA:descriptive only	NA	DONE	DESCRIPTIVE_SOURCE_ONLY	Uhlitz original count matrix and annotation	Uhlitz	ALL	Bcells	hsa:26873	11	1948	0.0035444754857906283	0.002104721750370526	per_cell_log1p_10000_full_gene_UMI_then_donor_mean
COAD	Uhlitz	06_EXTERNAL	20260922T141755Z_source_contract_sc_v2	COAD_source_contract_sc_v2	sc_expression_source	NA	NA	SLC38A3	author_source_donor_label	11	NA	donor_equal_mean_log1p_CP10K	0.0	NA	NA	NA	NA	NA:descriptive only	NA	DONE	DESCRIPTIVE_SOURCE_ONLY	Uhlitz original count matrix and annotation	Uhlitz	ALL	Bcells	hsa:10991	11	1948	0.0	0.0	per_cell_log1p_10000_full_gene_UMI_then_donor_mean
COAD	Uhlitz	06_EXTERNAL	20260922T141755Z_source_contract_sc_v2	COAD_source_contract_sc_v2	sc_expression_source	NA	NA	SLC6A6	author_source_donor_label	11	NA	donor_equal_mean_log1p_CP10K	0.10994296202681292	NA	NA	NA	NA	NA:descriptive only	NA	DONE	DESCRIPTIVE_SOURCE_ONLY	Uhlitz original count matrix and annotation	Uhlitz	ALL	Bcells	hsa:6533	11	1948	0.10994296202681292	0.0780020429849566	per_cell_log1p_10000_full_gene_UMI_then_donor_mean
COAD	Uhlitz	06_EXTERNAL	20260922T141755Z_source_contract_sc_v2	COAD_source_contract_sc_v2	sc_expression_source	NA	NA	UCKL1	author_source_donor_label	11	NA	donor_equal_mean_log1p_CP10K	0.09458100612466151	NA	NA	NA	NA	NA:descriptive only	NA	DONE	DESCRIPTIVE_SOURCE_ONLY	Uhlitz original count matrix and annotation	Uhlitz	ALL	Bcells	hsa:54963	11	1948	0.09458100612466151	0.06372448589275621	per_cell_log1p_10000_full_gene_UMI_then_donor_mean
COAD	Uhlitz	06_EXTERNAL	20260922T141755Z_source_contract_sc_v2	COAD_source_contract_sc_v2	sc_expression_source	NA	NA	AQP9	author_source_donor_label	7	NA	donor_equal_mean_log1p_CP10K	0.00705699507020907	NA	NA	NA	NA	NA:descriptive only	NA	DONE	DESCRIPTIVE_SOURCE_ONLY	Uhlitz original count matrix and annotation	Uhlitz	ALL	Endothelial	hsa:366	7	480	0.00705699507020907	0.003968253968253968	per_cell_log1p_10000_full_gene_UMI_then_donor_mean
COAD	Uhlitz	06_EXTERNAL	20260922T141755Z_source_contract_sc_v2	COAD_source_contract_sc_v2	sc_expression_source	NA	NA	BCAT2	author_source_donor_label	7	NA	donor_equal_mean_log1p_CP10K	0.0809364664167367	NA	NA	NA	NA	NA:descriptive only	NA	DONE	DESCRIPTIVE_SOURCE_ONLY	Uhlitz original count matrix and annotation	Uhlitz	ALL	Endothelial	hsa:587	7	480	0.0809364664167367	0.10030785324140627	per_cell_log1p_10000_full_gene_UMI_then_donor_mean
COAD	Uhlitz	06_EXTERNAL	20260922T141755Z_source_contract_sc_v2	COAD_source_contract_sc_v2	sc_expression_source	NA	NA	GSTA1	author_source_donor_label	7	NA	donor_equal_mean_log1p_CP10K	0.0	NA	NA	NA	NA	NA:descriptive only	NA	DONE	DESCRIPTIVE_SOURCE_ONLY	Uhlitz original count matrix and annotation	Uhlitz	ALL	Endothelial	hsa:2938	7	480	0.0	0.0	per_cell_log1p_10000_full_gene_UMI_then_donor_mean
COAD	Uhlitz	06_EXTERNAL	20260922T141755Z_source_contract_sc_v2	COAD_source_contract_sc_v2	sc_expression_source	NA	NA	GSTA4	author_source_donor_label	7	NA	donor_equal_mean_log1p_CP10K	0.15278930743767097	NA	NA	NA	NA	NA:descriptive only	NA	DONE	DESCRIPTIVE_SOURCE_ONLY	Uhlitz original count matrix and annotation	Uhlitz	ALL	Endothelial	hsa:2941	7	480	0.15278930743767097	0.17158550962853208	per_cell_log1p_10000_full_gene_UMI_then_donor_mean
COAD	Uhlitz	06_EXTERNAL	20260922T141755Z_source_contract_sc_v2	COAD_source_contract_sc_v2	sc_expression_source	NA	NA	HDC	author_source_donor_label	7	NA	donor_equal_mean_log1p_CP10K	0.0007232656018815581	NA	NA	NA	NA	NA:descriptive only	NA	DONE	DESCRIPTIVE_SOURCE_ONLY	Uhlitz original count matrix and annotation	Uhlitz	ALL	Endothelial	hsa:3067	7	480	0.0007232656018815581	0.0013227513227513227	per_cell_log1p_10000_full_gene_UMI_then_donor_mean
COAD	Uhlitz	06_EXTERNAL	20260922T141755Z_source_contract_sc_v2	COAD_source_contract_sc_v2	sc_expression_source	NA	NA	NNMT	author_source_donor_label	7	NA	donor_equal_mean_log1p_CP10K	1.3293883957974424	NA	NA	NA	NA	NA:descriptive only	NA	DONE	DESCRIPTIVE_SOURCE_ONLY	Uhlitz original count matrix and annotation	Uhlitz	ALL	Endothelial	hsa:4837	7	480	1.3293883957974424	0.7466979386080688	per_cell_log1p_10000_full_gene_UMI_then_donor_mean
COAD	Uhlitz	06_EXTERNAL	20260922T141755Z_source_contract_sc_v2	COAD_source_contract_sc_v2	sc_expression_source	NA	NA	OPLAH	author_source_donor_label	7	NA	donor_equal_mean_log1p_CP10K	0.00904443335813398	NA	NA	NA	NA	NA:descriptive only	NA	DONE	DESCRIPTIVE_SOURCE_ONLY	Uhlitz original count matrix and annotation	Uhlitz	ALL	Endothelial	hsa:26873	7	480	0.00904443335813398	0.015158045468606291	per_cell_log1p_10000_full_gene_UMI_then_donor_mean
COAD	Uhlitz	06_EXTERNAL	20260922T141755Z_source_contract_sc_v2	COAD_source_contract_sc_v2	sc_expression_source	NA	NA	SLC38A3	author_source_donor_label	7	NA	donor_equal_mean_log1p_CP10K	0.0	NA	NA	NA	NA	NA:descriptive only	NA	DONE	DESCRIPTIVE_SOURCE_ONLY	Uhlitz original count matrix and annotation	Uhlitz	ALL	Endothelial	hsa:10991	7	480	0.0	0.0	per_cell_log1p_10000_full_gene_UMI_then_donor_mean
COAD	Uhlitz	06_EXTERNAL	20260922T141755Z_source_contract_sc_v2	COAD_source_contract_sc_v2	sc_expression_source	NA	NA	SLC6A6	author_source_donor_label	7	NA	donor_equal_mean_log1p_CP10K	0.36150900780713396	NA	NA	NA	NA	NA:descriptive only	NA	DONE	DESCRIPTIVE_SOURCE_ONLY	Uhlitz original count matrix and annotation	Uhlitz	ALL	Endothelial	hsa:6533	7	480	0.36150900780713396	0.257424259474106	per_cell_log1p_10000_full_gene_UMI_then_donor_mean
COAD	Uhlitz	06_EXTERNAL	20260922T141755Z_source_contract_sc_v2	COAD_source_contract_sc_v2	sc_expression_source	NA	NA	UCKL1	author_source_donor_label	7	NA	donor_equal_mean_log1p_CP10K	0.2222541339219862	NA	NA	NA	NA	NA:descriptive only	NA	DONE	DESCRIPTIVE_SOURCE_ONLY	Uhlitz original count matrix and annotation	Uhlitz	ALL	Endothelial	hsa:54963	7	480	0.2222541339219862	0.24434877842079622	per_cell_log1p_10000_full_gene_UMI_then_donor_mean
COAD	Uhlitz	06_EXTERNAL	20260922T141755Z_source_contract_sc_v2	COAD_source_contract_sc_v2	sc_expression_source	NA	NA	AQP9	author_source_donor_label	12	NA	donor_equal_mean_log1p_CP10K	0.013743975320540678	NA	NA	NA	NA	NA:descriptive only	NA	DONE	DESCRIPTIVE_SOURCE_ONLY	Uhlitz original count matrix and annotation	Uhlitz	ALL	Epithelial	hsa:366	12	13373	0.013743975320540678	0.00981384047806834	per_cell_log1p_10000_full_gene_UMI_then_donor_mean
COAD	Uhlitz	06_EXTERNAL	20260922T141755Z_source_contract_sc_v2	COAD_source_contract_sc_v2	sc_expression_source	NA	NA	BCAT2	author_source_donor_label	12	NA	donor_equal_mean_log1p_CP10K	0.11562804602661902	NA	NA	NA	NA	NA:descriptive only	NA	DONE	DESCRIPTIVE_SOURCE_ONLY	Uhlitz original count matrix and annotation	Uhlitz	ALL	Epithelial	hsa:587	12	13373	0.11562804602661902	0.12924459576646188	per_cell_log1p_10000_full_gene_UMI_then_donor_mean
COAD	Uhlitz	06_EXTERNAL	20260922T141755Z_source_contract_sc_v2	COAD_source_contract_sc_v2	sc_expression_source	NA	NA	GSTA1	author_source_donor_label	12	NA	donor_equal_mean_log1p_CP10K	0.034357063429264215	NA	NA	NA	NA	NA:descriptive only	NA	DONE	DESCRIPTIVE_SOURCE_ONLY	Uhlitz original count matrix and annotation	Uhlitz	ALL	Epithelial	hsa:2938	12	13373	0.034357063429264215	0.031589270848925675	per_cell_log1p_10000_full_gene_UMI_then_donor_mean
COAD	Uhlitz	06_EXTERNAL	20260922T141755Z_source_contract_sc_v2	COAD_source_contract_sc_v2	sc_expression_source	NA	NA	GSTA4	author_source_donor_label	12	NA	donor_equal_mean_log1p_CP10K	0.06203012897430616	NA	NA	NA	NA	NA:descriptive only	NA	DONE	DESCRIPTIVE_SOURCE_ONLY	Uhlitz original count matrix and annotation	Uhlitz	ALL	Epithelial	hsa:2941	12	13373	0.06203012897430616	0.07106007561360213	per_cell_log1p_10000_full_gene_UMI_then_donor_mean
COAD	Uhlitz	06_EXTERNAL	20260922T141755Z_source_contract_sc_v2	COAD_source_contract_sc_v2	sc_expression_source	NA	NA	HDC	author_source_donor_label	12	NA	donor_equal_mean_log1p_CP10K	0.007227429690668347	NA	NA	NA	NA	NA:descriptive only	NA	DONE	DESCRIPTIVE_SOURCE_ONLY	Uhlitz original count matrix and annotation	Uhlitz	ALL	Epithelial	hsa:3067	12	13373	0.007227429690668347	0.003626498492436113	per_cell_log1p_10000_full_gene_UMI_then_donor_mean
COAD	Uhlitz	06_EXTERNAL	20260922T141755Z_source_contract_sc_v2	COAD_source_contract_sc_v2	sc_expression_source	NA	NA	NNMT	author_source_donor_label	12	NA	donor_equal_mean_log1p_CP10K	0.015583216754784456	NA	NA	NA	NA	NA:descriptive only	NA	DONE	DESCRIPTIVE_SOURCE_ONLY	Uhlitz original count matrix and annotation	Uhlitz	ALL	Epithelial	hsa:4837	12	13373	0.015583216754784456	0.015360584978172873	per_cell_log1p_10000_full_gene_UMI_then_donor_mean
COAD	Uhlitz	06_EXTERNAL	20260922T141755Z_source_contract_sc_v2	COAD_source_contract_sc_v2	sc_expression_source	NA	NA	OPLAH	author_source_donor_label	12	NA	donor_equal_mean_log1p_CP10K	0.18277042035705518	NA	NA	NA	NA	NA:descriptive only	NA	DONE	DESCRIPTIVE_SOURCE_ONLY	Uhlitz original count matrix and annotation	Uhlitz	ALL	Epithelial	hsa:26873	12	13373	0.18277042035705518	0.16816012099944463	per_cell_log1p_10000_full_gene_UMI_then_donor_mean
COAD	Uhlitz	06_EXTERNAL	20260922T141755Z_source_contract_sc_v2	COAD_source_contract_sc_v2	sc_expression_source	NA	NA	SLC38A3	author_source_donor_label	12	NA	donor_equal_mean_log1p_CP10K	0.0008113448383826627	NA	NA	NA	NA	NA:descriptive only	NA	DONE	DESCRIPTIVE_SOURCE_ONLY	Uhlitz original count matrix and annotation	Uhlitz	ALL	Epithelial	hsa:10991	12	13373	0.0008113448383826627	0.0013773834967494303	per_cell_log1p_10000_full_gene_UMI_then_donor_mean
COAD	Uhlitz	06_EXTERNAL	20260922T141755Z_source_contract_sc_v2	COAD_source_contract_sc_v2	sc_expression_source	NA	NA	SLC6A6	author_source_donor_label	12	NA	donor_equal_mean_log1p_CP10K	0.14340713662924842	NA	NA	NA	NA	NA:descriptive only	NA	DONE	DESCRIPTIVE_SOURCE_ONLY	Uhlitz original count matrix and annotation	Uhlitz	ALL	Epithelial	hsa:6533	12	13373	0.14340713662924842	0.13776334166624912	per_cell_log1p_10000_full_gene_UMI_then_donor_mean
COAD	Uhlitz	06_EXTERNAL	20260922T141755Z_source_contract_sc_v2	COAD_source_contract_sc_v2	sc_expression_source	NA	NA	UCKL1	author_source_donor_label	12	NA	donor_equal_mean_log1p_CP10K	0.2645683190982709	NA	NA	NA	NA	NA:descriptive only	NA	DONE	DESCRIPTIVE_SOURCE_ONLY	Uhlitz original count matrix and annotation	Uhlitz	ALL	Epithelial	hsa:54963	12	13373	0.2645683190982709	0.24471619775531692	per_cell_log1p_10000_full_gene_UMI_then_donor_mean
COAD	Uhlitz	06_EXTERNAL	20260922T141755Z_source_contract_sc_v2	COAD_source_contract_sc_v2	sc_expression_source	NA	NA	AQP9	author_source_donor_label	10	NA	donor_equal_mean_log1p_CP10K	0.004994057158630985	NA	NA	NA	NA	NA:descriptive only	NA	DONE	DESCRIPTIVE_SOURCE_ONLY	Uhlitz original count matrix and annotation	Uhlitz	ALL	Fibroblast	hsa:366	10	1315	0.004994057158630985	0.004512536722005876	per_cell_log1p_10000_full_gene_UMI_then_donor_mean
COAD	Uhlitz	06_EXTERNAL	20260922T141755Z_source_contract_sc_v2	COAD_source_contract_sc_v2	sc_expression_source	NA	NA	BCAT2	author_source_donor_label	10	NA	donor_equal_mean_log1p_CP10K	0.06399388403387282	NA	NA	NA	NA	NA:descriptive only	NA	DONE	DESCRIPTIVE_SOURCE_ONLY	Uhlitz original count matrix and annotation	Uhlitz	ALL	Fibroblast	hsa:587	10	1315	0.06399388403387282	0.08348166613705252	per_cell_log1p_10000_full_gene_UMI_then_donor_mean
COAD	Uhlitz	06_EXTERNAL	20260922T141755Z_source_contract_sc_v2	COAD_source_contract_sc_v2	sc_expression_source	NA	NA	GSTA1	author_source_donor_label	10	NA	donor_equal_mean_log1p_CP10K	0.008117659701987079	NA	NA	NA	NA	NA:descriptive only	NA	DONE	DESCRIPTIVE_SOURCE_ONLY	Uhlitz original count matrix and annotation	Uhlitz	ALL	Fibroblast	hsa:2938	10	1315	0.008117659701987079	0.008205907232276401	per_cell_log1p_10000_full_gene_UMI_then_donor_mean
COAD	Uhlitz	06_EXTERNAL	20260922T141755Z_source_contract_sc_v2	COAD_source_contract_sc_v2	sc_expression_source	NA	NA	GSTA4	author_source_donor_label	10	NA	donor_equal_mean_log1p_CP10K	0.21375431262033134	NA	NA	NA	NA	NA:descriptive only	NA	DONE	DESCRIPTIVE_SOURCE_ONLY	Uhlitz original count matrix and annotation	Uhlitz	ALL	Fibroblast	hsa:2941	10	1315	0.21375431262033134	0.22584173106612707	per_cell_log1p_10000_full_gene_UMI_then_donor_mean
COAD	Uhlitz	06_EXTERNAL	20260922T141755Z_source_contract_sc_v2	COAD_source_contract_sc_v2	sc_expression_source	NA	NA	HDC	author_source_donor_label	10	NA	donor_equal_mean_log1p_CP10K	0.0015526915811364405	NA	NA	NA	NA	NA:descriptive only	NA	DONE	DESCRIPTIVE_SOURCE_ONLY	Uhlitz original count matrix and annotation	Uhlitz	ALL	Fibroblast	hsa:3067	10	1315	0.0015526915811364405	0.0014722341158113612	per_cell_log1p_10000_full_gene_UMI_then_donor_mean
COAD	Uhlitz	06_EXTERNAL	20260922T141755Z_source_contract_sc_v2	COAD_source_contract_sc_v2	sc_expression_source	NA	NA	NNMT	author_source_donor_label	10	NA	donor_equal_mean_log1p_CP10K	2.0702294951888924	NA	NA	NA	NA	NA:descriptive only	NA	DONE	DESCRIPTIVE_SOURCE_ONLY	Uhlitz original count matrix and annotation	Uhlitz	ALL	Fibroblast	hsa:4837	10	1315	2.0702294951888924	0.8908739479787847	per_cell_log1p_10000_full_gene_UMI_then_donor_mean
COAD	Uhlitz	06_EXTERNAL	20260922T141755Z_source_contract_sc_v2	COAD_source_contract_sc_v2	sc_expression_source	NA	NA	OPLAH	author_source_donor_label	10	NA	donor_equal_mean_log1p_CP10K	0.017354372534248763	NA	NA	NA	NA	NA:descriptive only	NA	DONE	DESCRIPTIVE_SOURCE_ONLY	Uhlitz original count matrix and annotation	Uhlitz	ALL	Fibroblast	hsa:26873	10	1315	0.017354372534248763	0.020357917014986036	per_cell_log1p_10000_full_gene_UMI_then_donor_mean
COAD	Uhlitz	06_EXTERNAL	20260922T141755Z_source_contract_sc_v2	COAD_source_contract_sc_v2	sc_expression_source	NA	NA	SLC38A3	author_source_donor_label	10	NA	donor_equal_mean_log1p_CP10K	0.0	NA	NA	NA	NA	NA:descriptive only	NA	DONE	DESCRIPTIVE_SOURCE_ONLY	Uhlitz original count matrix and annotation	Uhlitz	ALL	Fibroblast	hsa:10991	10	1315	0.0	0.0	per_cell_log1p_10000_full_gene_UMI_then_donor_mean
COAD	Uhlitz	06_EXTERNAL	20260922T141755Z_source_contract_sc_v2	COAD_source_contract_sc_v2	sc_expression_source	NA	NA	SLC6A6	author_source_donor_label	10	NA	donor_equal_mean_log1p_CP10K	0.22216293037179255	NA	NA	NA	NA	NA:descriptive only	NA	DONE	DESCRIPTIVE_SOURCE_ONLY	Uhlitz original count matrix and annotation	Uhlitz	ALL	Fibroblast	hsa:6533	10	1315	0.22216293037179255	0.21581834755768034	per_cell_log1p_10000_full_gene_UMI_then_donor_mean
COAD	Uhlitz	06_EXTERNAL	20260922T141755Z_source_contract_sc_v2	COAD_source_contract_sc_v2	sc_expression_source	NA	NA	UCKL1	author_source_donor_label	10	NA	donor_equal_mean_log1p_CP10K	0.13569740877150865	NA	NA	NA	NA	NA:descriptive only	NA	DONE	DESCRIPTIVE_SOURCE_ONLY	Uhlitz original count matrix and annotation	Uhlitz	ALL	Fibroblast	hsa:54963	10	1315	0.13569740877150865	0.1512872900239462	per_cell_log1p_10000_full_gene_UMI_then_donor_mean
COAD	Uhlitz	06_EXTERNAL	20260922T141755Z_source_contract_sc_v2	COAD_source_contract_sc_v2	sc_expression_source	NA	NA	AQP9	author_source_donor_label	1	NA	donor_equal_mean_log1p_CP10K	NA	NA	NA	NA	NA	NA:descriptive only	NA	NOT_EVALUABLE	FEWER_THAN_3_DONORS_WITH_20_CELLS	Uhlitz original count matrix and annotation	Uhlitz	ALL	Glia	hsa:366	1	33	NA	NA	per_cell_log1p_10000_full_gene_UMI_then_donor_mean
COAD	Uhlitz	06_EXTERNAL	20260922T141755Z_source_contract_sc_v2	COAD_source_contract_sc_v2	sc_expression_source	NA	NA	BCAT2	author_source_donor_label	1	NA	donor_equal_mean_log1p_CP10K	NA	NA	NA	NA	NA	NA:descriptive only	NA	NOT_EVALUABLE	FEWER_THAN_3_DONORS_WITH_20_CELLS	Uhlitz original count matrix and annotation	Uhlitz	ALL	Glia	hsa:587	1	33	NA	NA	per_cell_log1p_10000_full_gene_UMI_then_donor_mean
COAD	Uhlitz	06_EXTERNAL	20260922T141755Z_source_contract_sc_v2	COAD_source_contract_sc_v2	sc_expression_source	NA	NA	GSTA1	author_source_donor_label	1	NA	donor_equal_mean_log1p_CP10K	NA	NA	NA	NA	NA	NA:descriptive only	NA	NOT_EVALUABLE	FEWER_THAN_3_DONORS_WITH_20_CELLS	Uhlitz original count matrix and annotation	Uhlitz	ALL	Glia	hsa:2938	1	33	NA	NA	per_cell_log1p_10000_full_gene_UMI_then_donor_mean
COAD	Uhlitz	06_EXTERNAL	20260922T141755Z_source_contract_sc_v2	COAD_source_contract_sc_v2	sc_expression_source	NA	NA	GSTA4	author_source_donor_label	1	NA	donor_equal_mean_log1p_CP10K	NA	NA	NA	NA	NA	NA:descriptive only	NA	NOT_EVALUABLE	FEWER_THAN_3_DONORS_WITH_20_CELLS	Uhlitz original count matrix and annotation	Uhlitz	ALL	Glia	hsa:2941	1	33	NA	NA	per_cell_log1p_10000_full_gene_UMI_then_donor_mean
COAD	Uhlitz	06_EXTERNAL	20260922T141755Z_source_contract_sc_v2	COAD_source_contract_sc_v2	sc_expression_source	NA	NA	HDC	author_source_donor_label	1	NA	donor_equal_mean_log1p_CP10K	NA	NA	NA	NA	NA	NA:descriptive only	NA	NOT_EVALUABLE	FEWER_THAN_3_DONORS_WITH_20_CELLS	Uhlitz original count matrix and annotation	Uhlitz	ALL	Glia	hsa:3067	1	33	NA	NA	per_cell_log1p_10000_full_gene_UMI_then_donor_mean
COAD	Uhlitz	06_EXTERNAL	20260922T141755Z_source_contract_sc_v2	COAD_source_contract_sc_v2	sc_expression_source	NA	NA	NNMT	author_source_donor_label	1	NA	donor_equal_mean_log1p_CP10K	NA	NA	NA	NA	NA	NA:descriptive only	NA	NOT_EVALUABLE	FEWER_THAN_3_DONORS_WITH_20_CELLS	Uhlitz original count matrix and annotation	Uhlitz	ALL	Glia	hsa:4837	1	33	NA	NA	per_cell_log1p_10000_full_gene_UMI_then_donor_mean
COAD	Uhlitz	06_EXTERNAL	20260922T141755Z_source_contract_sc_v2	COAD_source_contract_sc_v2	sc_expression_source	NA	NA	OPLAH	author_source_donor_label	1	NA	donor_equal_mean_log1p_CP10K	NA	NA	NA	NA	NA	NA:descriptive only	NA	NOT_EVALUABLE	FEWER_THAN_3_DONORS_WITH_20_CELLS	Uhlitz original count matrix and annotation	Uhlitz	ALL	Glia	hsa:26873	1	33	NA	NA	per_cell_log1p_10000_full_gene_UMI_then_donor_mean
COAD	Uhlitz	06_EXTERNAL	20260922T141755Z_source_contract_sc_v2	COAD_source_contract_sc_v2	sc_expression_source	NA	NA	SLC38A3	author_source_donor_label	1	NA	donor_equal_mean_log1p_CP10K	NA	NA	NA	NA	NA	NA:descriptive only	NA	NOT_EVALUABLE	FEWER_THAN_3_DONORS_WITH_20_CELLS	Uhlitz original count matrix and annotation	Uhlitz	ALL	Glia	hsa:10991	1	33	NA	NA	per_cell_log1p_10000_full_gene_UMI_then_donor_mean
COAD	Uhlitz	06_EXTERNAL	20260922T141755Z_source_contract_sc_v2	COAD_source_contract_sc_v2	sc_expression_source	NA	NA	SLC6A6	author_source_donor_label	1	NA	donor_equal_mean_log1p_CP10K	NA	NA	NA	NA	NA	NA:descriptive only	NA	NOT_EVALUABLE	FEWER_THAN_3_DONORS_WITH_20_CELLS	Uhlitz original count matrix and annotation	Uhlitz	ALL	Glia	hsa:6533	1	33	NA	NA	per_cell_log1p_10000_full_gene_UMI_then_donor_mean
COAD	Uhlitz	06_EXTERNAL	20260922T141755Z_source_contract_sc_v2	COAD_source_contract_sc_v2	sc_expression_source	NA	NA	UCKL1	author_source_donor_label	1	NA	donor_equal_mean_log1p_CP10K	NA	NA	NA	NA	NA	NA:descriptive only	NA	NOT_EVALUABLE	FEWER_THAN_3_DONORS_WITH_20_CELLS	Uhlitz original count matrix and annotation	Uhlitz	ALL	Glia	hsa:54963	1	33	NA	NA	per_cell_log1p_10000_full_gene_UMI_then_donor_mean
COAD	Uhlitz	06_EXTERNAL	20260922T141755Z_source_contract_sc_v2	COAD_source_contract_sc_v2	sc_expression_source	NA	NA	AQP9	author_source_donor_label	8	NA	donor_equal_mean_log1p_CP10K	0.017143707857838177	NA	NA	NA	NA	NA:descriptive only	NA	DONE	DESCRIPTIVE_SOURCE_ONLY	Uhlitz original count matrix and annotation	Uhlitz	ALL	Mast	hsa:366	8	374	0.017143707857838177	0.008935219657483246	per_cell_log1p_10000_full_gene_UMI_then_donor_mean
COAD	Uhlitz	06_EXTERNAL	20260922T141755Z_source_contract_sc_v2	COAD_source_contract_sc_v2	sc_expression_source	NA	NA	BCAT2	author_source_donor_label	8	NA	donor_equal_mean_log1p_CP10K	0.03918347040508703	NA	NA	NA	NA	NA:descriptive only	NA	DONE	DESCRIPTIVE_SOURCE_ONLY	Uhlitz original count matrix and annotation	Uhlitz	ALL	Mast	hsa:587	8	374	0.03918347040508703	0.027979467528603027	per_cell_log1p_10000_full_gene_UMI_then_donor_mean
COAD	Uhlitz	06_EXTERNAL	20260922T141755Z_source_contract_sc_v2	COAD_source_contract_sc_v2	sc_expression_source	NA	NA	GSTA1	author_source_donor_label	8	NA	donor_equal_mean_log1p_CP10K	0.0	NA	NA	NA	NA	NA:descriptive only	NA	DONE	DESCRIPTIVE_SOURCE_ONLY	Uhlitz original count matrix and annotation	Uhlitz	ALL	Mast	hsa:2938	8	374	0.0	0.0	per_cell_log1p_10000_full_gene_UMI_then_donor_mean
COAD	Uhlitz	06_EXTERNAL	20260922T141755Z_source_contract_sc_v2	COAD_source_contract_sc_v2	sc_expression_source	NA	NA	GSTA4	author_source_donor_label	8	NA	donor_equal_mean_log1p_CP10K	0.02037287270097249	NA	NA	NA	NA	NA:descriptive only	NA	DONE	DESCRIPTIVE_SOURCE_ONLY	Uhlitz original count matrix and annotation	Uhlitz	ALL	Mast	hsa:2941	8	374	0.02037287270097249	0.013626606950560055	per_cell_log1p_10000_full_gene_UMI_then_donor_mean
COAD	Uhlitz	06_EXTERNAL	20260922T141755Z_source_contract_sc_v2	COAD_source_contract_sc_v2	sc_expression_source	NA	NA	HDC	author_source_donor_label	8	NA	donor_equal_mean_log1p_CP10K	1.3512805411384974	NA	NA	NA	NA	NA:descriptive only	NA	DONE	DESCRIPTIVE_SOURCE_ONLY	Uhlitz original count matrix and annotation	Uhlitz	ALL	Mast	hsa:3067	8	374	1.3512805411384974	0.6103766594786911	per_cell_log1p_10000_full_gene_UMI_then_donor_mean
COAD	Uhlitz	06_EXTERNAL	20260922T141755Z_source_contract_sc_v2	COAD_source_contract_sc_v2	sc_expression_source	NA	NA	NNMT	author_source_donor_label	8	NA	donor_equal_mean_log1p_CP10K	0.019138238923952458	NA	NA	NA	NA	NA:descriptive only	NA	DONE	DESCRIPTIVE_SOURCE_ONLY	Uhlitz original count matrix and annotation	Uhlitz	ALL	Mast	hsa:4837	8	374	0.019138238923952458	0.007196815026541445	per_cell_log1p_10000_full_gene_UMI_then_donor_mean
COAD	Uhlitz	06_EXTERNAL	20260922T141755Z_source_contract_sc_v2	COAD_source_contract_sc_v2	sc_expression_source	NA	NA	OPLAH	author_source_donor_label	8	NA	donor_equal_mean_log1p_CP10K	0.01369348614952112	NA	NA	NA	NA	NA:descriptive only	NA	DONE	DESCRIPTIVE_SOURCE_ONLY	Uhlitz original count matrix and annotation	Uhlitz	ALL	Mast	hsa:26873	8	374	0.01369348614952112	0.006839276990718124	per_cell_log1p_10000_full_gene_UMI_then_donor_mean
COAD	Uhlitz	06_EXTERNAL	20260922T141755Z_source_contract_sc_v2	COAD_source_contract_sc_v2	sc_expression_source	NA	NA	SLC38A3	author_source_donor_label	8	NA	donor_equal_mean_log1p_CP10K	0.0	NA	NA	NA	NA	NA:descriptive only	NA	DONE	DESCRIPTIVE_SOURCE_ONLY	Uhlitz original count matrix and annotation	Uhlitz	ALL	Mast	hsa:10991	8	374	0.0	0.0	per_cell_log1p_10000_full_gene_UMI_then_donor_mean
COAD	Uhlitz	06_EXTERNAL	20260922T141755Z_source_contract_sc_v2	COAD_source_contract_sc_v2	sc_expression_source	NA	NA	SLC6A6	author_source_donor_label	8	NA	donor_equal_mean_log1p_CP10K	0.15267140024690798	NA	NA	NA	NA	NA:descriptive only	NA	DONE	DESCRIPTIVE_SOURCE_ONLY	Uhlitz original count matrix and annotation	Uhlitz	ALL	Mast	hsa:6533	8	374	0.15267140024690798	0.09842393016008705	per_cell_log1p_10000_full_gene_UMI_then_donor_mean
COAD	Uhlitz	06_EXTERNAL	20260922T141755Z_source_contract_sc_v2	COAD_source_contract_sc_v2	sc_expression_source	NA	NA	UCKL1	author_source_donor_label	8	NA	donor_equal_mean_log1p_CP10K	0.09819927182759879	NA	NA	NA	NA	NA:descriptive only	NA	DONE	DESCRIPTIVE_SOURCE_ONLY	Uhlitz original count matrix and annotation	Uhlitz	ALL	Mast	hsa:54963	8	374	0.09819927182759879	0.06754025932666564	per_cell_log1p_10000_full_gene_UMI_then_donor_mean
COAD	Uhlitz	06_EXTERNAL	20260922T141755Z_source_contract_sc_v2	COAD_source_contract_sc_v2	sc_expression_source	NA	NA	AQP9	author_source_donor_label	12	NA	donor_equal_mean_log1p_CP10K	0.5456374189685366	NA	NA	NA	NA	NA:descriptive only	NA	DONE	DESCRIPTIVE_SOURCE_ONLY	Uhlitz original count matrix and annotation	Uhlitz	ALL	Monocyte	hsa:366	12	2980	0.5456374189685366	0.32590155495347817	per_cell_log1p_10000_full_gene_UMI_then_donor_mean
COAD	Uhlitz	06_EXTERNAL	20260922T141755Z_source_contract_sc_v2	COAD_source_contract_sc_v2	sc_expression_source	NA	NA	BCAT2	author_source_donor_label	12	NA	donor_equal_mean_log1p_CP10K	0.05292224152103969	NA	NA	NA	NA	NA:descriptive only	NA	DONE	DESCRIPTIVE_SOURCE_ONLY	Uhlitz original count matrix and annotation	Uhlitz	ALL	Monocyte	hsa:587	12	2980	0.05292224152103969	0.0693421985789464	per_cell_log1p_10000_full_gene_UMI_then_donor_mean
COAD	Uhlitz	06_EXTERNAL	20260922T141755Z_source_contract_sc_v2	COAD_source_contract_sc_v2	sc_expression_source	NA	NA	GSTA1	author_source_donor_label	12	NA	donor_equal_mean_log1p_CP10K	0.0	NA	NA	NA	NA	NA:descriptive only	NA	DONE	DESCRIPTIVE_SOURCE_ONLY	Uhlitz original count matrix and annotation	Uhlitz	ALL	Monocyte	hsa:2938	12	2980	0.0	0.0	per_cell_log1p_10000_full_gene_UMI_then_donor_mean
COAD	Uhlitz	06_EXTERNAL	20260922T141755Z_source_contract_sc_v2	COAD_source_contract_sc_v2	sc_expression_source	NA	NA	GSTA4	author_source_donor_label	12	NA	donor_equal_mean_log1p_CP10K	0.006319018032874834	NA	NA	NA	NA	NA:descriptive only	NA	DONE	DESCRIPTIVE_SOURCE_ONLY	Uhlitz original count matrix and annotation	Uhlitz	ALL	Monocyte	hsa:2941	12	2980	0.006319018032874834	0.009452516045736528	per_cell_log1p_10000_full_gene_UMI_then_donor_mean
COAD	Uhlitz	06_EXTERNAL	20260922T141755Z_source_contract_sc_v2	COAD_source_contract_sc_v2	sc_expression_source	NA	NA	HDC	author_source_donor_label	12	NA	donor_equal_mean_log1p_CP10K	0.008374323586899305	NA	NA	NA	NA	NA:descriptive only	NA	DONE	DESCRIPTIVE_SOURCE_ONLY	Uhlitz original count matrix and annotation	Uhlitz	ALL	Monocyte	hsa:3067	12	2980	0.008374323586899305	0.003649937894164446	per_cell_log1p_10000_full_gene_UMI_then_donor_mean
COAD	Uhlitz	06_EXTERNAL	20260922T141755Z_source_contract_sc_v2	COAD_source_contract_sc_v2	sc_expression_source	NA	NA	NNMT	author_source_donor_label	12	NA	donor_equal_mean_log1p_CP10K	0.0176924036311949	NA	NA	NA	NA	NA:descriptive only	NA	DONE	DESCRIPTIVE_SOURCE_ONLY	Uhlitz original count matrix and annotation	Uhlitz	ALL	Monocyte	hsa:4837	12	2980	0.0176924036311949	0.0154930160636705	per_cell_log1p_10000_full_gene_UMI_then_donor_mean
COAD	Uhlitz	06_EXTERNAL	20260922T141755Z_source_contract_sc_v2	COAD_source_contract_sc_v2	sc_expression_source	NA	NA	OPLAH	author_source_donor_label	12	NA	donor_equal_mean_log1p_CP10K	0.03503495763731079	NA	NA	NA	NA	NA:descriptive only	NA	DONE	DESCRIPTIVE_SOURCE_ONLY	Uhlitz original count matrix and annotation	Uhlitz	ALL	Monocyte	hsa:26873	12	2980	0.03503495763731079	0.04031580876549403	per_cell_log1p_10000_full_gene_UMI_then_donor_mean
COAD	Uhlitz	06_EXTERNAL	20260922T141755Z_source_contract_sc_v2	COAD_source_contract_sc_v2	sc_expression_source	NA	NA	SLC38A3	author_source_donor_label	12	NA	donor_equal_mean_log1p_CP10K	0.002373833907727156	NA	NA	NA	NA	NA:descriptive only	NA	DONE	DESCRIPTIVE_SOURCE_ONLY	Uhlitz original count matrix and annotation	Uhlitz	ALL	Monocyte	hsa:10991	12	2980	0.002373833907727156	0.0012254901960784314	per_cell_log1p_10000_full_gene_UMI_then_donor_mean
COAD	Uhlitz	06_EXTERNAL	20260922T141755Z_source_contract_sc_v2	COAD_source_contract_sc_v2	sc_expression_source	NA	NA	SLC6A6	author_source_donor_label	12	NA	donor_equal_mean_log1p_CP10K	0.32795864271408864	NA	NA	NA	NA	NA:descriptive only	NA	DONE	DESCRIPTIVE_SOURCE_ONLY	Uhlitz original count matrix and annotation	Uhlitz	ALL	Monocyte	hsa:6533	12	2980	0.32795864271408864	0.3084641043099808	per_cell_log1p_10000_full_gene_UMI_then_donor_mean
COAD	Uhlitz	06_EXTERNAL	20260922T141755Z_source_contract_sc_v2	COAD_source_contract_sc_v2	sc_expression_source	NA	NA	UCKL1	author_source_donor_label	12	NA	donor_equal_mean_log1p_CP10K	0.0962724506857194	NA	NA	NA	NA	NA:descriptive only	NA	DONE	DESCRIPTIVE_SOURCE_ONLY	Uhlitz original count matrix and annotation	Uhlitz	ALL	Monocyte	hsa:54963	12	2980	0.0962724506857194	0.10751113291574134	per_cell_log1p_10000_full_gene_UMI_then_donor_mean
COAD	Uhlitz	06_EXTERNAL	20260922T141755Z_source_contract_sc_v2	COAD_source_contract_sc_v2	sc_expression_source	NA	NA	AQP9	author_source_donor_label	5	NA	donor_equal_mean_log1p_CP10K	0.0	NA	NA	NA	NA	NA:descriptive only	NA	DONE	DESCRIPTIVE_SOURCE_ONLY	Uhlitz original count matrix and annotation	Uhlitz	ALL	Pericytes	hsa:366	5	199	0.0	0.0	per_cell_log1p_10000_full_gene_UMI_then_donor_mean
COAD	Uhlitz	06_EXTERNAL	20260922T141755Z_source_contract_sc_v2	COAD_source_contract_sc_v2	sc_expression_source	NA	NA	BCAT2	author_source_donor_label	5	NA	donor_equal_mean_log1p_CP10K	0.14779003643196045	NA	NA	NA	NA	NA:descriptive only	NA	DONE	DESCRIPTIVE_SOURCE_ONLY	Uhlitz original count matrix and annotation	Uhlitz	ALL	Pericytes	hsa:587	5	199	0.14779003643196045	0.16869049694856147	per_cell_log1p_10000_full_gene_UMI_then_donor_mean
COAD	Uhlitz	06_EXTERNAL	20260922T141755Z_source_contract_sc_v2	COAD_source_contract_sc_v2	sc_expression_source	NA	NA	GSTA1	author_source_donor_label	5	NA	donor_equal_mean_log1p_CP10K	0.0	NA	NA	NA	NA	NA:descriptive only	NA	DONE	DESCRIPTIVE_SOURCE_ONLY	Uhlitz original count matrix and annotation	Uhlitz	ALL	Pericytes	hsa:2938	5	199	0.0	0.0	per_cell_log1p_10000_full_gene_UMI_then_donor_mean
COAD	Uhlitz	06_EXTERNAL	20260922T141755Z_source_contract_sc_v2	COAD_source_contract_sc_v2	sc_expression_source	NA	NA	GSTA4	author_source_donor_label	5	NA	donor_equal_mean_log1p_CP10K	0.19611581571651743	NA	NA	NA	NA	NA:descriptive only	NA	DONE	DESCRIPTIVE_SOURCE_ONLY	Uhlitz original count matrix and annotation	Uhlitz	ALL	Pericytes	hsa:2941	5	199	0.19611581571651743	0.19675356001162453	per_cell_log1p_10000_full_gene_UMI_then_donor_mean
COAD	Uhlitz	06_EXTERNAL	20260922T141755Z_source_contract_sc_v2	COAD_source_contract_sc_v2	sc_expression_source	NA	NA	HDC	author_source_donor_label	5	NA	donor_equal_mean_log1p_CP10K	0.0	NA	NA	NA	NA	NA:descriptive only	NA	DONE	DESCRIPTIVE_SOURCE_ONLY	Uhlitz original count matrix and annotation	Uhlitz	ALL	Pericytes	hsa:3067	5	199	0.0	0.0	per_cell_log1p_10000_full_gene_UMI_then_donor_mean
COAD	Uhlitz	06_EXTERNAL	20260922T141755Z_source_contract_sc_v2	COAD_source_contract_sc_v2	sc_expression_source	NA	NA	NNMT	author_source_donor_label	5	NA	donor_equal_mean_log1p_CP10K	1.297978129170365	NA	NA	NA	NA	NA:descriptive only	NA	DONE	DESCRIPTIVE_SOURCE_ONLY	Uhlitz original count matrix and annotation	Uhlitz	ALL	Pericytes	hsa:4837	5	199	1.297978129170365	0.7101371694274919	per_cell_log1p_10000_full_gene_UMI_then_donor_mean
COAD	Uhlitz	06_EXTERNAL	20260922T141755Z_source_contract_sc_v2	COAD_source_contract_sc_v2	sc_expression_source	NA	NA	OPLAH	author_source_donor_label	5	NA	donor_equal_mean_log1p_CP10K	0.03531647818634308	NA	NA	NA	NA	NA:descriptive only	NA	DONE	DESCRIPTIVE_SOURCE_ONLY	Uhlitz original count matrix and annotation	Uhlitz	ALL	Pericytes	hsa:26873	5	199	0.03531647818634308	0.020441441441441444	per_cell_log1p_10000_full_gene_UMI_then_donor_mean
COAD	Uhlitz	06_EXTERNAL	20260922T141755Z_source_contract_sc_v2	COAD_source_contract_sc_v2	sc_expression_source	NA	NA	SLC38A3	author_source_donor_label	5	NA	donor_equal_mean_log1p_CP10K	0.0	NA	NA	NA	NA	NA:descriptive only	NA	DONE	DESCRIPTIVE_SOURCE_ONLY	Uhlitz original count matrix and annotation	Uhlitz	ALL	Pericytes	hsa:10991	5	199	0.0	0.0	per_cell_log1p_10000_full_gene_UMI_then_donor_mean
COAD	Uhlitz	06_EXTERNAL	20260922T141755Z_source_contract_sc_v2	COAD_source_contract_sc_v2	sc_expression_source	NA	NA	SLC6A6	author_source_donor_label	5	NA	donor_equal_mean_log1p_CP10K	0.022659153119348754	NA	NA	NA	NA	NA:descriptive only	NA	DONE	DESCRIPTIVE_SOURCE_ONLY	Uhlitz original count matrix and annotation	Uhlitz	ALL	Pericytes	hsa:6533	5	199	0.022659153119348754	0.022667829119442023	per_cell_log1p_10000_full_gene_UMI_then_donor_mean
COAD	Uhlitz	06_EXTERNAL	20260922T141755Z_source_contract_sc_v2	COAD_source_contract_sc_v2	sc_expression_source	NA	NA	UCKL1	author_source_donor_label	5	NA	donor_equal_mean_log1p_CP10K	0.19248534856081195	NA	NA	NA	NA	NA:descriptive only	NA	DONE	DESCRIPTIVE_SOURCE_ONLY	Uhlitz original count matrix and annotation	Uhlitz	ALL	Pericytes	hsa:54963	5	199	0.19248534856081195	0.1877390293519326	per_cell_log1p_10000_full_gene_UMI_then_donor_mean
COAD	Uhlitz	06_EXTERNAL	20260922T141755Z_source_contract_sc_v2	COAD_source_contract_sc_v2	sc_expression_source	NA	NA	AQP9	author_source_donor_label	11	NA	donor_equal_mean_log1p_CP10K	0.002526100479417155	NA	NA	NA	NA	NA:descriptive only	NA	DONE	DESCRIPTIVE_SOURCE_ONLY	Uhlitz original count matrix and annotation	Uhlitz	ALL	Plasma	hsa:366	11	6583	0.002526100479417155	0.003172318597944325	per_cell_log1p_10000_full_gene_UMI_then_donor_mean
COAD	Uhlitz	06_EXTERNAL	20260922T141755Z_source_contract_sc_v2	COAD_source_contract_sc_v2	sc_expression_source	NA	NA	BCAT2	author_source_donor_label	11	NA	donor_equal_mean_log1p_CP10K	0.023018934496510254	NA	NA	NA	NA	NA:descriptive only	NA	DONE	DESCRIPTIVE_SOURCE_ONLY	Uhlitz original count matrix and annotation	Uhlitz	ALL	Plasma	hsa:587	11	6583	0.023018934496510254	0.04006707259559417	per_cell_log1p_10000_full_gene_UMI_then_donor_mean
COAD	Uhlitz	06_EXTERNAL	20260922T141755Z_source_contract_sc_v2	COAD_source_contract_sc_v2	sc_expression_source	NA	NA	GSTA1	author_source_donor_label	11	NA	donor_equal_mean_log1p_CP10K	0.0020515769834136164	NA	NA	NA	NA	NA:descriptive only	NA	DONE	DESCRIPTIVE_SOURCE_ONLY	Uhlitz original count matrix and annotation	Uhlitz	ALL	Plasma	hsa:2938	11	6583	0.0020515769834136164	0.0023306382384925117	per_cell_log1p_10000_full_gene_UMI_then_donor_mean
COAD	Uhlitz	06_EXTERNAL	20260922T141755Z_source_contract_sc_v2	COAD_source_contract_sc_v2	sc_expression_source	NA	NA	GSTA4	author_source_donor_label	11	NA	donor_equal_mean_log1p_CP10K	0.008331458237558117	NA	NA	NA	NA	NA:descriptive only	NA	DONE	DESCRIPTIVE_SOURCE_ONLY	Uhlitz original count matrix and annotation	Uhlitz	ALL	Plasma	hsa:2941	11	6583	0.008331458237558117	0.013982451648343235	per_cell_log1p_10000_full_gene_UMI_then_donor_mean
COAD	Uhlitz	06_EXTERNAL	20260922T141755Z_source_contract_sc_v2	COAD_source_contract_sc_v2	sc_expression_source	NA	NA	HDC	author_source_donor_label	11	NA	donor_equal_mean_log1p_CP10K	0.00269215014023962	NA	NA	NA	NA	NA:descriptive only	NA	DONE	DESCRIPTIVE_SOURCE_ONLY	Uhlitz original count matrix and annotation	Uhlitz	ALL	Plasma	hsa:3067	11	6583	0.00269215014023962	0.001772437748999405	per_cell_log1p_10000_full_gene_UMI_then_donor_mean
COAD	Uhlitz	06_EXTERNAL	20260922T141755Z_source_contract_sc_v2	COAD_source_contract_sc_v2	sc_expression_source	NA	NA	NNMT	author_source_donor_label	11	NA	donor_equal_mean_log1p_CP10K	0.004024679904433144	NA	NA	NA	NA	NA:descriptive only	NA	DONE	DESCRIPTIVE_SOURCE_ONLY	Uhlitz original count matrix and annotation	Uhlitz	ALL	Plasma	hsa:4837	11	6583	0.004024679904433144	0.005780327335462104	per_cell_log1p_10000_full_gene_UMI_then_donor_mean
COAD	Uhlitz	06_EXTERNAL	20260922T141755Z_source_contract_sc_v2	COAD_source_contract_sc_v2	sc_expression_source	NA	NA	OPLAH	author_source_donor_label	11	NA	donor_equal_mean_log1p_CP10K	0.01092899183981322	NA	NA	NA	NA	NA:descriptive only	NA	DONE	DESCRIPTIVE_SOURCE_ONLY	Uhlitz original count matrix and annotation	Uhlitz	ALL	Plasma	hsa:26873	11	6583	0.01092899183981322	0.014806997100078685	per_cell_log1p_10000_full_gene_UMI_then_donor_mean
COAD	Uhlitz	06_EXTERNAL	20260922T141755Z_source_contract_sc_v2	COAD_source_contract_sc_v2	sc_expression_source	NA	NA	SLC38A3	author_source_donor_label	11	NA	donor_equal_mean_log1p_CP10K	0.0	NA	NA	NA	NA	NA:descriptive only	NA	DONE	DESCRIPTIVE_SOURCE_ONLY	Uhlitz original count matrix and annotation	Uhlitz	ALL	Plasma	hsa:10991	11	6583	0.0	0.0	per_cell_log1p_10000_full_gene_UMI_then_donor_mean
COAD	Uhlitz	06_EXTERNAL	20260922T141755Z_source_contract_sc_v2	COAD_source_contract_sc_v2	sc_expression_source	NA	NA	SLC6A6	author_source_donor_label	11	NA	donor_equal_mean_log1p_CP10K	0.021279452016871137	NA	NA	NA	NA	NA:descriptive only	NA	DONE	DESCRIPTIVE_SOURCE_ONLY	Uhlitz original count matrix and annotation	Uhlitz	ALL	Plasma	hsa:6533	11	6583	0.021279452016871137	0.033358984699178786	per_cell_log1p_10000_full_gene_UMI_then_donor_mean
COAD	Uhlitz	06_EXTERNAL	20260922T141755Z_source_contract_sc_v2	COAD_source_contract_sc_v2	sc_expression_source	NA	NA	UCKL1	author_source_donor_label	11	NA	donor_equal_mean_log1p_CP10K	0.06020118874452746	NA	NA	NA	NA	NA:descriptive only	NA	DONE	DESCRIPTIVE_SOURCE_ONLY	Uhlitz original count matrix and annotation	Uhlitz	ALL	Plasma	hsa:54963	11	6583	0.06020118874452746	0.09089702948822585	per_cell_log1p_10000_full_gene_UMI_then_donor_mean
COAD	Uhlitz	06_EXTERNAL	20260922T141755Z_source_contract_sc_v2	COAD_source_contract_sc_v2	sc_expression_source	NA	NA	AQP9	author_source_donor_label	12	NA	donor_equal_mean_log1p_CP10K	0.0034447120157708303	NA	NA	NA	NA	NA:descriptive only	NA	DONE	DESCRIPTIVE_SOURCE_ONLY	Uhlitz original count matrix and annotation	Uhlitz	ALL	Tcells	hsa:366	12	10746	0.0034447120157708303	0.0018808379483804076	per_cell_log1p_10000_full_gene_UMI_then_donor_mean
COAD	Uhlitz	06_EXTERNAL	20260922T141755Z_source_contract_sc_v2	COAD_source_contract_sc_v2	sc_expression_source	NA	NA	BCAT2	author_source_donor_label	12	NA	donor_equal_mean_log1p_CP10K	0.028842326564064658	NA	NA	NA	NA	NA:descriptive only	NA	DONE	DESCRIPTIVE_SOURCE_ONLY	Uhlitz original count matrix and annotation	Uhlitz	ALL	Tcells	hsa:587	12	10746	0.028842326564064658	0.01944017528773451	per_cell_log1p_10000_full_gene_UMI_then_donor_mean
COAD	Uhlitz	06_EXTERNAL	20260922T141755Z_source_contract_sc_v2	COAD_source_contract_sc_v2	sc_expression_source	NA	NA	GSTA1	author_source_donor_label	12	NA	donor_equal_mean_log1p_CP10K	0.0007368069337615396	NA	NA	NA	NA	NA:descriptive only	NA	DONE	DESCRIPTIVE_SOURCE_ONLY	Uhlitz original count matrix and annotation	Uhlitz	ALL	Tcells	hsa:2938	12	10746	0.0007368069337615396	0.0004113584810825708	per_cell_log1p_10000_full_gene_UMI_then_donor_mean
COAD	Uhlitz	06_EXTERNAL	20260922T141755Z_source_contract_sc_v2	COAD_source_contract_sc_v2	sc_expression_source	NA	NA	GSTA4	author_source_donor_label	12	NA	donor_equal_mean_log1p_CP10K	0.0051660159937937005	NA	NA	NA	NA	NA:descriptive only	NA	DONE	DESCRIPTIVE_SOURCE_ONLY	Uhlitz original count matrix and annotation	Uhlitz	ALL	Tcells	hsa:2941	12	10746	0.0051660159937937005	0.0032164935011498833	per_cell_log1p_10000_full_gene_UMI_then_donor_mean
COAD	Uhlitz	06_EXTERNAL	20260922T141755Z_source_contract_sc_v2	COAD_source_contract_sc_v2	sc_expression_source	NA	NA	HDC	author_source_donor_label	12	NA	donor_equal_mean_log1p_CP10K	0.002591269865628035	NA	NA	NA	NA	NA:descriptive only	NA	DONE	DESCRIPTIVE_SOURCE_ONLY	Uhlitz original count matrix and annotation	Uhlitz	ALL	Tcells	hsa:3067	12	10746	0.002591269865628035	0.0014424025575085987	per_cell_log1p_10000_full_gene_UMI_then_donor_mean
COAD	Uhlitz	06_EXTERNAL	20260922T141755Z_source_contract_sc_v2	COAD_source_contract_sc_v2	sc_expression_source	NA	NA	NNMT	author_source_donor_label	12	NA	donor_equal_mean_log1p_CP10K	0.008155570546369369	NA	NA	NA	NA	NA:descriptive only	NA	DONE	DESCRIPTIVE_SOURCE_ONLY	Uhlitz original count matrix and annotation	Uhlitz	ALL	Tcells	hsa:4837	12	10746	0.008155570546369369	0.00486601244388196	per_cell_log1p_10000_full_gene_UMI_then_donor_mean
COAD	Uhlitz	06_EXTERNAL	20260922T141755Z_source_contract_sc_v2	COAD_source_contract_sc_v2	sc_expression_source	NA	NA	OPLAH	author_source_donor_label	12	NA	donor_equal_mean_log1p_CP10K	0.0063629189494612765	NA	NA	NA	NA	NA:descriptive only	NA	DONE	DESCRIPTIVE_SOURCE_ONLY	Uhlitz original count matrix and annotation	Uhlitz	ALL	Tcells	hsa:26873	12	10746	0.0063629189494612765	0.005709880118147606	per_cell_log1p_10000_full_gene_UMI_then_donor_mean
COAD	Uhlitz	06_EXTERNAL	20260922T141755Z_source_contract_sc_v2	COAD_source_contract_sc_v2	sc_expression_source	NA	NA	SLC38A3	author_source_donor_label	12	NA	donor_equal_mean_log1p_CP10K	0.0002329316950972172	NA	NA	NA	NA	NA:descriptive only	NA	DONE	DESCRIPTIVE_SOURCE_ONLY	Uhlitz original count matrix and annotation	Uhlitz	ALL	Tcells	hsa:10991	12	10746	0.0002329316950972172	0.0001452240856593663	per_cell_log1p_10000_full_gene_UMI_then_donor_mean
COAD	Uhlitz	06_EXTERNAL	20260922T141755Z_source_contract_sc_v2	COAD_source_contract_sc_v2	sc_expression_source	NA	NA	SLC6A6	author_source_donor_label	12	NA	donor_equal_mean_log1p_CP10K	0.16620941645588116	NA	NA	NA	NA	NA:descriptive only	NA	DONE	DESCRIPTIVE_SOURCE_ONLY	Uhlitz original count matrix and annotation	Uhlitz	ALL	Tcells	hsa:6533	12	10746	0.16620941645588116	0.09835426133723653	per_cell_log1p_10000_full_gene_UMI_then_donor_mean
COAD	Uhlitz	06_EXTERNAL	20260922T141755Z_source_contract_sc_v2	COAD_source_contract_sc_v2	sc_expression_source	NA	NA	UCKL1	author_source_donor_label	12	NA	donor_equal_mean_log1p_CP10K	0.09589745979688019	NA	NA	NA	NA	NA:descriptive only	NA	DONE	DESCRIPTIVE_SOURCE_ONLY	Uhlitz original count matrix and annotation	Uhlitz	ALL	Tcells	hsa:54963	12	10746	0.09589745979688019	0.05910795523339907	per_cell_log1p_10000_full_gene_UMI_then_donor_mean
