cancer	cohort	stage_id	run_id	analysis_version	analysis_type	metabolite_key	metabolite_name	gene	unit	n	n_reference	effect_type	effect	ci_lower	ci_upper	p_value	q_value	test_family	family_n_evaluable	status	reason	source_id	study	partition	celltype	human_gene_id	n_donors	n_cells	mean_expression	mean_detection_fraction	expression_scale	row_scaled
COAD	Lee	06_EXTERNAL	20260922T141755Z_source_contract_sc_v2	COAD_source_contract_sc_v2	sc_expression_source	NA	NA	NT5C1B	author_source_donor_label	22	NA	donor_equal_mean_log1p_CP10K	0.0	NA	NA	NA	NA	NA:descriptive only	NA	DONE	DESCRIPTIVE_SOURCE_ONLY	Lee original count matrix and annotation	Lee	ALL	B cells	hsa:93034	22	3926	0.0	0.0	per_cell_log1p_10000_full_gene_UMI_then_donor_mean	0.0
COAD	Lee	06_EXTERNAL	20260922T141755Z_source_contract_sc_v2	COAD_source_contract_sc_v2	sc_expression_source	NA	NA	NT5C1B-RDH14	author_source_donor_label	22	NA	donor_equal_mean_log1p_CP10K	0.0	NA	NA	NA	NA	NA:descriptive only	NA	DONE	DESCRIPTIVE_SOURCE_ONLY	Lee original count matrix and annotation	Lee	ALL	B cells	hsa:100526794	22	3926	0.0	0.0	per_cell_log1p_10000_full_gene_UMI_then_donor_mean	0.0
COAD	Lee	06_EXTERNAL	20260922T141755Z_source_contract_sc_v2	COAD_source_contract_sc_v2	sc_expression_source	NA	NA	NT5C2	author_source_donor_label	22	NA	donor_equal_mean_log1p_CP10K	0.039713754729332515	NA	NA	NA	NA	NA:descriptive only	NA	DONE	DESCRIPTIVE_SOURCE_ONLY	Lee original count matrix and annotation	Lee	ALL	B cells	hsa:22978	22	3926	0.039713754729332515	0.04783794304018763	per_cell_log1p_10000_full_gene_UMI_then_donor_mean	0.3569505009324331
COAD	Lee	06_EXTERNAL	20260922T141755Z_source_contract_sc_v2	COAD_source_contract_sc_v2	sc_expression_source	NA	NA	NT5C3A	author_source_donor_label	22	NA	donor_equal_mean_log1p_CP10K	0.2259443751960041	NA	NA	NA	NA	NA:descriptive only	NA	DONE	DESCRIPTIVE_SOURCE_ONLY	Lee original count matrix and annotation	Lee	ALL	B cells	hsa:51251	22	3926	0.2259443751960041	0.22878485035719143	per_cell_log1p_10000_full_gene_UMI_then_donor_mean	0.4898968620468759
COAD	Lee	06_EXTERNAL	20260922T141755Z_source_contract_sc_v2	COAD_source_contract_sc_v2	sc_expression_source	NA	NA	NT5C3B	author_source_donor_label	22	NA	donor_equal_mean_log1p_CP10K	0.07751267243088017	NA	NA	NA	NA	NA:descriptive only	NA	DONE	DESCRIPTIVE_SOURCE_ONLY	Lee original count matrix and annotation	Lee	ALL	B cells	hsa:115024	22	3926	0.07751267243088017	0.09165583668506513	per_cell_log1p_10000_full_gene_UMI_then_donor_mean	0.26802789691071444
COAD	Lee	06_EXTERNAL	20260922T141755Z_source_contract_sc_v2	COAD_source_contract_sc_v2	sc_expression_source	NA	NA	NT5DC4	author_source_donor_label	22	NA	donor_equal_mean_log1p_CP10K	0.0	NA	NA	NA	NA	NA:descriptive only	NA	DONE	DESCRIPTIVE_SOURCE_ONLY	Lee original count matrix and annotation	Lee	ALL	B cells	hsa:284958	22	3926	0.0	0.0	per_cell_log1p_10000_full_gene_UMI_then_donor_mean	0.0
COAD	Lee	06_EXTERNAL	20260922T141755Z_source_contract_sc_v2	COAD_source_contract_sc_v2	sc_expression_source	NA	NA	NT5E	author_source_donor_label	22	NA	donor_equal_mean_log1p_CP10K	0.04309456848207193	NA	NA	NA	NA	NA:descriptive only	NA	DONE	DESCRIPTIVE_SOURCE_ONLY	Lee original count matrix and annotation	Lee	ALL	B cells	hsa:4907	22	3926	0.04309456848207193	0.03383950110073674	per_cell_log1p_10000_full_gene_UMI_then_donor_mean	0.26633585595230236
COAD	Lee	06_EXTERNAL	20260922T141755Z_source_contract_sc_v2	COAD_source_contract_sc_v2	sc_expression_source	NA	NA	NT5M	author_source_donor_label	22	NA	donor_equal_mean_log1p_CP10K	0.0005532830717358772	NA	NA	NA	NA	NA:descriptive only	NA	DONE	DESCRIPTIVE_SOURCE_ONLY	Lee original count matrix and annotation	Lee	ALL	B cells	hsa:56953	22	3926	0.0005532830717358772	0.0012584432735225789	per_cell_log1p_10000_full_gene_UMI_then_donor_mean	0.08189056970190535
COAD	Lee	06_EXTERNAL	20260922T141755Z_source_contract_sc_v2	COAD_source_contract_sc_v2	sc_expression_source	NA	NA	NUDT16	author_source_donor_label	22	NA	donor_equal_mean_log1p_CP10K	0.04652196051447153	NA	NA	NA	NA	NA:descriptive only	NA	DONE	DESCRIPTIVE_SOURCE_ONLY	Lee original count matrix and annotation	Lee	ALL	B cells	hsa:131870	22	3926	0.04652196051447153	0.06101501330755545	per_cell_log1p_10000_full_gene_UMI_then_donor_mean	0.2985914338635499
COAD	Lee	06_EXTERNAL	20260922T141755Z_source_contract_sc_v2	COAD_source_contract_sc_v2	sc_expression_source	NA	NA	NUDT2	author_source_donor_label	22	NA	donor_equal_mean_log1p_CP10K	0.0675289606498362	NA	NA	NA	NA	NA:descriptive only	NA	DONE	DESCRIPTIVE_SOURCE_ONLY	Lee original count matrix and annotation	Lee	ALL	B cells	hsa:318	22	3926	0.0675289606498362	0.09964599624735361	per_cell_log1p_10000_full_gene_UMI_then_donor_mean	0.31296016896770956
COAD	Lee	06_EXTERNAL	20260922T141755Z_source_contract_sc_v2	COAD_source_contract_sc_v2	sc_expression_source	NA	NA	OAT	author_source_donor_label	22	NA	donor_equal_mean_log1p_CP10K	0.12742593665041863	NA	NA	NA	NA	NA:descriptive only	NA	DONE	DESCRIPTIVE_SOURCE_ONLY	Lee original count matrix and annotation	Lee	ALL	B cells	hsa:4942	22	3926	0.12742593665041863	0.14308161722258855	per_cell_log1p_10000_full_gene_UMI_then_donor_mean	0.3022377572753651
COAD	Lee	06_EXTERNAL	20260922T141755Z_source_contract_sc_v2	COAD_source_contract_sc_v2	sc_expression_source	NA	NA	OGT	author_source_donor_label	22	NA	donor_equal_mean_log1p_CP10K	0.10660865788785756	NA	NA	NA	NA	NA:descriptive only	NA	DONE	DESCRIPTIVE_SOURCE_ONLY	Lee original count matrix and annotation	Lee	ALL	B cells	hsa:8473	22	3926	0.10660865788785756	0.11498176567818912	per_cell_log1p_10000_full_gene_UMI_then_donor_mean	0.5906598719762178
COAD	Lee	06_EXTERNAL	20260922T141755Z_source_contract_sc_v2	COAD_source_contract_sc_v2	sc_expression_source	NA	NA	OPLAH	author_source_donor_label	22	NA	donor_equal_mean_log1p_CP10K	0.002476363343107803	NA	NA	NA	NA	NA:descriptive only	NA	DONE	DESCRIPTIVE_SOURCE_ONLY	Lee original count matrix and annotation	Lee	ALL	B cells	hsa:26873	22	3926	0.002476363343107803	0.004273000744038206	per_cell_log1p_10000_full_gene_UMI_then_donor_mean	0.042926777531131305
COAD	Lee	06_EXTERNAL	20260922T141755Z_source_contract_sc_v2	COAD_source_contract_sc_v2	sc_expression_source	NA	NA	OXCT1	author_source_donor_label	22	NA	donor_equal_mean_log1p_CP10K	0.04402037619670855	NA	NA	NA	NA	NA:descriptive only	NA	DONE	DESCRIPTIVE_SOURCE_ONLY	Lee original count matrix and annotation	Lee	ALL	B cells	hsa:5019	22	3926	0.04402037619670855	0.047818251173002375	per_cell_log1p_10000_full_gene_UMI_then_donor_mean	0.4620487619962311
COAD	Lee	06_EXTERNAL	20260922T141755Z_source_contract_sc_v2	COAD_source_contract_sc_v2	sc_expression_source	NA	NA	OXCT2	author_source_donor_label	22	NA	donor_equal_mean_log1p_CP10K	0.004704404004461699	NA	NA	NA	NA	NA:descriptive only	NA	DONE	DESCRIPTIVE_SOURCE_ONLY	Lee original count matrix and annotation	Lee	ALL	B cells	hsa:64064	22	3926	0.004704404004461699	0.005278103860741581	per_cell_log1p_10000_full_gene_UMI_then_donor_mean	0.2287440555765372
COAD	Lee	06_EXTERNAL	20260922T141755Z_source_contract_sc_v2	COAD_source_contract_sc_v2	sc_expression_source	NA	NA	P4HA1	author_source_donor_label	22	NA	donor_equal_mean_log1p_CP10K	0.062088120097295724	NA	NA	NA	NA	NA:descriptive only	NA	DONE	DESCRIPTIVE_SOURCE_ONLY	Lee original count matrix and annotation	Lee	ALL	B cells	hsa:5033	22	3926	0.062088120097295724	0.07057584303401403	per_cell_log1p_10000_full_gene_UMI_then_donor_mean	0.2105441014329749
COAD	Lee	06_EXTERNAL	20260922T141755Z_source_contract_sc_v2	COAD_source_contract_sc_v2	sc_expression_source	NA	NA	P4HA2	author_source_donor_label	22	NA	donor_equal_mean_log1p_CP10K	0.012674255358598422	NA	NA	NA	NA	NA:descriptive only	NA	DONE	DESCRIPTIVE_SOURCE_ONLY	Lee original count matrix and annotation	Lee	ALL	B cells	hsa:8974	22	3926	0.012674255358598422	0.023439704029727535	per_cell_log1p_10000_full_gene_UMI_then_donor_mean	0.04416748356626912
COAD	Lee	06_EXTERNAL	20260922T141755Z_source_contract_sc_v2	COAD_source_contract_sc_v2	sc_expression_source	NA	NA	P4HA3	author_source_donor_label	22	NA	donor_equal_mean_log1p_CP10K	0.005029352307916118	NA	NA	NA	NA	NA:descriptive only	NA	DONE	DESCRIPTIVE_SOURCE_ONLY	Lee original count matrix and annotation	Lee	ALL	B cells	hsa:283208	22	3926	0.005029352307916118	0.005327315136380659	per_cell_log1p_10000_full_gene_UMI_then_donor_mean	0.06816803417386229
COAD	Lee	06_EXTERNAL	20260922T141755Z_source_contract_sc_v2	COAD_source_contract_sc_v2	sc_expression_source	NA	NA	PAH	author_source_donor_label	22	NA	donor_equal_mean_log1p_CP10K	0.0012218456930465904	NA	NA	NA	NA	NA:descriptive only	NA	DONE	DESCRIPTIVE_SOURCE_ONLY	Lee original count matrix and annotation	Lee	ALL	B cells	hsa:5053	22	3926	0.0012218456930465904	0.0026174626289042764	per_cell_log1p_10000_full_gene_UMI_then_donor_mean	0.07665697482215517
COAD	Lee	06_EXTERNAL	20260922T141755Z_source_contract_sc_v2	COAD_source_contract_sc_v2	sc_expression_source	NA	NA	PANK1	author_source_donor_label	22	NA	donor_equal_mean_log1p_CP10K	0.0026349969165778988	NA	NA	NA	NA	NA:descriptive only	NA	DONE	DESCRIPTIVE_SOURCE_ONLY	Lee original count matrix and annotation	Lee	ALL	B cells	hsa:53354	22	3926	0.0026349969165778988	0.0033255625885170556	per_cell_log1p_10000_full_gene_UMI_then_donor_mean	0.05119719996952525
COAD	Lee	06_EXTERNAL	20260922T141755Z_source_contract_sc_v2	COAD_source_contract_sc_v2	sc_expression_source	NA	NA	PANK2	author_source_donor_label	22	NA	donor_equal_mean_log1p_CP10K	0.05608804842391593	NA	NA	NA	NA	NA:descriptive only	NA	DONE	DESCRIPTIVE_SOURCE_ONLY	Lee original count matrix and annotation	Lee	ALL	B cells	hsa:80025	22	3926	0.05608804842391593	0.0637409046967888	per_cell_log1p_10000_full_gene_UMI_then_donor_mean	0.32919427115261823
COAD	Lee	06_EXTERNAL	20260922T141755Z_source_contract_sc_v2	COAD_source_contract_sc_v2	sc_expression_source	NA	NA	PANK3	author_source_donor_label	22	NA	donor_equal_mean_log1p_CP10K	0.027689804869412023	NA	NA	NA	NA	NA:descriptive only	NA	DONE	DESCRIPTIVE_SOURCE_ONLY	Lee original count matrix and annotation	Lee	ALL	B cells	hsa:79646	22	3926	0.027689804869412023	0.030161349676095624	per_cell_log1p_10000_full_gene_UMI_then_donor_mean	0.2120361050163114
COAD	Lee	06_EXTERNAL	20260922T141755Z_source_contract_sc_v2	COAD_source_contract_sc_v2	sc_expression_source	NA	NA	PANX1	author_source_donor_label	22	NA	donor_equal_mean_log1p_CP10K	0.023388023283504648	NA	NA	NA	NA	NA:descriptive only	NA	DONE	DESCRIPTIVE_SOURCE_ONLY	Lee original count matrix and annotation	Lee	ALL	B cells	hsa:24145	22	3926	0.023388023283504648	0.02822951099770749	per_cell_log1p_10000_full_gene_UMI_then_donor_mean	0.2078987032988163
COAD	Lee	06_EXTERNAL	20260922T141755Z_source_contract_sc_v2	COAD_source_contract_sc_v2	sc_expression_source	NA	NA	PANX2	author_source_donor_label	22	NA	donor_equal_mean_log1p_CP10K	0.0	NA	NA	NA	NA	NA:descriptive only	NA	DONE	DESCRIPTIVE_SOURCE_ONLY	Lee original count matrix and annotation	Lee	ALL	B cells	hsa:56666	22	3926	0.0	0.0	per_cell_log1p_10000_full_gene_UMI_then_donor_mean	0.0
COAD	Lee	06_EXTERNAL	20260922T141755Z_source_contract_sc_v2	COAD_source_contract_sc_v2	sc_expression_source	NA	NA	PAOX	author_source_donor_label	22	NA	donor_equal_mean_log1p_CP10K	0.06675298085402145	NA	NA	NA	NA	NA:descriptive only	NA	DONE	DESCRIPTIVE_SOURCE_ONLY	Lee original count matrix and annotation	Lee	ALL	B cells	hsa:196743	22	3926	0.06675298085402145	0.08566966809291002	per_cell_log1p_10000_full_gene_UMI_then_donor_mean	1.0
COAD	Lee	06_EXTERNAL	20260922T141755Z_source_contract_sc_v2	COAD_source_contract_sc_v2	sc_expression_source	NA	NA	PARS2	author_source_donor_label	22	NA	donor_equal_mean_log1p_CP10K	0.000639999504757197	NA	NA	NA	NA	NA:descriptive only	NA	DONE	DESCRIPTIVE_SOURCE_ONLY	Lee original count matrix and annotation	Lee	ALL	B cells	hsa:25973	22	3926	0.000639999504757197	0.0012120769396211845	per_cell_log1p_10000_full_gene_UMI_then_donor_mean	0.06869368783706693
COAD	Lee	06_EXTERNAL	20260922T141755Z_source_contract_sc_v2	COAD_source_contract_sc_v2	sc_expression_source	NA	NA	NT5C1B	author_source_donor_label	22	NA	donor_equal_mean_log1p_CP10K	0.0	NA	NA	NA	NA	NA:descriptive only	NA	DONE	DESCRIPTIVE_SOURCE_ONLY	Lee original count matrix and annotation	Lee	ALL	Epithelial cells	hsa:93034	22	17456	0.0	0.0	per_cell_log1p_10000_full_gene_UMI_then_donor_mean	0.0
COAD	Lee	06_EXTERNAL	20260922T141755Z_source_contract_sc_v2	COAD_source_contract_sc_v2	sc_expression_source	NA	NA	NT5C1B-RDH14	author_source_donor_label	22	NA	donor_equal_mean_log1p_CP10K	1.8127069875240876e-05	NA	NA	NA	NA	NA:descriptive only	NA	DONE	DESCRIPTIVE_SOURCE_ONLY	Lee original count matrix and annotation	Lee	ALL	Epithelial cells	hsa:100526794	22	17456	1.8127069875240876e-05	4.158695832986776e-05	per_cell_log1p_10000_full_gene_UMI_then_donor_mean	1.0
COAD	Lee	06_EXTERNAL	20260922T141755Z_source_contract_sc_v2	COAD_source_contract_sc_v2	sc_expression_source	NA	NA	NT5C2	author_source_donor_label	22	NA	donor_equal_mean_log1p_CP10K	0.11125843674568738	NA	NA	NA	NA	NA:descriptive only	NA	DONE	DESCRIPTIVE_SOURCE_ONLY	Lee original count matrix and annotation	Lee	ALL	Epithelial cells	hsa:22978	22	17456	0.11125843674568738	0.24228503146121547	per_cell_log1p_10000_full_gene_UMI_then_donor_mean	1.0
COAD	Lee	06_EXTERNAL	20260922T141755Z_source_contract_sc_v2	COAD_source_contract_sc_v2	sc_expression_source	NA	NA	NT5C3A	author_source_donor_label	22	NA	donor_equal_mean_log1p_CP10K	0.46120804744894367	NA	NA	NA	NA	NA:descriptive only	NA	DONE	DESCRIPTIVE_SOURCE_ONLY	Lee original count matrix and annotation	Lee	ALL	Epithelial cells	hsa:51251	22	17456	0.46120804744894367	0.6205740304678403	per_cell_log1p_10000_full_gene_UMI_then_donor_mean	1.0
COAD	Lee	06_EXTERNAL	20260922T141755Z_source_contract_sc_v2	COAD_source_contract_sc_v2	sc_expression_source	NA	NA	NT5C3B	author_source_donor_label	22	NA	donor_equal_mean_log1p_CP10K	0.1904912684765023	NA	NA	NA	NA	NA:descriptive only	NA	DONE	DESCRIPTIVE_SOURCE_ONLY	Lee original count matrix and annotation	Lee	ALL	Epithelial cells	hsa:115024	22	17456	0.1904912684765023	0.37780179641363953	per_cell_log1p_10000_full_gene_UMI_then_donor_mean	0.6586919592424052
COAD	Lee	06_EXTERNAL	20260922T141755Z_source_contract_sc_v2	COAD_source_contract_sc_v2	sc_expression_source	NA	NA	NT5DC4	author_source_donor_label	22	NA	donor_equal_mean_log1p_CP10K	0.008148933964558767	NA	NA	NA	NA	NA:descriptive only	NA	DONE	DESCRIPTIVE_SOURCE_ONLY	Lee original count matrix and annotation	Lee	ALL	Epithelial cells	hsa:284958	22	17456	0.008148933964558767	0.021676947077176698	per_cell_log1p_10000_full_gene_UMI_then_donor_mean	1.0
COAD	Lee	06_EXTERNAL	20260922T141755Z_source_contract_sc_v2	COAD_source_contract_sc_v2	sc_expression_source	NA	NA	NT5E	author_source_donor_label	22	NA	donor_equal_mean_log1p_CP10K	0.08813186241850648	NA	NA	NA	NA	NA:descriptive only	NA	DONE	DESCRIPTIVE_SOURCE_ONLY	Lee original count matrix and annotation	Lee	ALL	Epithelial cells	hsa:4907	22	17456	0.08813186241850648	0.17880734790717218	per_cell_log1p_10000_full_gene_UMI_then_donor_mean	0.5446782701552865
COAD	Lee	06_EXTERNAL	20260922T141755Z_source_contract_sc_v2	COAD_source_contract_sc_v2	sc_expression_source	NA	NA	NT5M	author_source_donor_label	22	NA	donor_equal_mean_log1p_CP10K	0.005072361541822456	NA	NA	NA	NA	NA:descriptive only	NA	DONE	DESCRIPTIVE_SOURCE_ONLY	Lee original count matrix and annotation	Lee	ALL	Epithelial cells	hsa:56953	22	17456	0.005072361541822456	0.014801821167675826	per_cell_log1p_10000_full_gene_UMI_then_donor_mean	0.7507523682058723
COAD	Lee	06_EXTERNAL	20260922T141755Z_source_contract_sc_v2	COAD_source_contract_sc_v2	sc_expression_source	NA	NA	NUDT16	author_source_donor_label	22	NA	donor_equal_mean_log1p_CP10K	0.1558047393138916	NA	NA	NA	NA	NA:descriptive only	NA	DONE	DESCRIPTIVE_SOURCE_ONLY	Lee original count matrix and annotation	Lee	ALL	Epithelial cells	hsa:131870	22	17456	0.1558047393138916	0.32428438526544034	per_cell_log1p_10000_full_gene_UMI_then_donor_mean	1.0
COAD	Lee	06_EXTERNAL	20260922T141755Z_source_contract_sc_v2	COAD_source_contract_sc_v2	sc_expression_source	NA	NA	NUDT2	author_source_donor_label	22	NA	donor_equal_mean_log1p_CP10K	0.21577493670385792	NA	NA	NA	NA	NA:descriptive only	NA	DONE	DESCRIPTIVE_SOURCE_ONLY	Lee original count matrix and annotation	Lee	ALL	Epithelial cells	hsa:318	22	17456	0.21577493670385792	0.41220770320134625	per_cell_log1p_10000_full_gene_UMI_then_donor_mean	1.0
COAD	Lee	06_EXTERNAL	20260922T141755Z_source_contract_sc_v2	COAD_source_contract_sc_v2	sc_expression_source	NA	NA	OAT	author_source_donor_label	22	NA	donor_equal_mean_log1p_CP10K	0.2994642155143674	NA	NA	NA	NA	NA:descriptive only	NA	DONE	DESCRIPTIVE_SOURCE_ONLY	Lee original count matrix and annotation	Lee	ALL	Epithelial cells	hsa:4942	22	17456	0.2994642155143674	0.48304168687178384	per_cell_log1p_10000_full_gene_UMI_then_donor_mean	0.710290190996149
COAD	Lee	06_EXTERNAL	20260922T141755Z_source_contract_sc_v2	COAD_source_contract_sc_v2	sc_expression_source	NA	NA	OGT	author_source_donor_label	22	NA	donor_equal_mean_log1p_CP10K	0.18049077471805972	NA	NA	NA	NA	NA:descriptive only	NA	DONE	DESCRIPTIVE_SOURCE_ONLY	Lee original count matrix and annotation	Lee	ALL	Epithelial cells	hsa:8473	22	17456	0.18049077471805972	0.34337723859655217	per_cell_log1p_10000_full_gene_UMI_then_donor_mean	1.0
COAD	Lee	06_EXTERNAL	20260922T141755Z_source_contract_sc_v2	COAD_source_contract_sc_v2	sc_expression_source	NA	NA	OPLAH	author_source_donor_label	22	NA	donor_equal_mean_log1p_CP10K	0.05768807922541814	NA	NA	NA	NA	NA:descriptive only	NA	DONE	DESCRIPTIVE_SOURCE_ONLY	Lee original count matrix and annotation	Lee	ALL	Epithelial cells	hsa:26873	22	17456	0.05768807922541814	0.13010785343134143	per_cell_log1p_10000_full_gene_UMI_then_donor_mean	1.0
COAD	Lee	06_EXTERNAL	20260922T141755Z_source_contract_sc_v2	COAD_source_contract_sc_v2	sc_expression_source	NA	NA	OXCT1	author_source_donor_label	22	NA	donor_equal_mean_log1p_CP10K	0.045549046921325324	NA	NA	NA	NA	NA:descriptive only	NA	DONE	DESCRIPTIVE_SOURCE_ONLY	Lee original count matrix and annotation	Lee	ALL	Epithelial cells	hsa:5019	22	17456	0.045549046921325324	0.1083011197981592	per_cell_log1p_10000_full_gene_UMI_then_donor_mean	0.47809406821198963
COAD	Lee	06_EXTERNAL	20260922T141755Z_source_contract_sc_v2	COAD_source_contract_sc_v2	sc_expression_source	NA	NA	OXCT2	author_source_donor_label	22	NA	donor_equal_mean_log1p_CP10K	0.0035703983272984577	NA	NA	NA	NA	NA:descriptive only	NA	DONE	DESCRIPTIVE_SOURCE_ONLY	Lee original count matrix and annotation	Lee	ALL	Epithelial cells	hsa:64064	22	17456	0.0035703983272984577	0.008993389683736887	per_cell_log1p_10000_full_gene_UMI_then_donor_mean	0.173604858901439
COAD	Lee	06_EXTERNAL	20260922T141755Z_source_contract_sc_v2	COAD_source_contract_sc_v2	sc_expression_source	NA	NA	P4HA1	author_source_donor_label	22	NA	donor_equal_mean_log1p_CP10K	0.19499732336335676	NA	NA	NA	NA	NA:descriptive only	NA	DONE	DESCRIPTIVE_SOURCE_ONLY	Lee original count matrix and annotation	Lee	ALL	Epithelial cells	hsa:5033	22	17456	0.19499732336335676	0.33981252738911477	per_cell_log1p_10000_full_gene_UMI_then_donor_mean	0.6612462442901599
COAD	Lee	06_EXTERNAL	20260922T141755Z_source_contract_sc_v2	COAD_source_contract_sc_v2	sc_expression_source	NA	NA	P4HA2	author_source_donor_label	22	NA	donor_equal_mean_log1p_CP10K	0.16289607172413967	NA	NA	NA	NA	NA:descriptive only	NA	DONE	DESCRIPTIVE_SOURCE_ONLY	Lee original count matrix and annotation	Lee	ALL	Epithelial cells	hsa:8974	22	17456	0.16289607172413967	0.29817450587479366	per_cell_log1p_10000_full_gene_UMI_then_donor_mean	0.5676632959746023
COAD	Lee	06_EXTERNAL	20260922T141755Z_source_contract_sc_v2	COAD_source_contract_sc_v2	sc_expression_source	NA	NA	P4HA3	author_source_donor_label	22	NA	donor_equal_mean_log1p_CP10K	0.002061808517332294	NA	NA	NA	NA	NA:descriptive only	NA	DONE	DESCRIPTIVE_SOURCE_ONLY	Lee original count matrix and annotation	Lee	ALL	Epithelial cells	hsa:283208	22	17456	0.002061808517332294	0.0049374530763048015	per_cell_log1p_10000_full_gene_UMI_then_donor_mean	0.02794583176212169
COAD	Lee	06_EXTERNAL	20260922T141755Z_source_contract_sc_v2	COAD_source_contract_sc_v2	sc_expression_source	NA	NA	PAH	author_source_donor_label	22	NA	donor_equal_mean_log1p_CP10K	0.015939132686636718	NA	NA	NA	NA	NA:descriptive only	NA	DONE	DESCRIPTIVE_SOURCE_ONLY	Lee original count matrix and annotation	Lee	ALL	Epithelial cells	hsa:5053	22	17456	0.015939132686636718	0.0337125242488912	per_cell_log1p_10000_full_gene_UMI_then_donor_mean	1.0
COAD	Lee	06_EXTERNAL	20260922T141755Z_source_contract_sc_v2	COAD_source_contract_sc_v2	sc_expression_source	NA	NA	PANK1	author_source_donor_label	22	NA	donor_equal_mean_log1p_CP10K	0.051467598191820334	NA	NA	NA	NA	NA:descriptive only	NA	DONE	DESCRIPTIVE_SOURCE_ONLY	Lee original count matrix and annotation	Lee	ALL	Epithelial cells	hsa:53354	22	17456	0.051467598191820334	0.13056548490189182	per_cell_log1p_10000_full_gene_UMI_then_donor_mean	1.0
COAD	Lee	06_EXTERNAL	20260922T141755Z_source_contract_sc_v2	COAD_source_contract_sc_v2	sc_expression_source	NA	NA	PANK2	author_source_donor_label	22	NA	donor_equal_mean_log1p_CP10K	0.11480833377785805	NA	NA	NA	NA	NA:descriptive only	NA	DONE	DESCRIPTIVE_SOURCE_ONLY	Lee original count matrix and annotation	Lee	ALL	Epithelial cells	hsa:80025	22	17456	0.11480833377785805	0.25761557137235774	per_cell_log1p_10000_full_gene_UMI_then_donor_mean	0.6738377751102684
COAD	Lee	06_EXTERNAL	20260922T141755Z_source_contract_sc_v2	COAD_source_contract_sc_v2	sc_expression_source	NA	NA	PANK3	author_source_donor_label	22	NA	donor_equal_mean_log1p_CP10K	0.13059004676246955	NA	NA	NA	NA	NA:descriptive only	NA	DONE	DESCRIPTIVE_SOURCE_ONLY	Lee original count matrix and annotation	Lee	ALL	Epithelial cells	hsa:79646	22	17456	0.13059004676246955	0.27777429454518515	per_cell_log1p_10000_full_gene_UMI_then_donor_mean	1.0
COAD	Lee	06_EXTERNAL	20260922T141755Z_source_contract_sc_v2	COAD_source_contract_sc_v2	sc_expression_source	NA	NA	PANX1	author_source_donor_label	22	NA	donor_equal_mean_log1p_CP10K	0.046573058132759776	NA	NA	NA	NA	NA:descriptive only	NA	DONE	DESCRIPTIVE_SOURCE_ONLY	Lee original count matrix and annotation	Lee	ALL	Epithelial cells	hsa:24145	22	17456	0.046573058132759776	0.12282436317633927	per_cell_log1p_10000_full_gene_UMI_then_donor_mean	0.41399302014933914
COAD	Lee	06_EXTERNAL	20260922T141755Z_source_contract_sc_v2	COAD_source_contract_sc_v2	sc_expression_source	NA	NA	PANX2	author_source_donor_label	22	NA	donor_equal_mean_log1p_CP10K	0.0005312678335110349	NA	NA	NA	NA	NA:descriptive only	NA	DONE	DESCRIPTIVE_SOURCE_ONLY	Lee original count matrix and annotation	Lee	ALL	Epithelial cells	hsa:56666	22	17456	0.0005312678335110349	0.0014333790806481497	per_cell_log1p_10000_full_gene_UMI_then_donor_mean	0.23616368749763286
COAD	Lee	06_EXTERNAL	20260922T141755Z_source_contract_sc_v2	COAD_source_contract_sc_v2	sc_expression_source	NA	NA	PAOX	author_source_donor_label	22	NA	donor_equal_mean_log1p_CP10K	0.02188389537944517	NA	NA	NA	NA	NA:descriptive only	NA	DONE	DESCRIPTIVE_SOURCE_ONLY	Lee original count matrix and annotation	Lee	ALL	Epithelial cells	hsa:196743	22	17456	0.02188389537944517	0.05676575744533679	per_cell_log1p_10000_full_gene_UMI_then_donor_mean	0.32783397983832135
COAD	Lee	06_EXTERNAL	20260922T141755Z_source_contract_sc_v2	COAD_source_contract_sc_v2	sc_expression_source	NA	NA	PARS2	author_source_donor_label	22	NA	donor_equal_mean_log1p_CP10K	0.009316714896354173	NA	NA	NA	NA	NA:descriptive only	NA	DONE	DESCRIPTIVE_SOURCE_ONLY	Lee original count matrix and annotation	Lee	ALL	Epithelial cells	hsa:25973	22	17456	0.009316714896354173	0.02811367961222078	per_cell_log1p_10000_full_gene_UMI_then_donor_mean	1.0
COAD	Lee	06_EXTERNAL	20260922T141755Z_source_contract_sc_v2	COAD_source_contract_sc_v2	sc_expression_source	NA	NA	NT5C1B	author_source_donor_label	0	NA	donor_equal_mean_log1p_CP10K	NA	NA	NA	NA	NA	NA:descriptive only	NA	NOT_EVALUABLE	FEWER_THAN_3_DONORS_WITH_20_CELLS	Lee original count matrix and annotation	Lee	ALL	Mast cells	hsa:93034	0	0	NA	NA	per_cell_log1p_10000_full_gene_UMI_then_donor_mean	NA
COAD	Lee	06_EXTERNAL	20260922T141755Z_source_contract_sc_v2	COAD_source_contract_sc_v2	sc_expression_source	NA	NA	NT5C1B-RDH14	author_source_donor_label	0	NA	donor_equal_mean_log1p_CP10K	NA	NA	NA	NA	NA	NA:descriptive only	NA	NOT_EVALUABLE	FEWER_THAN_3_DONORS_WITH_20_CELLS	Lee original count matrix and annotation	Lee	ALL	Mast cells	hsa:100526794	0	0	NA	NA	per_cell_log1p_10000_full_gene_UMI_then_donor_mean	NA
COAD	Lee	06_EXTERNAL	20260922T141755Z_source_contract_sc_v2	COAD_source_contract_sc_v2	sc_expression_source	NA	NA	NT5C2	author_source_donor_label	0	NA	donor_equal_mean_log1p_CP10K	NA	NA	NA	NA	NA	NA:descriptive only	NA	NOT_EVALUABLE	FEWER_THAN_3_DONORS_WITH_20_CELLS	Lee original count matrix and annotation	Lee	ALL	Mast cells	hsa:22978	0	0	NA	NA	per_cell_log1p_10000_full_gene_UMI_then_donor_mean	NA
COAD	Lee	06_EXTERNAL	20260922T141755Z_source_contract_sc_v2	COAD_source_contract_sc_v2	sc_expression_source	NA	NA	NT5C3A	author_source_donor_label	0	NA	donor_equal_mean_log1p_CP10K	NA	NA	NA	NA	NA	NA:descriptive only	NA	NOT_EVALUABLE	FEWER_THAN_3_DONORS_WITH_20_CELLS	Lee original count matrix and annotation	Lee	ALL	Mast cells	hsa:51251	0	0	NA	NA	per_cell_log1p_10000_full_gene_UMI_then_donor_mean	NA
COAD	Lee	06_EXTERNAL	20260922T141755Z_source_contract_sc_v2	COAD_source_contract_sc_v2	sc_expression_source	NA	NA	NT5C3B	author_source_donor_label	0	NA	donor_equal_mean_log1p_CP10K	NA	NA	NA	NA	NA	NA:descriptive only	NA	NOT_EVALUABLE	FEWER_THAN_3_DONORS_WITH_20_CELLS	Lee original count matrix and annotation	Lee	ALL	Mast cells	hsa:115024	0	0	NA	NA	per_cell_log1p_10000_full_gene_UMI_then_donor_mean	NA
COAD	Lee	06_EXTERNAL	20260922T141755Z_source_contract_sc_v2	COAD_source_contract_sc_v2	sc_expression_source	NA	NA	NT5DC4	author_source_donor_label	0	NA	donor_equal_mean_log1p_CP10K	NA	NA	NA	NA	NA	NA:descriptive only	NA	NOT_EVALUABLE	FEWER_THAN_3_DONORS_WITH_20_CELLS	Lee original count matrix and annotation	Lee	ALL	Mast cells	hsa:284958	0	0	NA	NA	per_cell_log1p_10000_full_gene_UMI_then_donor_mean	NA
COAD	Lee	06_EXTERNAL	20260922T141755Z_source_contract_sc_v2	COAD_source_contract_sc_v2	sc_expression_source	NA	NA	NT5E	author_source_donor_label	0	NA	donor_equal_mean_log1p_CP10K	NA	NA	NA	NA	NA	NA:descriptive only	NA	NOT_EVALUABLE	FEWER_THAN_3_DONORS_WITH_20_CELLS	Lee original count matrix and annotation	Lee	ALL	Mast cells	hsa:4907	0	0	NA	NA	per_cell_log1p_10000_full_gene_UMI_then_donor_mean	NA
COAD	Lee	06_EXTERNAL	20260922T141755Z_source_contract_sc_v2	COAD_source_contract_sc_v2	sc_expression_source	NA	NA	NT5M	author_source_donor_label	0	NA	donor_equal_mean_log1p_CP10K	NA	NA	NA	NA	NA	NA:descriptive only	NA	NOT_EVALUABLE	FEWER_THAN_3_DONORS_WITH_20_CELLS	Lee original count matrix and annotation	Lee	ALL	Mast cells	hsa:56953	0	0	NA	NA	per_cell_log1p_10000_full_gene_UMI_then_donor_mean	NA
COAD	Lee	06_EXTERNAL	20260922T141755Z_source_contract_sc_v2	COAD_source_contract_sc_v2	sc_expression_source	NA	NA	NUDT16	author_source_donor_label	0	NA	donor_equal_mean_log1p_CP10K	NA	NA	NA	NA	NA	NA:descriptive only	NA	NOT_EVALUABLE	FEWER_THAN_3_DONORS_WITH_20_CELLS	Lee original count matrix and annotation	Lee	ALL	Mast cells	hsa:131870	0	0	NA	NA	per_cell_log1p_10000_full_gene_UMI_then_donor_mean	NA
COAD	Lee	06_EXTERNAL	20260922T141755Z_source_contract_sc_v2	COAD_source_contract_sc_v2	sc_expression_source	NA	NA	NUDT2	author_source_donor_label	0	NA	donor_equal_mean_log1p_CP10K	NA	NA	NA	NA	NA	NA:descriptive only	NA	NOT_EVALUABLE	FEWER_THAN_3_DONORS_WITH_20_CELLS	Lee original count matrix and annotation	Lee	ALL	Mast cells	hsa:318	0	0	NA	NA	per_cell_log1p_10000_full_gene_UMI_then_donor_mean	NA
COAD	Lee	06_EXTERNAL	20260922T141755Z_source_contract_sc_v2	COAD_source_contract_sc_v2	sc_expression_source	NA	NA	OAT	author_source_donor_label	0	NA	donor_equal_mean_log1p_CP10K	NA	NA	NA	NA	NA	NA:descriptive only	NA	NOT_EVALUABLE	FEWER_THAN_3_DONORS_WITH_20_CELLS	Lee original count matrix and annotation	Lee	ALL	Mast cells	hsa:4942	0	0	NA	NA	per_cell_log1p_10000_full_gene_UMI_then_donor_mean	NA
COAD	Lee	06_EXTERNAL	20260922T141755Z_source_contract_sc_v2	COAD_source_contract_sc_v2	sc_expression_source	NA	NA	OGT	author_source_donor_label	0	NA	donor_equal_mean_log1p_CP10K	NA	NA	NA	NA	NA	NA:descriptive only	NA	NOT_EVALUABLE	FEWER_THAN_3_DONORS_WITH_20_CELLS	Lee original count matrix and annotation	Lee	ALL	Mast cells	hsa:8473	0	0	NA	NA	per_cell_log1p_10000_full_gene_UMI_then_donor_mean	NA
COAD	Lee	06_EXTERNAL	20260922T141755Z_source_contract_sc_v2	COAD_source_contract_sc_v2	sc_expression_source	NA	NA	OPLAH	author_source_donor_label	0	NA	donor_equal_mean_log1p_CP10K	NA	NA	NA	NA	NA	NA:descriptive only	NA	NOT_EVALUABLE	FEWER_THAN_3_DONORS_WITH_20_CELLS	Lee original count matrix and annotation	Lee	ALL	Mast cells	hsa:26873	0	0	NA	NA	per_cell_log1p_10000_full_gene_UMI_then_donor_mean	NA
COAD	Lee	06_EXTERNAL	20260922T141755Z_source_contract_sc_v2	COAD_source_contract_sc_v2	sc_expression_source	NA	NA	OXCT1	author_source_donor_label	0	NA	donor_equal_mean_log1p_CP10K	NA	NA	NA	NA	NA	NA:descriptive only	NA	NOT_EVALUABLE	FEWER_THAN_3_DONORS_WITH_20_CELLS	Lee original count matrix and annotation	Lee	ALL	Mast cells	hsa:5019	0	0	NA	NA	per_cell_log1p_10000_full_gene_UMI_then_donor_mean	NA
COAD	Lee	06_EXTERNAL	20260922T141755Z_source_contract_sc_v2	COAD_source_contract_sc_v2	sc_expression_source	NA	NA	OXCT2	author_source_donor_label	0	NA	donor_equal_mean_log1p_CP10K	NA	NA	NA	NA	NA	NA:descriptive only	NA	NOT_EVALUABLE	FEWER_THAN_3_DONORS_WITH_20_CELLS	Lee original count matrix and annotation	Lee	ALL	Mast cells	hsa:64064	0	0	NA	NA	per_cell_log1p_10000_full_gene_UMI_then_donor_mean	NA
COAD	Lee	06_EXTERNAL	20260922T141755Z_source_contract_sc_v2	COAD_source_contract_sc_v2	sc_expression_source	NA	NA	P4HA1	author_source_donor_label	0	NA	donor_equal_mean_log1p_CP10K	NA	NA	NA	NA	NA	NA:descriptive only	NA	NOT_EVALUABLE	FEWER_THAN_3_DONORS_WITH_20_CELLS	Lee original count matrix and annotation	Lee	ALL	Mast cells	hsa:5033	0	0	NA	NA	per_cell_log1p_10000_full_gene_UMI_then_donor_mean	NA
COAD	Lee	06_EXTERNAL	20260922T141755Z_source_contract_sc_v2	COAD_source_contract_sc_v2	sc_expression_source	NA	NA	P4HA2	author_source_donor_label	0	NA	donor_equal_mean_log1p_CP10K	NA	NA	NA	NA	NA	NA:descriptive only	NA	NOT_EVALUABLE	FEWER_THAN_3_DONORS_WITH_20_CELLS	Lee original count matrix and annotation	Lee	ALL	Mast cells	hsa:8974	0	0	NA	NA	per_cell_log1p_10000_full_gene_UMI_then_donor_mean	NA
COAD	Lee	06_EXTERNAL	20260922T141755Z_source_contract_sc_v2	COAD_source_contract_sc_v2	sc_expression_source	NA	NA	P4HA3	author_source_donor_label	0	NA	donor_equal_mean_log1p_CP10K	NA	NA	NA	NA	NA	NA:descriptive only	NA	NOT_EVALUABLE	FEWER_THAN_3_DONORS_WITH_20_CELLS	Lee original count matrix and annotation	Lee	ALL	Mast cells	hsa:283208	0	0	NA	NA	per_cell_log1p_10000_full_gene_UMI_then_donor_mean	NA
COAD	Lee	06_EXTERNAL	20260922T141755Z_source_contract_sc_v2	COAD_source_contract_sc_v2	sc_expression_source	NA	NA	PAH	author_source_donor_label	0	NA	donor_equal_mean_log1p_CP10K	NA	NA	NA	NA	NA	NA:descriptive only	NA	NOT_EVALUABLE	FEWER_THAN_3_DONORS_WITH_20_CELLS	Lee original count matrix and annotation	Lee	ALL	Mast cells	hsa:5053	0	0	NA	NA	per_cell_log1p_10000_full_gene_UMI_then_donor_mean	NA
COAD	Lee	06_EXTERNAL	20260922T141755Z_source_contract_sc_v2	COAD_source_contract_sc_v2	sc_expression_source	NA	NA	PANK1	author_source_donor_label	0	NA	donor_equal_mean_log1p_CP10K	NA	NA	NA	NA	NA	NA:descriptive only	NA	NOT_EVALUABLE	FEWER_THAN_3_DONORS_WITH_20_CELLS	Lee original count matrix and annotation	Lee	ALL	Mast cells	hsa:53354	0	0	NA	NA	per_cell_log1p_10000_full_gene_UMI_then_donor_mean	NA
COAD	Lee	06_EXTERNAL	20260922T141755Z_source_contract_sc_v2	COAD_source_contract_sc_v2	sc_expression_source	NA	NA	PANK2	author_source_donor_label	0	NA	donor_equal_mean_log1p_CP10K	NA	NA	NA	NA	NA	NA:descriptive only	NA	NOT_EVALUABLE	FEWER_THAN_3_DONORS_WITH_20_CELLS	Lee original count matrix and annotation	Lee	ALL	Mast cells	hsa:80025	0	0	NA	NA	per_cell_log1p_10000_full_gene_UMI_then_donor_mean	NA
COAD	Lee	06_EXTERNAL	20260922T141755Z_source_contract_sc_v2	COAD_source_contract_sc_v2	sc_expression_source	NA	NA	PANK3	author_source_donor_label	0	NA	donor_equal_mean_log1p_CP10K	NA	NA	NA	NA	NA	NA:descriptive only	NA	NOT_EVALUABLE	FEWER_THAN_3_DONORS_WITH_20_CELLS	Lee original count matrix and annotation	Lee	ALL	Mast cells	hsa:79646	0	0	NA	NA	per_cell_log1p_10000_full_gene_UMI_then_donor_mean	NA
COAD	Lee	06_EXTERNAL	20260922T141755Z_source_contract_sc_v2	COAD_source_contract_sc_v2	sc_expression_source	NA	NA	PANX1	author_source_donor_label	0	NA	donor_equal_mean_log1p_CP10K	NA	NA	NA	NA	NA	NA:descriptive only	NA	NOT_EVALUABLE	FEWER_THAN_3_DONORS_WITH_20_CELLS	Lee original count matrix and annotation	Lee	ALL	Mast cells	hsa:24145	0	0	NA	NA	per_cell_log1p_10000_full_gene_UMI_then_donor_mean	NA
COAD	Lee	06_EXTERNAL	20260922T141755Z_source_contract_sc_v2	COAD_source_contract_sc_v2	sc_expression_source	NA	NA	PANX2	author_source_donor_label	0	NA	donor_equal_mean_log1p_CP10K	NA	NA	NA	NA	NA	NA:descriptive only	NA	NOT_EVALUABLE	FEWER_THAN_3_DONORS_WITH_20_CELLS	Lee original count matrix and annotation	Lee	ALL	Mast cells	hsa:56666	0	0	NA	NA	per_cell_log1p_10000_full_gene_UMI_then_donor_mean	NA
COAD	Lee	06_EXTERNAL	20260922T141755Z_source_contract_sc_v2	COAD_source_contract_sc_v2	sc_expression_source	NA	NA	PAOX	author_source_donor_label	0	NA	donor_equal_mean_log1p_CP10K	NA	NA	NA	NA	NA	NA:descriptive only	NA	NOT_EVALUABLE	FEWER_THAN_3_DONORS_WITH_20_CELLS	Lee original count matrix and annotation	Lee	ALL	Mast cells	hsa:196743	0	0	NA	NA	per_cell_log1p_10000_full_gene_UMI_then_donor_mean	NA
COAD	Lee	06_EXTERNAL	20260922T141755Z_source_contract_sc_v2	COAD_source_contract_sc_v2	sc_expression_source	NA	NA	PARS2	author_source_donor_label	0	NA	donor_equal_mean_log1p_CP10K	NA	NA	NA	NA	NA	NA:descriptive only	NA	NOT_EVALUABLE	FEWER_THAN_3_DONORS_WITH_20_CELLS	Lee original count matrix and annotation	Lee	ALL	Mast cells	hsa:25973	0	0	NA	NA	per_cell_log1p_10000_full_gene_UMI_then_donor_mean	NA
COAD	Lee	06_EXTERNAL	20260922T141755Z_source_contract_sc_v2	COAD_source_contract_sc_v2	sc_expression_source	NA	NA	NT5C1B	author_source_donor_label	23	NA	donor_equal_mean_log1p_CP10K	0.0	NA	NA	NA	NA	NA:descriptive only	NA	DONE	DESCRIPTIVE_SOURCE_ONLY	Lee original count matrix and annotation	Lee	ALL	Myeloids	hsa:93034	23	6400	0.0	0.0	per_cell_log1p_10000_full_gene_UMI_then_donor_mean	0.0
COAD	Lee	06_EXTERNAL	20260922T141755Z_source_contract_sc_v2	COAD_source_contract_sc_v2	sc_expression_source	NA	NA	NT5C1B-RDH14	author_source_donor_label	23	NA	donor_equal_mean_log1p_CP10K	0.0	NA	NA	NA	NA	NA:descriptive only	NA	DONE	DESCRIPTIVE_SOURCE_ONLY	Lee original count matrix and annotation	Lee	ALL	Myeloids	hsa:100526794	23	6400	0.0	0.0	per_cell_log1p_10000_full_gene_UMI_then_donor_mean	0.0
COAD	Lee	06_EXTERNAL	20260922T141755Z_source_contract_sc_v2	COAD_source_contract_sc_v2	sc_expression_source	NA	NA	NT5C2	author_source_donor_label	23	NA	donor_equal_mean_log1p_CP10K	0.09443668090105307	NA	NA	NA	NA	NA:descriptive only	NA	DONE	DESCRIPTIVE_SOURCE_ONLY	Lee original count matrix and annotation	Lee	ALL	Myeloids	hsa:22978	23	6400	0.09443668090105307	0.10463355802050608	per_cell_log1p_10000_full_gene_UMI_then_donor_mean	0.8488046719271709
COAD	Lee	06_EXTERNAL	20260922T141755Z_source_contract_sc_v2	COAD_source_contract_sc_v2	sc_expression_source	NA	NA	NT5C3A	author_source_donor_label	23	NA	donor_equal_mean_log1p_CP10K	0.10182497245788551	NA	NA	NA	NA	NA:descriptive only	NA	DONE	DESCRIPTIVE_SOURCE_ONLY	Lee original count matrix and annotation	Lee	ALL	Myeloids	hsa:51251	23	6400	0.10182497245788551	0.10722934430186484	per_cell_log1p_10000_full_gene_UMI_then_donor_mean	0.22077882860263331
COAD	Lee	06_EXTERNAL	20260922T141755Z_source_contract_sc_v2	COAD_source_contract_sc_v2	sc_expression_source	NA	NA	NT5C3B	author_source_donor_label	23	NA	donor_equal_mean_log1p_CP10K	0.05812844690104057	NA	NA	NA	NA	NA:descriptive only	NA	DONE	DESCRIPTIVE_SOURCE_ONLY	Lee original count matrix and annotation	Lee	ALL	Myeloids	hsa:115024	23	6400	0.05812844690104057	0.06870200787578332	per_cell_log1p_10000_full_gene_UMI_then_donor_mean	0.20099997697105745
COAD	Lee	06_EXTERNAL	20260922T141755Z_source_contract_sc_v2	COAD_source_contract_sc_v2	sc_expression_source	NA	NA	NT5DC4	author_source_donor_label	23	NA	donor_equal_mean_log1p_CP10K	0.006577102524473072	NA	NA	NA	NA	NA:descriptive only	NA	DONE	DESCRIPTIVE_SOURCE_ONLY	Lee original count matrix and annotation	Lee	ALL	Myeloids	hsa:284958	23	6400	0.006577102524473072	0.00741260649069562	per_cell_log1p_10000_full_gene_UMI_then_donor_mean	0.807112016501557
COAD	Lee	06_EXTERNAL	20260922T141755Z_source_contract_sc_v2	COAD_source_contract_sc_v2	sc_expression_source	NA	NA	NT5E	author_source_donor_label	23	NA	donor_equal_mean_log1p_CP10K	0.040147520048715815	NA	NA	NA	NA	NA:descriptive only	NA	DONE	DESCRIPTIVE_SOURCE_ONLY	Lee original count matrix and annotation	Lee	ALL	Myeloids	hsa:4907	23	6400	0.040147520048715815	0.034773205555905566	per_cell_log1p_10000_full_gene_UMI_then_donor_mean	0.24812231548356967
COAD	Lee	06_EXTERNAL	20260922T141755Z_source_contract_sc_v2	COAD_source_contract_sc_v2	sc_expression_source	NA	NA	NT5M	author_source_donor_label	23	NA	donor_equal_mean_log1p_CP10K	0.0005843846127178404	NA	NA	NA	NA	NA:descriptive only	NA	DONE	DESCRIPTIVE_SOURCE_ONLY	Lee original count matrix and annotation	Lee	ALL	Myeloids	hsa:56953	23	6400	0.0005843846127178404	0.000986094940816815	per_cell_log1p_10000_full_gene_UMI_then_donor_mean	0.08649386056644011
COAD	Lee	06_EXTERNAL	20260922T141755Z_source_contract_sc_v2	COAD_source_contract_sc_v2	sc_expression_source	NA	NA	NUDT16	author_source_donor_label	23	NA	donor_equal_mean_log1p_CP10K	0.12617488363641782	NA	NA	NA	NA	NA:descriptive only	NA	DONE	DESCRIPTIVE_SOURCE_ONLY	Lee original count matrix and annotation	Lee	ALL	Myeloids	hsa:131870	23	6400	0.12617488363641782	0.1417845725997775	per_cell_log1p_10000_full_gene_UMI_then_donor_mean	0.8098269936591589
COAD	Lee	06_EXTERNAL	20260922T141755Z_source_contract_sc_v2	COAD_source_contract_sc_v2	sc_expression_source	NA	NA	NUDT2	author_source_donor_label	23	NA	donor_equal_mean_log1p_CP10K	0.09023250300424754	NA	NA	NA	NA	NA:descriptive only	NA	DONE	DESCRIPTIVE_SOURCE_ONLY	Lee original count matrix and annotation	Lee	ALL	Myeloids	hsa:318	23	6400	0.09023250300424754	0.10910490713667473	per_cell_log1p_10000_full_gene_UMI_then_donor_mean	0.41817879491763144
COAD	Lee	06_EXTERNAL	20260922T141755Z_source_contract_sc_v2	COAD_source_contract_sc_v2	sc_expression_source	NA	NA	OAT	author_source_donor_label	23	NA	donor_equal_mean_log1p_CP10K	0.23848318676311972	NA	NA	NA	NA	NA:descriptive only	NA	DONE	DESCRIPTIVE_SOURCE_ONLY	Lee original count matrix and annotation	Lee	ALL	Myeloids	hsa:4942	23	6400	0.23848318676311972	0.23211618255265304	per_cell_log1p_10000_full_gene_UMI_then_donor_mean	0.5656511178953186
COAD	Lee	06_EXTERNAL	20260922T141755Z_source_contract_sc_v2	COAD_source_contract_sc_v2	sc_expression_source	NA	NA	OGT	author_source_donor_label	23	NA	donor_equal_mean_log1p_CP10K	0.12281489025358817	NA	NA	NA	NA	NA:descriptive only	NA	DONE	DESCRIPTIVE_SOURCE_ONLY	Lee original count matrix and annotation	Lee	ALL	Myeloids	hsa:8473	23	6400	0.12281489025358817	0.12621864021028492	per_cell_log1p_10000_full_gene_UMI_then_donor_mean	0.6804496819598359
COAD	Lee	06_EXTERNAL	20260922T141755Z_source_contract_sc_v2	COAD_source_contract_sc_v2	sc_expression_source	NA	NA	OPLAH	author_source_donor_label	23	NA	donor_equal_mean_log1p_CP10K	0.018247343290177572	NA	NA	NA	NA	NA:descriptive only	NA	DONE	DESCRIPTIVE_SOURCE_ONLY	Lee original count matrix and annotation	Lee	ALL	Myeloids	hsa:26873	23	6400	0.018247343290177572	0.02104802664509356	per_cell_log1p_10000_full_gene_UMI_then_donor_mean	0.31631046717425615
COAD	Lee	06_EXTERNAL	20260922T141755Z_source_contract_sc_v2	COAD_source_contract_sc_v2	sc_expression_source	NA	NA	OXCT1	author_source_donor_label	23	NA	donor_equal_mean_log1p_CP10K	0.030840043825969783	NA	NA	NA	NA	NA:descriptive only	NA	DONE	DESCRIPTIVE_SOURCE_ONLY	Lee original count matrix and annotation	Lee	ALL	Myeloids	hsa:5019	23	6400	0.030840043825969783	0.036249074130066214	per_cell_log1p_10000_full_gene_UMI_then_donor_mean	0.3237047317820125
COAD	Lee	06_EXTERNAL	20260922T141755Z_source_contract_sc_v2	COAD_source_contract_sc_v2	sc_expression_source	NA	NA	OXCT2	author_source_donor_label	23	NA	donor_equal_mean_log1p_CP10K	0.020566235011460387	NA	NA	NA	NA	NA:descriptive only	NA	DONE	DESCRIPTIVE_SOURCE_ONLY	Lee original count matrix and annotation	Lee	ALL	Myeloids	hsa:64064	23	6400	0.020566235011460387	0.02560871977674228	per_cell_log1p_10000_full_gene_UMI_then_donor_mean	1.0
COAD	Lee	06_EXTERNAL	20260922T141755Z_source_contract_sc_v2	COAD_source_contract_sc_v2	sc_expression_source	NA	NA	P4HA1	author_source_donor_label	23	NA	donor_equal_mean_log1p_CP10K	0.2555305065634486	NA	NA	NA	NA	NA:descriptive only	NA	DONE	DESCRIPTIVE_SOURCE_ONLY	Lee original count matrix and annotation	Lee	ALL	Myeloids	hsa:5033	23	6400	0.2555305065634486	0.24373139922686549	per_cell_log1p_10000_full_gene_UMI_then_donor_mean	0.8665174724054417
COAD	Lee	06_EXTERNAL	20260922T141755Z_source_contract_sc_v2	COAD_source_contract_sc_v2	sc_expression_source	NA	NA	P4HA2	author_source_donor_label	23	NA	donor_equal_mean_log1p_CP10K	0.044123684421415135	NA	NA	NA	NA	NA:descriptive only	NA	DONE	DESCRIPTIVE_SOURCE_ONLY	Lee original count matrix and annotation	Lee	ALL	Myeloids	hsa:8974	23	6400	0.044123684421415135	0.04754671763345417	per_cell_log1p_10000_full_gene_UMI_then_donor_mean	0.15376304575116362
COAD	Lee	06_EXTERNAL	20260922T141755Z_source_contract_sc_v2	COAD_source_contract_sc_v2	sc_expression_source	NA	NA	P4HA3	author_source_donor_label	23	NA	donor_equal_mean_log1p_CP10K	0.0004359650344784573	NA	NA	NA	NA	NA:descriptive only	NA	DONE	DESCRIPTIVE_SOURCE_ONLY	Lee original count matrix and annotation	Lee	ALL	Myeloids	hsa:283208	23	6400	0.0004359650344784573	0.0005017546064778631	per_cell_log1p_10000_full_gene_UMI_then_donor_mean	0.0059090868066959045
COAD	Lee	06_EXTERNAL	20260922T141755Z_source_contract_sc_v2	COAD_source_contract_sc_v2	sc_expression_source	NA	NA	PAH	author_source_donor_label	23	NA	donor_equal_mean_log1p_CP10K	0.0007821677382220067	NA	NA	NA	NA	NA:descriptive only	NA	DONE	DESCRIPTIVE_SOURCE_ONLY	Lee original count matrix and annotation	Lee	ALL	Myeloids	hsa:5053	23	6400	0.0007821677382220067	0.0007460310434582715	per_cell_log1p_10000_full_gene_UMI_then_donor_mean	0.04907216431404489
COAD	Lee	06_EXTERNAL	20260922T141755Z_source_contract_sc_v2	COAD_source_contract_sc_v2	sc_expression_source	NA	NA	PANK1	author_source_donor_label	23	NA	donor_equal_mean_log1p_CP10K	0.0051565675060686305	NA	NA	NA	NA	NA:descriptive only	NA	DONE	DESCRIPTIVE_SOURCE_ONLY	Lee original count matrix and annotation	Lee	ALL	Myeloids	hsa:53354	23	6400	0.0051565675060686305	0.005675356298827261	per_cell_log1p_10000_full_gene_UMI_then_donor_mean	0.1001905604153125
COAD	Lee	06_EXTERNAL	20260922T141755Z_source_contract_sc_v2	COAD_source_contract_sc_v2	sc_expression_source	NA	NA	PANK2	author_source_donor_label	23	NA	donor_equal_mean_log1p_CP10K	0.07256816409894126	NA	NA	NA	NA	NA:descriptive only	NA	DONE	DESCRIPTIVE_SOURCE_ONLY	Lee original count matrix and annotation	Lee	ALL	Myeloids	hsa:80025	23	6400	0.07256816409894126	0.08273082596739183	per_cell_log1p_10000_full_gene_UMI_then_donor_mean	0.42592004109111214
COAD	Lee	06_EXTERNAL	20260922T141755Z_source_contract_sc_v2	COAD_source_contract_sc_v2	sc_expression_source	NA	NA	PANK3	author_source_donor_label	23	NA	donor_equal_mean_log1p_CP10K	0.08211277036079206	NA	NA	NA	NA	NA:descriptive only	NA	DONE	DESCRIPTIVE_SOURCE_ONLY	Lee original count matrix and annotation	Lee	ALL	Myeloids	hsa:79646	23	6400	0.08211277036079206	0.08486373099279021	per_cell_log1p_10000_full_gene_UMI_then_donor_mean	0.6287827625190079
COAD	Lee	06_EXTERNAL	20260922T141755Z_source_contract_sc_v2	COAD_source_contract_sc_v2	sc_expression_source	NA	NA	PANX1	author_source_donor_label	23	NA	donor_equal_mean_log1p_CP10K	0.05326106687495384	NA	NA	NA	NA	NA:descriptive only	NA	DONE	DESCRIPTIVE_SOURCE_ONLY	Lee original count matrix and annotation	Lee	ALL	Myeloids	hsa:24145	23	6400	0.05326106687495384	0.0601431068026529	per_cell_log1p_10000_full_gene_UMI_then_donor_mean	0.47344346315167524
COAD	Lee	06_EXTERNAL	20260922T141755Z_source_contract_sc_v2	COAD_source_contract_sc_v2	sc_expression_source	NA	NA	PANX2	author_source_donor_label	23	NA	donor_equal_mean_log1p_CP10K	0.0017942546113953043	NA	NA	NA	NA	NA:descriptive only	NA	DONE	DESCRIPTIVE_SOURCE_ONLY	Lee original count matrix and annotation	Lee	ALL	Myeloids	hsa:56666	23	6400	0.0017942546113953043	0.0024660310801959398	per_cell_log1p_10000_full_gene_UMI_then_donor_mean	0.7975972920031357
COAD	Lee	06_EXTERNAL	20260922T141755Z_source_contract_sc_v2	COAD_source_contract_sc_v2	sc_expression_source	NA	NA	PAOX	author_source_donor_label	23	NA	donor_equal_mean_log1p_CP10K	0.022469911447589228	NA	NA	NA	NA	NA:descriptive only	NA	DONE	DESCRIPTIVE_SOURCE_ONLY	Lee original count matrix and annotation	Lee	ALL	Myeloids	hsa:196743	23	6400	0.022469911447589228	0.028770809563174925	per_cell_log1p_10000_full_gene_UMI_then_donor_mean	0.3366128547386891
COAD	Lee	06_EXTERNAL	20260922T141755Z_source_contract_sc_v2	COAD_source_contract_sc_v2	sc_expression_source	NA	NA	PARS2	author_source_donor_label	23	NA	donor_equal_mean_log1p_CP10K	0.0003036891745434053	NA	NA	NA	NA	NA:descriptive only	NA	DONE	DESCRIPTIVE_SOURCE_ONLY	Lee original count matrix and annotation	Lee	ALL	Myeloids	hsa:25973	23	6400	0.0003036891745434053	0.0004422404173279029	per_cell_log1p_10000_full_gene_UMI_then_donor_mean	0.032596164841562594
COAD	Lee	06_EXTERNAL	20260922T141755Z_source_contract_sc_v2	COAD_source_contract_sc_v2	sc_expression_source	NA	NA	NT5C1B	author_source_donor_label	19	NA	donor_equal_mean_log1p_CP10K	0.0	NA	NA	NA	NA	NA:descriptive only	NA	DONE	DESCRIPTIVE_SOURCE_ONLY	Lee original count matrix and annotation	Lee	ALL	Stromal cells	hsa:93034	19	2693	0.0	0.0	per_cell_log1p_10000_full_gene_UMI_then_donor_mean	0.0
COAD	Lee	06_EXTERNAL	20260922T141755Z_source_contract_sc_v2	COAD_source_contract_sc_v2	sc_expression_source	NA	NA	NT5C1B-RDH14	author_source_donor_label	19	NA	donor_equal_mean_log1p_CP10K	0.0	NA	NA	NA	NA	NA:descriptive only	NA	DONE	DESCRIPTIVE_SOURCE_ONLY	Lee original count matrix and annotation	Lee	ALL	Stromal cells	hsa:100526794	19	2693	0.0	0.0	per_cell_log1p_10000_full_gene_UMI_then_donor_mean	0.0
COAD	Lee	06_EXTERNAL	20260922T141755Z_source_contract_sc_v2	COAD_source_contract_sc_v2	sc_expression_source	NA	NA	NT5C2	author_source_donor_label	19	NA	donor_equal_mean_log1p_CP10K	0.0841733687827218	NA	NA	NA	NA	NA:descriptive only	NA	DONE	DESCRIPTIVE_SOURCE_ONLY	Lee original count matrix and annotation	Lee	ALL	Stromal cells	hsa:22978	19	2693	0.0841733687827218	0.11908210058050132	per_cell_log1p_10000_full_gene_UMI_then_donor_mean	0.7565571766492091
COAD	Lee	06_EXTERNAL	20260922T141755Z_source_contract_sc_v2	COAD_source_contract_sc_v2	sc_expression_source	NA	NA	NT5C3A	author_source_donor_label	19	NA	donor_equal_mean_log1p_CP10K	0.17563929270644585	NA	NA	NA	NA	NA:descriptive only	NA	DONE	DESCRIPTIVE_SOURCE_ONLY	Lee original count matrix and annotation	Lee	ALL	Stromal cells	hsa:51251	19	2693	0.17563929270644585	0.23220890464252955	per_cell_log1p_10000_full_gene_UMI_then_donor_mean	0.38082443200622884
COAD	Lee	06_EXTERNAL	20260922T141755Z_source_contract_sc_v2	COAD_source_contract_sc_v2	sc_expression_source	NA	NA	NT5C3B	author_source_donor_label	19	NA	donor_equal_mean_log1p_CP10K	0.28919628637276207	NA	NA	NA	NA	NA:descriptive only	NA	DONE	DESCRIPTIVE_SOURCE_ONLY	Lee original count matrix and annotation	Lee	ALL	Stromal cells	hsa:115024	19	2693	0.28919628637276207	0.3701146681467282	per_cell_log1p_10000_full_gene_UMI_then_donor_mean	1.0
COAD	Lee	06_EXTERNAL	20260922T141755Z_source_contract_sc_v2	COAD_source_contract_sc_v2	sc_expression_source	NA	NA	NT5DC4	author_source_donor_label	19	NA	donor_equal_mean_log1p_CP10K	0.00017018393019093965	NA	NA	NA	NA	NA:descriptive only	NA	DONE	DESCRIPTIVE_SOURCE_ONLY	Lee original count matrix and annotation	Lee	ALL	Stromal cells	hsa:284958	19	2693	0.00017018393019093965	0.0005012531328320802	per_cell_log1p_10000_full_gene_UMI_then_donor_mean	0.020884195519446227
COAD	Lee	06_EXTERNAL	20260922T141755Z_source_contract_sc_v2	COAD_source_contract_sc_v2	sc_expression_source	NA	NA	NT5E	author_source_donor_label	19	NA	donor_equal_mean_log1p_CP10K	0.16180535785534503	NA	NA	NA	NA	NA:descriptive only	NA	DONE	DESCRIPTIVE_SOURCE_ONLY	Lee original count matrix and annotation	Lee	ALL	Stromal cells	hsa:4907	19	2693	0.16180535785534503	0.20648096074528371	per_cell_log1p_10000_full_gene_UMI_then_donor_mean	1.0
COAD	Lee	06_EXTERNAL	20260922T141755Z_source_contract_sc_v2	COAD_source_contract_sc_v2	sc_expression_source	NA	NA	NT5M	author_source_donor_label	19	NA	donor_equal_mean_log1p_CP10K	0.0067563710174424665	NA	NA	NA	NA	NA:descriptive only	NA	DONE	DESCRIPTIVE_SOURCE_ONLY	Lee original count matrix and annotation	Lee	ALL	Stromal cells	hsa:56953	19	2693	0.0067563710174424665	0.011268191249610303	per_cell_log1p_10000_full_gene_UMI_then_donor_mean	1.0
COAD	Lee	06_EXTERNAL	20260922T141755Z_source_contract_sc_v2	COAD_source_contract_sc_v2	sc_expression_source	NA	NA	NUDT16	author_source_donor_label	19	NA	donor_equal_mean_log1p_CP10K	0.14433385016027045	NA	NA	NA	NA	NA:descriptive only	NA	DONE	DESCRIPTIVE_SOURCE_ONLY	Lee original count matrix and annotation	Lee	ALL	Stromal cells	hsa:131870	19	2693	0.14433385016027045	0.20212148098739255	per_cell_log1p_10000_full_gene_UMI_then_donor_mean	0.9263765068756258
COAD	Lee	06_EXTERNAL	20260922T141755Z_source_contract_sc_v2	COAD_source_contract_sc_v2	sc_expression_source	NA	NA	NUDT2	author_source_donor_label	19	NA	donor_equal_mean_log1p_CP10K	0.2125413423549336	NA	NA	NA	NA	NA:descriptive only	NA	DONE	DESCRIPTIVE_SOURCE_ONLY	Lee original count matrix and annotation	Lee	ALL	Stromal cells	hsa:318	19	2693	0.2125413423549336	0.30570532905134046	per_cell_log1p_10000_full_gene_UMI_then_donor_mean	0.9850140410266357
COAD	Lee	06_EXTERNAL	20260922T141755Z_source_contract_sc_v2	COAD_source_contract_sc_v2	sc_expression_source	NA	NA	OAT	author_source_donor_label	19	NA	donor_equal_mean_log1p_CP10K	0.42160826562222803	NA	NA	NA	NA	NA:descriptive only	NA	DONE	DESCRIPTIVE_SOURCE_ONLY	Lee original count matrix and annotation	Lee	ALL	Stromal cells	hsa:4942	19	2693	0.42160826562222803	0.4675914553093551	per_cell_log1p_10000_full_gene_UMI_then_donor_mean	1.0
COAD	Lee	06_EXTERNAL	20260922T141755Z_source_contract_sc_v2	COAD_source_contract_sc_v2	sc_expression_source	NA	NA	OGT	author_source_donor_label	19	NA	donor_equal_mean_log1p_CP10K	0.14135018562155874	NA	NA	NA	NA	NA:descriptive only	NA	DONE	DESCRIPTIVE_SOURCE_ONLY	Lee original count matrix and annotation	Lee	ALL	Stromal cells	hsa:8473	19	2693	0.14135018562155874	0.18832196262997924	per_cell_log1p_10000_full_gene_UMI_then_donor_mean	0.7831435475988091
COAD	Lee	06_EXTERNAL	20260922T141755Z_source_contract_sc_v2	COAD_source_contract_sc_v2	sc_expression_source	NA	NA	OPLAH	author_source_donor_label	19	NA	donor_equal_mean_log1p_CP10K	0.014098534791184798	NA	NA	NA	NA	NA:descriptive only	NA	DONE	DESCRIPTIVE_SOURCE_ONLY	Lee original count matrix and annotation	Lee	ALL	Stromal cells	hsa:26873	19	2693	0.014098534791184798	0.018708613444686432	per_cell_log1p_10000_full_gene_UMI_then_donor_mean	0.24439251541196588
COAD	Lee	06_EXTERNAL	20260922T141755Z_source_contract_sc_v2	COAD_source_contract_sc_v2	sc_expression_source	NA	NA	OXCT1	author_source_donor_label	19	NA	donor_equal_mean_log1p_CP10K	0.06410255255641986	NA	NA	NA	NA	NA:descriptive only	NA	DONE	DESCRIPTIVE_SOURCE_ONLY	Lee original count matrix and annotation	Lee	ALL	Stromal cells	hsa:5019	19	2693	0.06410255255641986	0.10183731310249629	per_cell_log1p_10000_full_gene_UMI_then_donor_mean	0.672836254673052
COAD	Lee	06_EXTERNAL	20260922T141755Z_source_contract_sc_v2	COAD_source_contract_sc_v2	sc_expression_source	NA	NA	OXCT2	author_source_donor_label	19	NA	donor_equal_mean_log1p_CP10K	0.01699310655228353	NA	NA	NA	NA	NA:descriptive only	NA	DONE	DESCRIPTIVE_SOURCE_ONLY	Lee original count matrix and annotation	Lee	ALL	Stromal cells	hsa:64064	19	2693	0.01699310655228353	0.024970097785755912	per_cell_log1p_10000_full_gene_UMI_then_donor_mean	0.8262623928402202
COAD	Lee	06_EXTERNAL	20260922T141755Z_source_contract_sc_v2	COAD_source_contract_sc_v2	sc_expression_source	NA	NA	P4HA1	author_source_donor_label	19	NA	donor_equal_mean_log1p_CP10K	0.29489365731322087	NA	NA	NA	NA	NA:descriptive only	NA	DONE	DESCRIPTIVE_SOURCE_ONLY	Lee original count matrix and annotation	Lee	ALL	Stromal cells	hsa:5033	19	2693	0.29489365731322087	0.3583388843512482	per_cell_log1p_10000_full_gene_UMI_then_donor_mean	1.0
COAD	Lee	06_EXTERNAL	20260922T141755Z_source_contract_sc_v2	COAD_source_contract_sc_v2	sc_expression_source	NA	NA	P4HA2	author_source_donor_label	19	NA	donor_equal_mean_log1p_CP10K	0.28695896472303845	NA	NA	NA	NA	NA:descriptive only	NA	DONE	DESCRIPTIVE_SOURCE_ONLY	Lee original count matrix and annotation	Lee	ALL	Stromal cells	hsa:8974	19	2693	0.28695896472303845	0.3460822167804581	per_cell_log1p_10000_full_gene_UMI_then_donor_mean	1.0
COAD	Lee	06_EXTERNAL	20260922T141755Z_source_contract_sc_v2	COAD_source_contract_sc_v2	sc_expression_source	NA	NA	P4HA3	author_source_donor_label	19	NA	donor_equal_mean_log1p_CP10K	0.07377874936350319	NA	NA	NA	NA	NA:descriptive only	NA	DONE	DESCRIPTIVE_SOURCE_ONLY	Lee original count matrix and annotation	Lee	ALL	Stromal cells	hsa:283208	19	2693	0.07377874936350319	0.12100365079103123	per_cell_log1p_10000_full_gene_UMI_then_donor_mean	1.0
COAD	Lee	06_EXTERNAL	20260922T141755Z_source_contract_sc_v2	COAD_source_contract_sc_v2	sc_expression_source	NA	NA	PAH	author_source_donor_label	19	NA	donor_equal_mean_log1p_CP10K	0.00035348916440401234	NA	NA	NA	NA	NA:descriptive only	NA	DONE	DESCRIPTIVE_SOURCE_ONLY	Lee original count matrix and annotation	Lee	ALL	Stromal cells	hsa:5053	19	2693	0.00035348916440401234	0.0005159958720330237	per_cell_log1p_10000_full_gene_UMI_then_donor_mean	0.02217744035096488
COAD	Lee	06_EXTERNAL	20260922T141755Z_source_contract_sc_v2	COAD_source_contract_sc_v2	sc_expression_source	NA	NA	PANK1	author_source_donor_label	19	NA	donor_equal_mean_log1p_CP10K	0.014912517070173846	NA	NA	NA	NA	NA:descriptive only	NA	DONE	DESCRIPTIVE_SOURCE_ONLY	Lee original count matrix and annotation	Lee	ALL	Stromal cells	hsa:53354	19	2693	0.014912517070173846	0.02268282868072718	per_cell_log1p_10000_full_gene_UMI_then_donor_mean	0.289745735066064
COAD	Lee	06_EXTERNAL	20260922T141755Z_source_contract_sc_v2	COAD_source_contract_sc_v2	sc_expression_source	NA	NA	PANK2	author_source_donor_label	19	NA	donor_equal_mean_log1p_CP10K	0.1703797828180091	NA	NA	NA	NA	NA:descriptive only	NA	DONE	DESCRIPTIVE_SOURCE_ONLY	Lee original count matrix and annotation	Lee	ALL	Stromal cells	hsa:80025	19	2693	0.1703797828180091	0.23538236245425895	per_cell_log1p_10000_full_gene_UMI_then_donor_mean	1.0
COAD	Lee	06_EXTERNAL	20260922T141755Z_source_contract_sc_v2	COAD_source_contract_sc_v2	sc_expression_source	NA	NA	PANK3	author_source_donor_label	19	NA	donor_equal_mean_log1p_CP10K	0.11618195096518685	NA	NA	NA	NA	NA:descriptive only	NA	DONE	DESCRIPTIVE_SOURCE_ONLY	Lee original count matrix and annotation	Lee	ALL	Stromal cells	hsa:79646	19	2693	0.11618195096518685	0.16542403070121656	per_cell_log1p_10000_full_gene_UMI_then_donor_mean	0.8896692653499879
COAD	Lee	06_EXTERNAL	20260922T141755Z_source_contract_sc_v2	COAD_source_contract_sc_v2	sc_expression_source	NA	NA	PANX1	author_source_donor_label	19	NA	donor_equal_mean_log1p_CP10K	0.11249720615086574	NA	NA	NA	NA	NA:descriptive only	NA	DONE	DESCRIPTIVE_SOURCE_ONLY	Lee original count matrix and annotation	Lee	ALL	Stromal cells	hsa:24145	19	2693	0.11249720615086574	0.1704202143896331	per_cell_log1p_10000_full_gene_UMI_then_donor_mean	1.0
COAD	Lee	06_EXTERNAL	20260922T141755Z_source_contract_sc_v2	COAD_source_contract_sc_v2	sc_expression_source	NA	NA	PANX2	author_source_donor_label	19	NA	donor_equal_mean_log1p_CP10K	0.0022495746028539684	NA	NA	NA	NA	NA:descriptive only	NA	DONE	DESCRIPTIVE_SOURCE_ONLY	Lee original count matrix and annotation	Lee	ALL	Stromal cells	hsa:56666	19	2693	0.0022495746028539684	0.005025803644687527	per_cell_log1p_10000_full_gene_UMI_then_donor_mean	1.0
COAD	Lee	06_EXTERNAL	20260922T141755Z_source_contract_sc_v2	COAD_source_contract_sc_v2	sc_expression_source	NA	NA	PAOX	author_source_donor_label	19	NA	donor_equal_mean_log1p_CP10K	0.029990693609560158	NA	NA	NA	NA	NA:descriptive only	NA	DONE	DESCRIPTIVE_SOURCE_ONLY	Lee original count matrix and annotation	Lee	ALL	Stromal cells	hsa:196743	19	2693	0.029990693609560158	0.04872958663026323	per_cell_log1p_10000_full_gene_UMI_then_donor_mean	0.4492787172327956
COAD	Lee	06_EXTERNAL	20260922T141755Z_source_contract_sc_v2	COAD_source_contract_sc_v2	sc_expression_source	NA	NA	PARS2	author_source_donor_label	19	NA	donor_equal_mean_log1p_CP10K	0.004626437865854818	NA	NA	NA	NA	NA:descriptive only	NA	DONE	DESCRIPTIVE_SOURCE_ONLY	Lee original count matrix and annotation	Lee	ALL	Stromal cells	hsa:25973	19	2693	0.004626437865854818	0.0058158139384617115	per_cell_log1p_10000_full_gene_UMI_then_donor_mean	0.4965739444989627
COAD	Lee	06_EXTERNAL	20260922T141755Z_source_contract_sc_v2	COAD_source_contract_sc_v2	sc_expression_source	NA	NA	NT5C1B	author_source_donor_label	23	NA	donor_equal_mean_log1p_CP10K	0.0	NA	NA	NA	NA	NA:descriptive only	NA	DONE	DESCRIPTIVE_SOURCE_ONLY	Lee original count matrix and annotation	Lee	ALL	T cells	hsa:93034	23	16739	0.0	0.0	per_cell_log1p_10000_full_gene_UMI_then_donor_mean	0.0
COAD	Lee	06_EXTERNAL	20260922T141755Z_source_contract_sc_v2	COAD_source_contract_sc_v2	sc_expression_source	NA	NA	NT5C1B-RDH14	author_source_donor_label	23	NA	donor_equal_mean_log1p_CP10K	0.0	NA	NA	NA	NA	NA:descriptive only	NA	DONE	DESCRIPTIVE_SOURCE_ONLY	Lee original count matrix and annotation	Lee	ALL	T cells	hsa:100526794	23	16739	0.0	0.0	per_cell_log1p_10000_full_gene_UMI_then_donor_mean	0.0
COAD	Lee	06_EXTERNAL	20260922T141755Z_source_contract_sc_v2	COAD_source_contract_sc_v2	sc_expression_source	NA	NA	NT5C2	author_source_donor_label	23	NA	donor_equal_mean_log1p_CP10K	0.038436652718122966	NA	NA	NA	NA	NA:descriptive only	NA	DONE	DESCRIPTIVE_SOURCE_ONLY	Lee original count matrix and annotation	Lee	ALL	T cells	hsa:22978	23	16739	0.038436652718122966	0.025617458639220027	per_cell_log1p_10000_full_gene_UMI_then_donor_mean	0.3454718027899382
COAD	Lee	06_EXTERNAL	20260922T141755Z_source_contract_sc_v2	COAD_source_contract_sc_v2	sc_expression_source	NA	NA	NT5C3A	author_source_donor_label	23	NA	donor_equal_mean_log1p_CP10K	0.2664321806455298	NA	NA	NA	NA	NA:descriptive only	NA	DONE	DESCRIPTIVE_SOURCE_ONLY	Lee original count matrix and annotation	Lee	ALL	T cells	hsa:51251	23	16739	0.2664321806455298	0.1653660888523291	per_cell_log1p_10000_full_gene_UMI_then_donor_mean	0.5776832865758359
COAD	Lee	06_EXTERNAL	20260922T141755Z_source_contract_sc_v2	COAD_source_contract_sc_v2	sc_expression_source	NA	NA	NT5C3B	author_source_donor_label	23	NA	donor_equal_mean_log1p_CP10K	0.054162649479446136	NA	NA	NA	NA	NA:descriptive only	NA	DONE	DESCRIPTIVE_SOURCE_ONLY	Lee original count matrix and annotation	Lee	ALL	T cells	hsa:115024	23	16739	0.054162649479446136	0.0362083659295443	per_cell_log1p_10000_full_gene_UMI_then_donor_mean	0.18728680841230683
COAD	Lee	06_EXTERNAL	20260922T141755Z_source_contract_sc_v2	COAD_source_contract_sc_v2	sc_expression_source	NA	NA	NT5DC4	author_source_donor_label	23	NA	donor_equal_mean_log1p_CP10K	0.0001619471070985847	NA	NA	NA	NA	NA:descriptive only	NA	DONE	DESCRIPTIVE_SOURCE_ONLY	Lee original count matrix and annotation	Lee	ALL	T cells	hsa:284958	23	16739	0.0001619471070985847	0.00012646328489717226	per_cell_log1p_10000_full_gene_UMI_then_donor_mean	0.019873410166635228
COAD	Lee	06_EXTERNAL	20260922T141755Z_source_contract_sc_v2	COAD_source_contract_sc_v2	sc_expression_source	NA	NA	NT5E	author_source_donor_label	23	NA	donor_equal_mean_log1p_CP10K	0.011833068888611001	NA	NA	NA	NA	NA:descriptive only	NA	DONE	DESCRIPTIVE_SOURCE_ONLY	Lee original count matrix and annotation	Lee	ALL	T cells	hsa:4907	23	16739	0.011833068888611001	0.007782739144664136	per_cell_log1p_10000_full_gene_UMI_then_donor_mean	0.07313150222868292
COAD	Lee	06_EXTERNAL	20260922T141755Z_source_contract_sc_v2	COAD_source_contract_sc_v2	sc_expression_source	NA	NA	NT5M	author_source_donor_label	23	NA	donor_equal_mean_log1p_CP10K	0.002141453356238391	NA	NA	NA	NA	NA:descriptive only	NA	DONE	DESCRIPTIVE_SOURCE_ONLY	Lee original count matrix and annotation	Lee	ALL	T cells	hsa:56953	23	16739	0.002141453356238391	0.0015054152306994658	per_cell_log1p_10000_full_gene_UMI_then_donor_mean	0.31695319139666484
COAD	Lee	06_EXTERNAL	20260922T141755Z_source_contract_sc_v2	COAD_source_contract_sc_v2	sc_expression_source	NA	NA	NUDT16	author_source_donor_label	23	NA	donor_equal_mean_log1p_CP10K	0.03532506885228213	NA	NA	NA	NA	NA:descriptive only	NA	DONE	DESCRIPTIVE_SOURCE_ONLY	Lee original count matrix and annotation	Lee	ALL	T cells	hsa:131870	23	16739	0.03532506885228213	0.02329420710232381	per_cell_log1p_10000_full_gene_UMI_then_donor_mean	0.22672653609794594
COAD	Lee	06_EXTERNAL	20260922T141755Z_source_contract_sc_v2	COAD_source_contract_sc_v2	sc_expression_source	NA	NA	NUDT2	author_source_donor_label	23	NA	donor_equal_mean_log1p_CP10K	0.08876987279418355	NA	NA	NA	NA	NA:descriptive only	NA	DONE	DESCRIPTIVE_SOURCE_ONLY	Lee original count matrix and annotation	Lee	ALL	T cells	hsa:318	23	16739	0.08876987279418355	0.059771776105423974	per_cell_log1p_10000_full_gene_UMI_then_donor_mean	0.4114002958370297
COAD	Lee	06_EXTERNAL	20260922T141755Z_source_contract_sc_v2	COAD_source_contract_sc_v2	sc_expression_source	NA	NA	OAT	author_source_donor_label	23	NA	donor_equal_mean_log1p_CP10K	0.2037104026666259	NA	NA	NA	NA	NA:descriptive only	NA	DONE	DESCRIPTIVE_SOURCE_ONLY	Lee original count matrix and annotation	Lee	ALL	T cells	hsa:4942	23	16739	0.2037104026666259	0.1276601436643807	per_cell_log1p_10000_full_gene_UMI_then_donor_mean	0.4831745942314038
COAD	Lee	06_EXTERNAL	20260922T141755Z_source_contract_sc_v2	COAD_source_contract_sc_v2	sc_expression_source	NA	NA	OGT	author_source_donor_label	23	NA	donor_equal_mean_log1p_CP10K	0.13427514827716383	NA	NA	NA	NA	NA:descriptive only	NA	DONE	DESCRIPTIVE_SOURCE_ONLY	Lee original count matrix and annotation	Lee	ALL	T cells	hsa:8473	23	16739	0.13427514827716383	0.0851107461334509	per_cell_log1p_10000_full_gene_UMI_then_donor_mean	0.7439446613651683
COAD	Lee	06_EXTERNAL	20260922T141755Z_source_contract_sc_v2	COAD_source_contract_sc_v2	sc_expression_source	NA	NA	OPLAH	author_source_donor_label	23	NA	donor_equal_mean_log1p_CP10K	0.003032614292152251	NA	NA	NA	NA	NA:descriptive only	NA	DONE	DESCRIPTIVE_SOURCE_ONLY	Lee original count matrix and annotation	Lee	ALL	T cells	hsa:26873	23	16739	0.003032614292152251	0.0021246614069725988	per_cell_log1p_10000_full_gene_UMI_then_donor_mean	0.05256916737168797
COAD	Lee	06_EXTERNAL	20260922T141755Z_source_contract_sc_v2	COAD_source_contract_sc_v2	sc_expression_source	NA	NA	OXCT1	author_source_donor_label	23	NA	donor_equal_mean_log1p_CP10K	0.09527214401900638	NA	NA	NA	NA	NA:descriptive only	NA	DONE	DESCRIPTIVE_SOURCE_ONLY	Lee original count matrix and annotation	Lee	ALL	T cells	hsa:5019	23	16739	0.09527214401900638	0.06346129307070149	per_cell_log1p_10000_full_gene_UMI_then_donor_mean	1.0
COAD	Lee	06_EXTERNAL	20260922T141755Z_source_contract_sc_v2	COAD_source_contract_sc_v2	sc_expression_source	NA	NA	OXCT2	author_source_donor_label	23	NA	donor_equal_mean_log1p_CP10K	0.005133545001228298	NA	NA	NA	NA	NA:descriptive only	NA	DONE	DESCRIPTIVE_SOURCE_ONLY	Lee original count matrix and annotation	Lee	ALL	T cells	hsa:64064	23	16739	0.005133545001228298	0.0033996218434077965	per_cell_log1p_10000_full_gene_UMI_then_donor_mean	0.24961034425443404
COAD	Lee	06_EXTERNAL	20260922T141755Z_source_contract_sc_v2	COAD_source_contract_sc_v2	sc_expression_source	NA	NA	P4HA1	author_source_donor_label	23	NA	donor_equal_mean_log1p_CP10K	0.0774432305311408	NA	NA	NA	NA	NA:descriptive only	NA	DONE	DESCRIPTIVE_SOURCE_ONLY	Lee original count matrix and annotation	Lee	ALL	T cells	hsa:5033	23	16739	0.0774432305311408	0.04937794318864018	per_cell_log1p_10000_full_gene_UMI_then_donor_mean	0.26261409362523047
COAD	Lee	06_EXTERNAL	20260922T141755Z_source_contract_sc_v2	COAD_source_contract_sc_v2	sc_expression_source	NA	NA	P4HA2	author_source_donor_label	23	NA	donor_equal_mean_log1p_CP10K	0.01138605179943193	NA	NA	NA	NA	NA:descriptive only	NA	DONE	DESCRIPTIVE_SOURCE_ONLY	Lee original count matrix and annotation	Lee	ALL	T cells	hsa:8974	23	16739	0.01138605179943193	0.007765376453645871	per_cell_log1p_10000_full_gene_UMI_then_donor_mean	0.039678327563041196
COAD	Lee	06_EXTERNAL	20260922T141755Z_source_contract_sc_v2	COAD_source_contract_sc_v2	sc_expression_source	NA	NA	P4HA3	author_source_donor_label	23	NA	donor_equal_mean_log1p_CP10K	0.0037914267080789922	NA	NA	NA	NA	NA:descriptive only	NA	DONE	DESCRIPTIVE_SOURCE_ONLY	Lee original count matrix and annotation	Lee	ALL	T cells	hsa:283208	23	16739	0.0037914267080789922	0.0022923785452700065	per_cell_log1p_10000_full_gene_UMI_then_donor_mean	0.051389143090495984
COAD	Lee	06_EXTERNAL	20260922T141755Z_source_contract_sc_v2	COAD_source_contract_sc_v2	sc_expression_source	NA	NA	PAH	author_source_donor_label	23	NA	donor_equal_mean_log1p_CP10K	0.0004053948235128959	NA	NA	NA	NA	NA:descriptive only	NA	DONE	DESCRIPTIVE_SOURCE_ONLY	Lee original count matrix and annotation	Lee	ALL	T cells	hsa:5053	23	16739	0.0004053948235128959	0.00026021549153520734	per_cell_log1p_10000_full_gene_UMI_then_donor_mean	0.025433932415449508
COAD	Lee	06_EXTERNAL	20260922T141755Z_source_contract_sc_v2	COAD_source_contract_sc_v2	sc_expression_source	NA	NA	PANK1	author_source_donor_label	23	NA	donor_equal_mean_log1p_CP10K	0.00268612824373671	NA	NA	NA	NA	NA:descriptive only	NA	DONE	DESCRIPTIVE_SOURCE_ONLY	Lee original count matrix and annotation	Lee	ALL	T cells	hsa:53354	23	16739	0.00268612824373671	0.0016841713138872284	per_cell_log1p_10000_full_gene_UMI_then_donor_mean	0.052190666324188485
COAD	Lee	06_EXTERNAL	20260922T141755Z_source_contract_sc_v2	COAD_source_contract_sc_v2	sc_expression_source	NA	NA	PANK2	author_source_donor_label	23	NA	donor_equal_mean_log1p_CP10K	0.11642237705338518	NA	NA	NA	NA	NA:descriptive only	NA	DONE	DESCRIPTIVE_SOURCE_ONLY	Lee original count matrix and annotation	Lee	ALL	T cells	hsa:80025	23	16739	0.11642237705338518	0.07535938881749751	per_cell_log1p_10000_full_gene_UMI_then_donor_mean	0.6833109840135285
COAD	Lee	06_EXTERNAL	20260922T141755Z_source_contract_sc_v2	COAD_source_contract_sc_v2	sc_expression_source	NA	NA	PANK3	author_source_donor_label	23	NA	donor_equal_mean_log1p_CP10K	0.04239902388858497	NA	NA	NA	NA	NA:descriptive only	NA	DONE	DESCRIPTIVE_SOURCE_ONLY	Lee original count matrix and annotation	Lee	ALL	T cells	hsa:79646	23	16739	0.04239902388858497	0.02760607488575661	per_cell_log1p_10000_full_gene_UMI_then_donor_mean	0.32467270622626065
COAD	Lee	06_EXTERNAL	20260922T141755Z_source_contract_sc_v2	COAD_source_contract_sc_v2	sc_expression_source	NA	NA	PANX1	author_source_donor_label	23	NA	donor_equal_mean_log1p_CP10K	0.02861994166749829	NA	NA	NA	NA	NA:descriptive only	NA	DONE	DESCRIPTIVE_SOURCE_ONLY	Lee original count matrix and annotation	Lee	ALL	T cells	hsa:24145	23	16739	0.02861994166749829	0.01834855386639487	per_cell_log1p_10000_full_gene_UMI_then_donor_mean	0.25440579945707353
COAD	Lee	06_EXTERNAL	20260922T141755Z_source_contract_sc_v2	COAD_source_contract_sc_v2	sc_expression_source	NA	NA	PANX2	author_source_donor_label	23	NA	donor_equal_mean_log1p_CP10K	9.556154086221342e-05	NA	NA	NA	NA	NA:descriptive only	NA	DONE	DESCRIPTIVE_SOURCE_ONLY	Lee original count matrix and annotation	Lee	ALL	T cells	hsa:56666	23	16739	9.556154086221342e-05	7.891221159583321e-05	per_cell_log1p_10000_full_gene_UMI_then_donor_mean	0.042479827404248
COAD	Lee	06_EXTERNAL	20260922T141755Z_source_contract_sc_v2	COAD_source_contract_sc_v2	sc_expression_source	NA	NA	PAOX	author_source_donor_label	23	NA	donor_equal_mean_log1p_CP10K	0.017355181685862198	NA	NA	NA	NA	NA:descriptive only	NA	DONE	DESCRIPTIVE_SOURCE_ONLY	Lee original count matrix and annotation	Lee	ALL	T cells	hsa:196743	23	16739	0.017355181685862198	0.011568361699343091	per_cell_log1p_10000_full_gene_UMI_then_donor_mean	0.25999111146534776
COAD	Lee	06_EXTERNAL	20260922T141755Z_source_contract_sc_v2	COAD_source_contract_sc_v2	sc_expression_source	NA	NA	PARS2	author_source_donor_label	23	NA	donor_equal_mean_log1p_CP10K	0.0006028209201342097	NA	NA	NA	NA	NA:descriptive only	NA	DONE	DESCRIPTIVE_SOURCE_ONLY	Lee original count matrix and annotation	Lee	ALL	T cells	hsa:25973	23	16739	0.0006028209201342097	0.0003748915431596707	per_cell_log1p_10000_full_gene_UMI_then_donor_mean	0.0647031627392721
