cancer	cohort	stage_id	run_id	analysis_version	analysis_type	metabolite_key	metabolite_name	gene	unit	n	n_reference	effect_type	effect	ci_lower	ci_upper	p_value	q_value	test_family	family_n_evaluable	status	reason	source_id	relation_id	previous_n	previous_effect	previous_p	previous_q	original_CAMP_g	original_CAMP_q	seed	bootstrap_valid	p_origin	design_condition	effect_change	q_threshold_changed
BRCA	CAMP_BRCA1_Terunuma	04_ROBUSTNESS	20260921T103911Z_camp_pair_sensitivity_v1	camp_pair_sensitivity_v1	processed_Spearman	KEGG:C00021	S-adenosylhomocysteine (SAH)	NNMT	author_case_row	60.0	NA	Spearman_rho	-0.1169012088946535	-0.3959986265360279	0.1720776630913249	0.3667	0.5573389380530973	processed_Spearman	171.0	DONE	NA	CAMP_GSE37751_original_author_case_table	KEGG:C00021|NNMT	61.0	-0.1276460976931019	0.3294	0.5264242990654207	0.443397127279218	0.037606997574713	2253373530.0	4000.0	NEW_EXCLUDED_CASE_ANALYSIS	NA	0.0107448887984483	False
BRCA	CAMP_BRCA1_Terunuma	04_ROBUSTNESS	20260921T103911Z_camp_pair_sensitivity_v1	camp_pair_sensitivity_v1	available_Spearman	KEGG:C00021	S-adenosylhomocysteine (SAH)	NNMT	author_case_row	54.0	NA	Spearman_rho	-0.0030874785591766	-0.2833190785216477	0.2792960069186491	0.9814	0.9881	available_Spearman	171.0	DONE	NA	CAMP_GSE37751_original_author_case_table	KEGG:C00021|NNMT	55.0	-0.0198412698412698	0.8811	0.9243441717791412	0.443397127279218	0.037606997574713	410829676.0	4000.0	NEW_EXCLUDED_CASE_ANALYSIS	NA	0.0167537912820931	False
BRCA	CAMP_BRCA1_Terunuma	04_ROBUSTNESS	20260921T103911Z_camp_pair_sensitivity_v1	camp_pair_sensitivity_v1	processed_ER	KEGG:C00021	S-adenosylhomocysteine (SAH)	NNMT	author_case_row	60.0	NA	partial_rank_correlation	-0.1200137247796664	-0.3672432081202951	0.1726276662883499	0.3569	0.5778509433962264	processed_ER	171.0	DONE	NA	CAMP_GSE37751_original_author_case_table	KEGG:C00021|NNMT	61.0	-0.1301364865327388	0.3169	0.5529581632653062	0.443397127279218	0.037606997574713	1946233662.0	500.0	NEW_EXCLUDED_CASE_ANALYSIS	1.0000000000000002	0.0101227617530723	False
BRCA	CAMP_BRCA1_Terunuma	04_ROBUSTNESS	20260921T103911Z_camp_pair_sensitivity_v1	camp_pair_sensitivity_v1	available_ER	KEGG:C00021	S-adenosylhomocysteine (SAH)	NNMT	author_case_row	54.0	NA	partial_rank_correlation	0.0040828545083559	-0.2893063967507407	0.2739071868263129	0.978	0.978	available_ER	171.0	DONE	NA	CAMP_GSE37751_original_author_case_table	KEGG:C00021|NNMT	55.0	-0.0164548079061766	0.9068	0.9406030120481929	0.443397127279218	0.037606997574713	441552380.0	500.0	NEW_EXCLUDED_CASE_ANALYSIS	1.0000000000000002	0.0205376624145325	False
BRCA	CAMP_BRCA1_Terunuma	04_ROBUSTNESS	20260921T103911Z_camp_pair_sensitivity_v1	camp_pair_sensitivity_v1	available_ER_PC12	KEGG:C00021	S-adenosylhomocysteine (SAH)	NNMT	author_case_row	54.0	NA	partial_rank_correlation	0.1292185247165333	-0.2144546838086185	0.3827756680739282	0.3765	0.7141978723404255	available_ER_PC12	171.0	DONE	NA	CAMP_GSE37751_original_author_case_table	KEGG:C00021|NNMT	55.0	0.1185545377585772	0.4127	0.7275432989690721	0.443397127279218	0.037606997574713	2649993346.0	500.0	NEW_EXCLUDED_CASE_ANALYSIS	1.9143081571941287	0.0106639869579561	False
BRCA	CAMP_BRCA1_Terunuma	04_ROBUSTNESS	20260921T103911Z_camp_pair_sensitivity_v1	camp_pair_sensitivity_v1	available_ER_MonoEndoFib	KEGG:C00021	S-adenosylhomocysteine (SAH)	NNMT	author_case_row	54.0	NA	partial_rank_correlation	0.1581327572402672	-0.1785792263519547	0.4304960471143008	0.2817	0.7493696202531647	available_ER_MonoEndoFib	171.0	DONE	NA	CAMP_GSE37751_original_author_case_table	KEGG:C00021|NNMT	55.0	0.1279603495987813	0.3807	0.7524	0.443397127279218	0.037606997574713	2945389348.0	500.0	NEW_EXCLUDED_CASE_ANALYSIS	2.511008793829681	0.0301724076414859	False
BRCA	CAMP_BRCA1_Terunuma	04_ROBUSTNESS	20260921T103911Z_camp_pair_sensitivity_v1	camp_pair_sensitivity_v1	processed_Spearman	KEGG:C00025	glutamate	ASNS	author_case_row	60.0	NA	Spearman_rho	0.2747429841622673	0.011132897496513	0.5037758512120332	0.0345	0.164825	processed_Spearman	171.0	DONE	NA	CAMP_GSE37751_original_author_case_table	KEGG:C00025|ASNS	61.0	0.2327340031729243	0.0734	0.212735593220339	1.76291003863997	2.72915698370918e-10	1211153807.0	4000.0	NEW_EXCLUDED_CASE_ANALYSIS	NA	0.042008980989343	False
BRCA	CAMP_BRCA1_Terunuma	04_ROBUSTNESS	20260921T103911Z_camp_pair_sensitivity_v1	camp_pair_sensitivity_v1	available_Spearman	KEGG:C00025	glutamate	ASNS	author_case_row	60.0	NA	Spearman_rho	0.2747429841622673	-0.0039840118934214	0.5112298416865678	0.0378	0.1958727272727272	available_Spearman	171.0	DONE	NA	CAMP_GSE37751_original_author_case_table	KEGG:C00025|ASNS	61.0	0.2327340031729243	0.0713	0.2423037735849056	1.76291003863997	2.72915698370918e-10	2660444489.0	4000.0	NEW_EXCLUDED_CASE_ANALYSIS	NA	0.042008980989343	False
BRCA	CAMP_BRCA1_Terunuma	04_ROBUSTNESS	20260921T103911Z_camp_pair_sensitivity_v1	camp_pair_sensitivity_v1	processed_ER	KEGG:C00025	glutamate	ASNS	author_case_row	60.0	NA	partial_rank_correlation	0.2232806546486727	-0.0387231022950047	0.4799749839173289	0.0994	0.2982	processed_ER	171.0	DONE	NA	CAMP_GSE37751_original_author_case_table	KEGG:C00025|ASNS	61.0	0.1774358594121097	0.1929	0.4279275	1.76291003863997	2.72915698370918e-10	622108631.0	500.0	NEW_EXCLUDED_CASE_ANALYSIS	1.0000000000000002	0.0458447952365629	False
BRCA	CAMP_BRCA1_Terunuma	04_ROBUSTNESS	20260921T103911Z_camp_pair_sensitivity_v1	camp_pair_sensitivity_v1	available_ER	KEGG:C00025	glutamate	ASNS	author_case_row	60.0	NA	partial_rank_correlation	0.2232806546486727	-0.0285289412011643	0.4627518783263333	0.1034	0.356022	available_ER	171.0	DONE	NA	CAMP_GSE37751_original_author_case_table	KEGG:C00025|ASNS	61.0	0.1774358594121097	0.1929	0.4780565217391304	1.76291003863997	2.72915698370918e-10	196223836.0	500.0	NEW_EXCLUDED_CASE_ANALYSIS	1.0000000000000002	0.0458447952365629	False
BRCA	CAMP_BRCA1_Terunuma	04_ROBUSTNESS	20260921T103911Z_camp_pair_sensitivity_v1	camp_pair_sensitivity_v1	available_ER_PC12	KEGG:C00025	glutamate	ASNS	author_case_row	60.0	NA	partial_rank_correlation	0.06251750088439	-0.2275989277252004	0.3176351339591847	0.6474	0.8490857142857142	available_ER_PC12	171.0	DONE	NA	CAMP_GSE37751_original_author_case_table	KEGG:C00025|ASNS	61.0	0.0392852584997148	0.7643	0.8700882352941176	1.76291003863997	2.72915698370918e-10	4232609905.0	500.0	NEW_EXCLUDED_CASE_ANALYSIS	1.77606183259292	0.0232322423846752	False
BRCA	CAMP_BRCA1_Terunuma	04_ROBUSTNESS	20260921T103911Z_camp_pair_sensitivity_v1	camp_pair_sensitivity_v1	available_ER_MonoEndoFib	KEGG:C00025	glutamate	ASNS	author_case_row	60.0	NA	partial_rank_correlation	0.1424127453751861	-0.1399750892860357	0.4297205393603697	0.3037	0.7493696202531647	available_ER_MonoEndoFib	171.0	DONE	NA	CAMP_GSE37751_original_author_case_table	KEGG:C00025|ASNS	61.0	0.1151397391890122	0.4038	0.7625472527472527	1.76291003863997	2.72915698370918e-10	3472410494.0	500.0	NEW_EXCLUDED_CASE_ANALYSIS	2.5161007870503527	0.0272730061861739	False
BRCA	CAMP_BRCA1_Terunuma	04_ROBUSTNESS	20260921T103911Z_camp_pair_sensitivity_v1	camp_pair_sensitivity_v1	processed_Spearman	KEGG:C00025	glutamate	GLS	author_case_row	60.0	NA	Spearman_rho	0.1793831619894415	-0.0867625378988067	0.4365048901327072	0.1685	0.3526353658536585	processed_Spearman	171.0	DONE	NA	CAMP_GSE37751_original_author_case_table	KEGG:C00025|GLS	61.0	0.2057641459545213	0.1142	0.2675095890410958	1.76291003863997	2.72915698370918e-10	3801202819.0	4000.0	NEW_EXCLUDED_CASE_ANALYSIS	NA	-0.0263809839650797	False
BRCA	CAMP_BRCA1_Terunuma	04_ROBUSTNESS	20260921T103911Z_camp_pair_sensitivity_v1	camp_pair_sensitivity_v1	available_Spearman	KEGG:C00025	glutamate	GLS	author_case_row	60.0	NA	Spearman_rho	0.1793831619894415	-0.0937131240707679	0.4252965986378194	0.1711	0.3953797297297297	available_Spearman	171.0	DONE	NA	CAMP_GSE37751_original_author_case_table	KEGG:C00025|GLS	61.0	0.2057641459545213	0.1071	0.2861578125	1.76291003863997	2.72915698370918e-10	1256667972.0	4000.0	NEW_EXCLUDED_CASE_ANALYSIS	NA	-0.0263809839650797	False
BRCA	CAMP_BRCA1_Terunuma	04_ROBUSTNESS	20260921T103911Z_camp_pair_sensitivity_v1	camp_pair_sensitivity_v1	processed_ER	KEGG:C00025	glutamate	GLS	author_case_row	60.0	NA	partial_rank_correlation	0.1360028070276919	-0.1432513160757292	0.3816114978671156	0.3095	0.5695615384615385	processed_ER	171.0	DONE	NA	CAMP_GSE37751_original_author_case_table	KEGG:C00025|GLS	61.0	0.176069622215776	0.1844	0.420432	1.76291003863997	2.72915698370918e-10	3892562882.0	500.0	NEW_EXCLUDED_CASE_ANALYSIS	1.0000000000000002	-0.040066815188084	False
BRCA	CAMP_BRCA1_Terunuma	04_ROBUSTNESS	20260921T103911Z_camp_pair_sensitivity_v1	camp_pair_sensitivity_v1	available_ER	KEGG:C00025	glutamate	GLS	author_case_row	60.0	NA	partial_rank_correlation	0.1360028070276919	-0.1507600696864062	0.4109644770365757	0.3163	0.5753968085106383	available_ER	171.0	DONE	NA	CAMP_GSE37751_original_author_case_table	KEGG:C00025|GLS	61.0	0.176069622215776	0.1844	0.4637117647058824	1.76291003863997	2.72915698370918e-10	4046700521.0	500.0	NEW_EXCLUDED_CASE_ANALYSIS	1.0000000000000002	-0.040066815188084	False
BRCA	CAMP_BRCA1_Terunuma	04_ROBUSTNESS	20260921T103911Z_camp_pair_sensitivity_v1	camp_pair_sensitivity_v1	available_ER_PC12	KEGG:C00025	glutamate	GLS	author_case_row	60.0	NA	partial_rank_correlation	0.1831332211047263	-0.0868464069856844	0.4570407139586208	0.1779	0.6607148936170214	available_ER_PC12	171.0	DONE	NA	CAMP_GSE37751_original_author_case_table	KEGG:C00025|GLS	61.0	0.2125618582908159	0.1134	0.5876181818181818	1.76291003863997	2.72915698370918e-10	1880665781.0	500.0	NEW_EXCLUDED_CASE_ANALYSIS	1.77606183259292	-0.0294286371860895	False
BRCA	CAMP_BRCA1_Terunuma	04_ROBUSTNESS	20260921T103911Z_camp_pair_sensitivity_v1	camp_pair_sensitivity_v1	available_ER_MonoEndoFib	KEGG:C00025	glutamate	GLS	author_case_row	60.0	NA	partial_rank_correlation	0.1080025765905664	-0.1777705623157979	0.3465978095275536	0.439	0.8086360824742268	available_ER_MonoEndoFib	171.0	DONE	NA	CAMP_GSE37751_original_author_case_table	KEGG:C00025|GLS	61.0	0.1260846747863644	0.3562	0.7429447058823531	1.76291003863997	2.72915698370918e-10	398457516.0	500.0	NEW_EXCLUDED_CASE_ANALYSIS	2.5161007870503527	-0.0180820981957979	False
BRCA	CAMP_BRCA1_Terunuma	04_ROBUSTNESS	20260921T103911Z_camp_pair_sensitivity_v1	camp_pair_sensitivity_v1	processed_Spearman	KEGG:C00049	aspartate	ASNS	author_case_row	60.0	NA	Spearman_rho	0.124256737982773	-0.1417919991405478	0.3739397618670838	0.3443	0.5453	processed_Spearman	171.0	DONE	NA	CAMP_GSE37751_original_author_case_table	KEGG:C00049|ASNS	61.0	0.0859333685880486	0.5178	0.6893023255813954	1.54594696706781	3.98041506834046e-09	3488084602.0	4000.0	NEW_EXCLUDED_CASE_ANALYSIS	NA	0.0383233693947244	False
BRCA	CAMP_BRCA1_Terunuma	04_ROBUSTNESS	20260921T103911Z_camp_pair_sensitivity_v1	camp_pair_sensitivity_v1	available_Spearman	KEGG:C00049	aspartate	ASNS	author_case_row	60.0	NA	Spearman_rho	0.124256737982773	-0.1310690372780737	0.3862511941718747	0.3477	0.5772495145631068	available_Spearman	171.0	DONE	NA	CAMP_GSE37751_original_author_case_table	KEGG:C00049|ASNS	61.0	0.0859333685880486	0.5078	0.6783890625000001	1.54594696706781	3.98041506834046e-09	2881730252.0	4000.0	NEW_EXCLUDED_CASE_ANALYSIS	NA	0.0383233693947244	False
BRCA	CAMP_BRCA1_Terunuma	04_ROBUSTNESS	20260921T103911Z_camp_pair_sensitivity_v1	camp_pair_sensitivity_v1	processed_ER	KEGG:C00049	aspartate	ASNS	author_case_row	60.0	NA	partial_rank_correlation	0.1246249273720876	-0.1257798405104519	0.3388511749328038	0.345	0.5695615384615385	processed_ER	171.0	DONE	NA	CAMP_GSE37751_original_author_case_table	KEGG:C00049|ASNS	61.0	0.0917335266277562	0.486	0.6660921259842519	1.54594696706781	3.98041506834046e-09	2273738728.0	500.0	NEW_EXCLUDED_CASE_ANALYSIS	1.0000000000000002	0.0328914007443314	False
BRCA	CAMP_BRCA1_Terunuma	04_ROBUSTNESS	20260921T103911Z_camp_pair_sensitivity_v1	camp_pair_sensitivity_v1	available_ER	KEGG:C00049	aspartate	ASNS	author_case_row	60.0	NA	partial_rank_correlation	0.1246249273720876	-0.1450715136628409	0.3783034189180178	0.3435	0.6009428571428571	available_ER	171.0	DONE	NA	CAMP_GSE37751_original_author_case_table	KEGG:C00049|ASNS	61.0	0.0917335266277562	0.486	0.7008126050420168	1.54594696706781	3.98041506834046e-09	1698959326.0	500.0	NEW_EXCLUDED_CASE_ANALYSIS	1.0000000000000002	0.0328914007443314	False
BRCA	CAMP_BRCA1_Terunuma	04_ROBUSTNESS	20260921T103911Z_camp_pair_sensitivity_v1	camp_pair_sensitivity_v1	available_ER_PC12	KEGG:C00049	aspartate	ASNS	author_case_row	60.0	NA	partial_rank_correlation	-0.0126684314156536	-0.2781378753192274	0.2518706653391828	0.9222	0.9669272727272727	available_ER_PC12	171.0	DONE	NA	CAMP_GSE37751_original_author_case_table	KEGG:C00049|ASNS	61.0	-0.0338017771198525	0.7981	0.8748403846153847	1.54594696706781	3.98041506834046e-09	2947427984.0	500.0	NEW_EXCLUDED_CASE_ANALYSIS	1.77606183259292	0.0211333457041988	False
BRCA	CAMP_BRCA1_Terunuma	04_ROBUSTNESS	20260921T103911Z_camp_pair_sensitivity_v1	camp_pair_sensitivity_v1	available_ER_MonoEndoFib	KEGG:C00049	aspartate	ASNS	author_case_row	60.0	NA	partial_rank_correlation	0.0623226291209614	-0.2152603293041566	0.3075058765779785	0.6473	0.8718466666666667	available_ER_MonoEndoFib	171.0	DONE	NA	CAMP_GSE37751_original_author_case_table	KEGG:C00049|ASNS	61.0	0.0429418419575746	0.7542	0.9382935483870968	1.54594696706781	3.98041506834046e-09	1970934076.0	500.0	NEW_EXCLUDED_CASE_ANALYSIS	2.5161007870503527	0.0193807871633868	False
BRCA	CAMP_BRCA1_Terunuma	04_ROBUSTNESS	20260921T103911Z_camp_pair_sensitivity_v1	camp_pair_sensitivity_v1	processed_Spearman	KEGG:C00064	glutamine	ASNS	author_case_row	60.0	NA	Spearman_rho	-0.4397888302306197	-0.6320325827869804	-0.2029944909168789	0.0005	0.0146571428571428	processed_Spearman	171.0	DONE	NA	CAMP_GSE37751_original_author_case_table	KEGG:C00064|ASNS	61.0	-0.4305129561078794	0.0007	0.01995	-1.64592808836308	1.000340954773e-10	790026704.0	4000.0	NEW_EXCLUDED_CASE_ANALYSIS	NA	-0.0092758741227403	False
BRCA	CAMP_BRCA1_Terunuma	04_ROBUSTNESS	20260921T103911Z_camp_pair_sensitivity_v1	camp_pair_sensitivity_v1	available_Spearman	KEGG:C00064	glutamine	ASNS	author_case_row	60.0	NA	Spearman_rho	-0.4397888302306197	-0.620087771458352	-0.2014354366494602	0.0006	0.0219857142857142	available_Spearman	171.0	DONE	NA	CAMP_GSE37751_original_author_case_table	KEGG:C00064|ASNS	61.0	-0.4305129561078794	0.0008	0.0268714285714285	-1.64592808836308	1.000340954773e-10	92242170.0	4000.0	NEW_EXCLUDED_CASE_ANALYSIS	NA	-0.0092758741227403	False
BRCA	CAMP_BRCA1_Terunuma	04_ROBUSTNESS	20260921T103911Z_camp_pair_sensitivity_v1	camp_pair_sensitivity_v1	processed_ER	KEGG:C00064	glutamine	ASNS	author_case_row	60.0	NA	partial_rank_correlation	-0.4080733954042387	-0.5530792151840607	-0.141184098964323	0.0019	0.0488571428571428	processed_ER	171.0	DONE	NA	CAMP_GSE37751_original_author_case_table	KEGG:C00064|ASNS	61.0	-0.3948321624319598	0.0019	0.0534375	-1.64592808836308	1.000340954773e-10	2911221876.0	500.0	NEW_EXCLUDED_CASE_ANALYSIS	1.0000000000000002	-0.0132412329722789	True
BRCA	CAMP_BRCA1_Terunuma	04_ROBUSTNESS	20260921T103911Z_camp_pair_sensitivity_v1	camp_pair_sensitivity_v1	available_ER	KEGG:C00064	glutamine	ASNS	author_case_row	60.0	NA	partial_rank_correlation	-0.4080733954042387	-0.5873374889702779	-0.1972244146253197	0.0022	0.047025	available_ER	171.0	DONE	NA	CAMP_GSE37751_original_author_case_table	KEGG:C00064|ASNS	61.0	-0.3948321624319598	0.0019	0.0534375	-1.64592808836308	1.000340954773e-10	4189443450.0	500.0	NEW_EXCLUDED_CASE_ANALYSIS	1.0000000000000002	-0.0132412329722789	True
BRCA	CAMP_BRCA1_Terunuma	04_ROBUSTNESS	20260921T103911Z_camp_pair_sensitivity_v1	camp_pair_sensitivity_v1	available_ER_PC12	KEGG:C00064	glutamine	ASNS	author_case_row	60.0	NA	partial_rank_correlation	-0.2307546660820064	-0.4493269721314657	0.0105210229140676	0.0811	0.4952892857142857	available_ER_PC12	171.0	DONE	NA	CAMP_GSE37751_original_author_case_table	KEGG:C00064|ASNS	61.0	-0.2272883829107433	0.0912	0.5198400000000001	-1.64592808836308	1.000340954773e-10	3919574260.0	500.0	NEW_EXCLUDED_CASE_ANALYSIS	1.77606183259292	-0.0034662831712631	False
BRCA	CAMP_BRCA1_Terunuma	04_ROBUSTNESS	20260921T103911Z_camp_pair_sensitivity_v1	camp_pair_sensitivity_v1	available_ER_MonoEndoFib	KEGG:C00064	glutamine	ASNS	author_case_row	60.0	NA	partial_rank_correlation	-0.3277142554766909	-0.5339030723310485	-0.1089974731217503	0.0104	0.2540571428571428	available_ER_MonoEndoFib	171.0	DONE	NA	CAMP_GSE37751_original_author_case_table	KEGG:C00064|ASNS	61.0	-0.3228805368862193	0.0108	0.2931428571428571	-1.64592808836308	1.000340954773e-10	1677696881.0	500.0	NEW_EXCLUDED_CASE_ANALYSIS	2.5161007870503527	-0.0048337185904716	False
BRCA	CAMP_BRCA1_Terunuma	04_ROBUSTNESS	20260921T103911Z_camp_pair_sensitivity_v1	camp_pair_sensitivity_v1	processed_Spearman	KEGG:C00064	glutamine	GLS	author_case_row	60.0	NA	Spearman_rho	-0.2172825784940261	-0.4547115637220345	0.0496103650396853	0.0979	0.2575523076923077	processed_Spearman	171.0	DONE	NA	CAMP_GSE37751_original_author_case_table	KEGG:C00064|GLS	61.0	-0.2111581173982019	0.1046	0.2592260869565218	-1.64592808836308	1.000340954773e-10	3194632901.0	4000.0	NEW_EXCLUDED_CASE_ANALYSIS	NA	-0.0061244610958242	False
BRCA	CAMP_BRCA1_Terunuma	04_ROBUSTNESS	20260921T103911Z_camp_pair_sensitivity_v1	camp_pair_sensitivity_v1	available_Spearman	KEGG:C00064	glutamine	GLS	author_case_row	60.0	NA	Spearman_rho	-0.2172825784940261	-0.4644165064348806	0.0558689155635353	0.0947	0.2792017241379311	available_Spearman	171.0	DONE	NA	CAMP_GSE37751_original_author_case_table	KEGG:C00064|GLS	61.0	-0.2111581173982019	0.1038	0.2817428571428571	-1.64592808836308	1.000340954773e-10	2032253961.0	4000.0	NEW_EXCLUDED_CASE_ANALYSIS	NA	-0.0061244610958242	False
BRCA	CAMP_BRCA1_Terunuma	04_ROBUSTNESS	20260921T103911Z_camp_pair_sensitivity_v1	camp_pair_sensitivity_v1	processed_ER	KEGG:C00064	glutamine	GLS	author_case_row	60.0	NA	partial_rank_correlation	-0.1837456291533546	-0.4154703270336679	0.069317183663208	0.1663	0.4062471428571428	processed_ER	171.0	DONE	NA	CAMP_GSE37751_original_author_case_table	KEGG:C00064|GLS	61.0	-0.1845530081486582	0.1617	0.3920957746478873	-1.64592808836308	1.000340954773e-10	1048425050.0	500.0	NEW_EXCLUDED_CASE_ANALYSIS	1.0000000000000002	0.0008073789953035	False
BRCA	CAMP_BRCA1_Terunuma	04_ROBUSTNESS	20260921T103911Z_camp_pair_sensitivity_v1	camp_pair_sensitivity_v1	available_ER	KEGG:C00064	glutamine	GLS	author_case_row	60.0	NA	partial_rank_correlation	-0.1837456291533546	-0.4208269901974493	0.0837963492182193	0.1681	0.4399363636363637	available_ER	171.0	DONE	NA	CAMP_GSE37751_original_author_case_table	KEGG:C00064|GLS	61.0	-0.1845530081486582	0.1617	0.43498125	-1.64592808836308	1.000340954773e-10	3964308819.0	500.0	NEW_EXCLUDED_CASE_ANALYSIS	1.0000000000000002	0.0008073789953035	False
BRCA	CAMP_BRCA1_Terunuma	04_ROBUSTNESS	20260921T103911Z_camp_pair_sensitivity_v1	camp_pair_sensitivity_v1	available_ER_PC12	KEGG:C00064	glutamine	GLS	author_case_row	60.0	NA	partial_rank_correlation	-0.2667318085634328	-0.5132616121036312	-0.0230719820195725	0.0427	0.3648	available_ER_PC12	171.0	DONE	NA	CAMP_GSE37751_original_author_case_table	KEGG:C00064|GLS	61.0	-0.260330009664753	0.0445	0.4317750000000001	-1.64592808836308	1.000340954773e-10	2719691502.0	500.0	NEW_EXCLUDED_CASE_ANALYSIS	1.77606183259292	-0.0064017988986798	False
BRCA	CAMP_BRCA1_Terunuma	04_ROBUSTNESS	20260921T103911Z_camp_pair_sensitivity_v1	camp_pair_sensitivity_v1	available_ER_MonoEndoFib	KEGG:C00064	glutamine	GLS	author_case_row	60.0	NA	partial_rank_correlation	-0.2878176837320056	-0.5297408953931912	-0.0252510383746782	0.0266	0.3249	available_ER_MonoEndoFib	171.0	DONE	NA	CAMP_GSE37751_original_author_case_table	KEGG:C00064|GLS	61.0	-0.2782498099293078	0.0296	0.43035	-1.64592808836308	1.000340954773e-10	2996245525.0	500.0	NEW_EXCLUDED_CASE_ANALYSIS	2.5161007870503527	-0.0095678738026978	False
BRCA	CAMP_BRCA1_Terunuma	04_ROBUSTNESS	20260921T103911Z_camp_pair_sensitivity_v1	camp_pair_sensitivity_v1	processed_Spearman	KEGG:C00114	choline	GPCPD1	author_case_row	60.0	NA	Spearman_rho	0.0287302028341205	-0.2262740011562702	0.2731426996611348	0.8294	0.90915	processed_Spearman	171.0	DONE	NA	CAMP_GSE37751_original_author_case_table	KEGG:C00114|GPCPD1	61.0	0.0241671073506081	0.8492	0.899314024390244	-1.03824245330727	7.12176546566802e-06	2108876627.0	4000.0	NEW_EXCLUDED_CASE_ANALYSIS	NA	0.0045630954835124	False
BRCA	CAMP_BRCA1_Terunuma	04_ROBUSTNESS	20260921T103911Z_camp_pair_sensitivity_v1	camp_pair_sensitivity_v1	available_Spearman	KEGG:C00114	choline	GPCPD1	author_case_row	60.0	NA	Spearman_rho	0.0287302028341205	-0.2208965062016328	0.2784030708016247	0.8262	0.9191805194805196	available_Spearman	171.0	DONE	NA	CAMP_GSE37751_original_author_case_table	KEGG:C00114|GPCPD1	61.0	0.0241671073506081	0.8535	0.9179150943396226	-1.03824245330727	7.12176546566802e-06	2541477982.0	4000.0	NEW_EXCLUDED_CASE_ANALYSIS	NA	0.0045630954835124	False
BRCA	CAMP_BRCA1_Terunuma	04_ROBUSTNESS	20260921T103911Z_camp_pair_sensitivity_v1	camp_pair_sensitivity_v1	processed_ER	KEGG:C00114	choline	GPCPD1	author_case_row	60.0	NA	partial_rank_correlation	0.0438532458808276	-0.2047901441584856	0.3023698235770278	0.7421	0.8348625000000001	processed_ER	171.0	DONE	NA	CAMP_GSE37751_original_author_case_table	KEGG:C00114|GPCPD1	61.0	0.0371142082964596	0.7734	0.8601077922077922	-1.03824245330727	7.12176546566802e-06	8410007.0	500.0	NEW_EXCLUDED_CASE_ANALYSIS	1.0000000000000002	0.006739037584368	False
BRCA	CAMP_BRCA1_Terunuma	04_ROBUSTNESS	20260921T103911Z_camp_pair_sensitivity_v1	camp_pair_sensitivity_v1	available_ER	KEGG:C00114	choline	GPCPD1	author_case_row	60.0	NA	partial_rank_correlation	0.0438532458808276	-0.1824258854245478	0.2723262097208518	0.744	0.8538523489932885	available_ER	171.0	DONE	NA	CAMP_GSE37751_original_author_case_table	KEGG:C00114|GPCPD1	61.0	0.0371142082964596	0.7734	0.8704235294117647	-1.03824245330727	7.12176546566802e-06	422629728.0	500.0	NEW_EXCLUDED_CASE_ANALYSIS	1.0000000000000002	0.006739037584368	False
BRCA	CAMP_BRCA1_Terunuma	04_ROBUSTNESS	20260921T103911Z_camp_pair_sensitivity_v1	camp_pair_sensitivity_v1	available_ER_PC12	KEGG:C00114	choline	GPCPD1	author_case_row	60.0	NA	partial_rank_correlation	0.0074117310646991	-0.2630055574813472	0.266438278429844	0.9563	0.9740892857142858	available_ER_PC12	171.0	DONE	NA	CAMP_GSE37751_original_author_case_table	KEGG:C00114|GPCPD1	61.0	0.0082410960308996	0.9476	0.970297005988024	-1.03824245330727	7.12176546566802e-06	352050726.0	500.0	NEW_EXCLUDED_CASE_ANALYSIS	1.77606183259292	-0.0008293649662004	False
BRCA	CAMP_BRCA1_Terunuma	04_ROBUSTNESS	20260921T103911Z_camp_pair_sensitivity_v1	camp_pair_sensitivity_v1	available_ER_MonoEndoFib	KEGG:C00114	choline	GPCPD1	author_case_row	60.0	NA	partial_rank_correlation	0.0289502790843962	-0.2331347821766979	0.2840741747229847	0.8334	0.918796153846154	available_ER_MonoEndoFib	171.0	DONE	NA	CAMP_GSE37751_original_author_case_table	KEGG:C00114|GPCPD1	61.0	0.0254396982492103	0.8505	0.9382935483870968	-1.03824245330727	7.12176546566802e-06	3978135229.0	500.0	NEW_EXCLUDED_CASE_ANALYSIS	2.5161007870503527	0.0035105808351859	False
BRCA	CAMP_BRCA1_Terunuma	04_ROBUSTNESS	20260921T103911Z_camp_pair_sensitivity_v1	camp_pair_sensitivity_v1	processed_Spearman	KEGG:C00148	proline	PYCR1	author_case_row	60.0	NA	Spearman_rho	0.3609891636565713	0.1091763834066089	0.5785142866449373	0.0055	0.0627	processed_Spearman	171.0	DONE	NA	CAMP_GSE37751_original_author_case_table	KEGG:C00148|PYCR1	61.0	0.3168693812797461	0.0147	0.0966807692307692	1.41525118979714	5.95845595217253e-08	3315256272.0	4000.0	NEW_EXCLUDED_CASE_ANALYSIS	NA	0.0441197823768252	False
BRCA	CAMP_BRCA1_Terunuma	04_ROBUSTNESS	20260921T103911Z_camp_pair_sensitivity_v1	camp_pair_sensitivity_v1	available_Spearman	KEGG:C00148	proline	PYCR1	author_case_row	60.0	NA	Spearman_rho	0.3609891636565713	0.1081986939578044	0.5764181336213393	0.004	0.0526153846153846	available_Spearman	171.0	DONE	NA	CAMP_GSE37751_original_author_case_table	KEGG:C00148|PYCR1	61.0	0.3168693812797461	0.0143	0.1063173913043478	1.41525118979714	5.95845595217253e-08	1787189222.0	4000.0	NEW_EXCLUDED_CASE_ANALYSIS	NA	0.0441197823768252	False
BRCA	CAMP_BRCA1_Terunuma	04_ROBUSTNESS	20260921T103911Z_camp_pair_sensitivity_v1	camp_pair_sensitivity_v1	processed_ER	KEGG:C00148	proline	PYCR1	author_case_row	60.0	NA	partial_rank_correlation	0.3312167166465073	0.1130011313174228	0.5468335722226165	0.0126	0.1224	processed_ER	171.0	DONE	NA	CAMP_GSE37751_original_author_case_table	KEGG:C00148|PYCR1	61.0	0.2933570167640607	0.0222	0.1512692307692307	1.41525118979714	5.95845595217253e-08	1531809567.0	500.0	NEW_EXCLUDED_CASE_ANALYSIS	1.0000000000000002	0.0378596998824466	False
BRCA	CAMP_BRCA1_Terunuma	04_ROBUSTNESS	20260921T103911Z_camp_pair_sensitivity_v1	camp_pair_sensitivity_v1	available_ER	KEGG:C00148	proline	PYCR1	author_case_row	60.0	NA	partial_rank_correlation	0.3312167166465073	0.0651309257994295	0.5375595906793756	0.01	0.1380214285714285	available_ER	171.0	DONE	NA	CAMP_GSE37751_original_author_case_table	KEGG:C00148|PYCR1	61.0	0.2933570167640607	0.0222	0.19665	1.41525118979714	5.95845595217253e-08	2603831076.0	500.0	NEW_EXCLUDED_CASE_ANALYSIS	1.0000000000000002	0.0378596998824466	False
BRCA	CAMP_BRCA1_Terunuma	04_ROBUSTNESS	20260921T103911Z_camp_pair_sensitivity_v1	camp_pair_sensitivity_v1	available_ER_PC12	KEGG:C00148	proline	PYCR1	author_case_row	60.0	NA	partial_rank_correlation	0.3015448147878551	0.0108842769922502	0.5439890627288422	0.0254	0.3102428571428571	available_ER_PC12	171.0	DONE	NA	CAMP_GSE37751_original_author_case_table	KEGG:C00148|PYCR1	61.0	0.2638051076295854	0.0473	0.4317750000000001	1.41525118979714	5.95845595217253e-08	872953226.0	500.0	NEW_EXCLUDED_CASE_ANALYSIS	1.77606183259292	0.0377397071582696	False
BRCA	CAMP_BRCA1_Terunuma	04_ROBUSTNESS	20260921T103911Z_camp_pair_sensitivity_v1	camp_pair_sensitivity_v1	available_ER_MonoEndoFib	KEGG:C00148	proline	PYCR1	author_case_row	60.0	NA	partial_rank_correlation	0.3046332750326316	0.0287477902486984	0.537104673870361	0.0225	0.320625	available_ER_MonoEndoFib	171.0	DONE	NA	CAMP_GSE37751_original_author_case_table	KEGG:C00148|PYCR1	61.0	0.2622782207355422	0.0529	0.452295	1.41525118979714	5.95845595217253e-08	486515581.0	500.0	NEW_EXCLUDED_CASE_ANALYSIS	2.5161007870503527	0.0423550542970894	False
BRCA	CAMP_BRCA1_Terunuma	04_ROBUSTNESS	20260921T103911Z_camp_pair_sensitivity_v1	camp_pair_sensitivity_v1	processed_Spearman	KEGG:C00149	malate	MDH1	author_case_row	60.0	NA	Spearman_rho	0.2166157265907197	-0.019821509603542	0.4173048863172428	0.0924	0.2530265625	processed_Spearman	171.0	DONE	NA	CAMP_GSE37751_original_author_case_table	KEGG:C00149|MDH1	61.0	0.236118455843469	0.0656	0.2100857142857142	1.18834928904435	8.42026335505837e-07	3316475003.0	4000.0	NEW_EXCLUDED_CASE_ANALYSIS	NA	-0.0195027292527492	False
BRCA	CAMP_BRCA1_Terunuma	04_ROBUSTNESS	20260921T103911Z_camp_pair_sensitivity_v1	camp_pair_sensitivity_v1	available_Spearman	KEGG:C00149	malate	MDH1	author_case_row	60.0	NA	Spearman_rho	0.2166157265907197	-0.0219030205659223	0.425113808009416	0.0982	0.28329	available_Spearman	171.0	DONE	NA	CAMP_GSE37751_original_author_case_table	KEGG:C00149|MDH1	61.0	0.236118455843469	0.0644	0.23191875	1.18834928904435	8.42026335505837e-07	953038127.0	4000.0	NEW_EXCLUDED_CASE_ANALYSIS	NA	-0.0195027292527492	False
BRCA	CAMP_BRCA1_Terunuma	04_ROBUSTNESS	20260921T103911Z_camp_pair_sensitivity_v1	camp_pair_sensitivity_v1	processed_ER	KEGG:C00149	malate	MDH1	author_case_row	60.0	NA	partial_rank_correlation	0.0626218680884184	-0.1709978029896418	0.3182210446666925	0.632	0.7629971830985917	processed_ER	171.0	DONE	NA	CAMP_GSE37751_original_author_case_table	KEGG:C00149|MDH1	61.0	0.1168887660345078	0.3618	0.5892171428571429	1.18834928904435	8.42026335505837e-07	1502903304.0	500.0	NEW_EXCLUDED_CASE_ANALYSIS	1.0000000000000002	-0.0542668979460893	False
BRCA	CAMP_BRCA1_Terunuma	04_ROBUSTNESS	20260921T103911Z_camp_pair_sensitivity_v1	camp_pair_sensitivity_v1	available_ER	KEGG:C00149	malate	MDH1	author_case_row	60.0	NA	partial_rank_correlation	0.0626218680884184	-0.1964620169805511	0.3186890704081606	0.6287	0.7904977941176472	available_ER	171.0	DONE	NA	CAMP_GSE37751_original_author_case_table	KEGG:C00149|MDH1	61.0	0.1168887660345078	0.3618	0.6065470588235294	1.18834928904435	8.42026335505837e-07	4239312649.0	500.0	NEW_EXCLUDED_CASE_ANALYSIS	1.0000000000000002	-0.0542668979460893	False
BRCA	CAMP_BRCA1_Terunuma	04_ROBUSTNESS	20260921T103911Z_camp_pair_sensitivity_v1	camp_pair_sensitivity_v1	available_ER_PC12	KEGG:C00149	malate	MDH1	author_case_row	60.0	NA	partial_rank_correlation	0.0905537994250118	-0.2063322605907668	0.3525092371591207	0.5013	0.7872218181818181	available_ER_PC12	171.0	DONE	NA	CAMP_GSE37751_original_author_case_table	KEGG:C00149|MDH1	61.0	0.13427155060308	0.2991	0.6796758620689655	1.18834928904435	8.42026335505837e-07	3839357821.0	500.0	NEW_EXCLUDED_CASE_ANALYSIS	1.77606183259292	-0.0437177511780681	False
BRCA	CAMP_BRCA1_Terunuma	04_ROBUSTNESS	20260921T103911Z_camp_pair_sensitivity_v1	camp_pair_sensitivity_v1	available_ER_MonoEndoFib	KEGG:C00149	malate	MDH1	author_case_row	60.0	NA	partial_rank_correlation	0.0623450361035445	-0.2660423611264337	0.3348940009145241	0.6383	0.8718466666666667	available_ER_MonoEndoFib	171.0	DONE	NA	CAMP_GSE37751_original_author_case_table	KEGG:C00149|MDH1	61.0	0.1009590864426018	0.4482	0.7817636363636363	1.18834928904435	8.42026335505837e-07	299224859.0	500.0	NEW_EXCLUDED_CASE_ANALYSIS	2.5161007870503527	-0.0386140503390572	False
BRCA	CAMP_BRCA1_Terunuma	04_ROBUSTNESS	20260921T103911Z_camp_pair_sensitivity_v1	camp_pair_sensitivity_v1	processed_Spearman	KEGG:C00152	asparagine	ASNS	author_case_row	60.0	NA	Spearman_rho	-0.1115309808280078	-0.3682489910511343	0.1525547121634197	0.3978	0.5910461538461538	processed_Spearman	171.0	DONE	NA	CAMP_GSE37751_original_author_case_table	KEGG:C00152|ASNS	61.0	-0.1456901110523532	0.2619	0.4764351063829787	-0.488238055912632	0.0406511739333432	24389089.0	4000.0	NEW_EXCLUDED_CASE_ANALYSIS	NA	0.0341591302243453	False
BRCA	CAMP_BRCA1_Terunuma	04_ROBUSTNESS	20260921T103911Z_camp_pair_sensitivity_v1	camp_pair_sensitivity_v1	available_Spearman	KEGG:C00152	asparagine	ASNS	author_case_row	60.0	NA	Spearman_rho	-0.1115309808280078	-0.3747946037085281	0.157912234382352	0.3998	0.6215072727272728	available_Spearman	171.0	DONE	NA	CAMP_GSE37751_original_author_case_table	KEGG:C00152|ASNS	61.0	-0.1456901110523532	0.2607	0.4977791208791209	-0.488238055912632	0.0406511739333432	392660014.0	4000.0	NEW_EXCLUDED_CASE_ANALYSIS	NA	0.0341591302243453	False
BRCA	CAMP_BRCA1_Terunuma	04_ROBUSTNESS	20260921T103911Z_camp_pair_sensitivity_v1	camp_pair_sensitivity_v1	processed_ER	KEGG:C00152	asparagine	ASNS	author_case_row	60.0	NA	partial_rank_correlation	-0.0744099904385863	-0.3179765927321297	0.1810502219830679	0.571	0.7481571428571429	processed_ER	171.0	DONE	NA	CAMP_GSE37751_original_author_case_table	KEGG:C00152|ASNS	61.0	-0.1019740066417065	0.424	0.6304695652173913	-0.488238055912632	0.0406511739333432	1643284109.0	500.0	NEW_EXCLUDED_CASE_ANALYSIS	1.0000000000000002	0.0275640162031201	False
BRCA	CAMP_BRCA1_Terunuma	04_ROBUSTNESS	20260921T103911Z_camp_pair_sensitivity_v1	camp_pair_sensitivity_v1	available_ER	KEGG:C00152	asparagine	ASNS	author_case_row	60.0	NA	partial_rank_correlation	-0.0744099904385863	-0.3337975462944569	0.190646626311574	0.5735	0.754373076923077	available_ER	171.0	DONE	NA	CAMP_GSE37751_original_author_case_table	KEGG:C00152|ASNS	61.0	-0.1019740066417065	0.424	0.6651743119266055	-0.488238055912632	0.0406511739333432	580848473.0	500.0	NEW_EXCLUDED_CASE_ANALYSIS	1.0000000000000002	0.0275640162031201	False
BRCA	CAMP_BRCA1_Terunuma	04_ROBUSTNESS	20260921T103911Z_camp_pair_sensitivity_v1	camp_pair_sensitivity_v1	available_ER_PC12	KEGG:C00152	asparagine	ASNS	author_case_row	60.0	NA	partial_rank_correlation	0.0493931147968129	-0.2047851740632978	0.310517993721051	0.714	0.8699475524475525	available_ER_PC12	171.0	DONE	NA	CAMP_GSE37751_original_author_case_table	KEGG:C00152|ASNS	61.0	0.0200642125996291	0.8811	0.9243441717791412	-0.488238055912632	0.0406511739333432	1302641432.0	500.0	NEW_EXCLUDED_CASE_ANALYSIS	1.77606183259292	0.0293289021971838	False
BRCA	CAMP_BRCA1_Terunuma	04_ROBUSTNESS	20260921T103911Z_camp_pair_sensitivity_v1	camp_pair_sensitivity_v1	available_ER_MonoEndoFib	KEGG:C00152	asparagine	ASNS	author_case_row	60.0	NA	partial_rank_correlation	0.0132588642274043	-0.2679590136404436	0.3017958174358651	0.9214	0.96102	available_ER_MonoEndoFib	171.0	DONE	NA	CAMP_GSE37751_original_author_case_table	KEGG:C00152|ASNS	61.0	-0.0139011722796836	0.9168	0.9501381818181818	-0.488238055912632	0.0406511739333432	3635914550.0	500.0	NEW_EXCLUDED_CASE_ANALYSIS	2.5161007870503527	0.0271600365070879	False
BRCA	CAMP_BRCA1_Terunuma	04_ROBUSTNESS	20260921T103911Z_camp_pair_sensitivity_v1	camp_pair_sensitivity_v1	processed_Spearman	KEGG:C00153	nicotinamide	NNMT	author_case_row	60.0	NA	Spearman_rho	-0.3288318333409616	-0.5598760515798441	-0.0601230747242445	0.0102	0.0758347826086956	processed_Spearman	171.0	DONE	NA	CAMP_GSE37751_original_author_case_table	KEGG:C00153|NNMT	61.0	-0.3370881595490735	0.0076	0.0693	0.67848523520744	0.0017925985037615	3612222901.0	4000.0	NEW_EXCLUDED_CASE_ANALYSIS	NA	0.0082563262081118	False
BRCA	CAMP_BRCA1_Terunuma	04_ROBUSTNESS	20260921T103911Z_camp_pair_sensitivity_v1	camp_pair_sensitivity_v1	available_Spearman	KEGG:C00153	nicotinamide	NNMT	author_case_row	57.0	NA	Spearman_rho	-0.3402903811252268	-0.5606074931870083	-0.0906981562322216	0.0086	0.0817	available_Spearman	171.0	DONE	NA	CAMP_GSE37751_original_author_case_table	KEGG:C00153|NNMT	58.0	-0.3495339752068658	0.0073	0.0833624999999999	0.67848523520744	0.0017925985037615	3366274916.0	4000.0	NEW_EXCLUDED_CASE_ANALYSIS	NA	0.0092435940816389	False
BRCA	CAMP_BRCA1_Terunuma	04_ROBUSTNESS	20260921T103911Z_camp_pair_sensitivity_v1	camp_pair_sensitivity_v1	processed_ER	KEGG:C00153	nicotinamide	NNMT	author_case_row	60.0	NA	partial_rank_correlation	-0.3270288316234379	-0.5757217043106151	-0.0480403102097158	0.011	0.1224	processed_ER	171.0	DONE	NA	CAMP_GSE37751_original_author_case_table	KEGG:C00153|NNMT	61.0	-0.3364419254042824	0.0082	0.09918	0.67848523520744	0.0017925985037615	2714790380.0	500.0	NEW_EXCLUDED_CASE_ANALYSIS	1.0000000000000002	0.0094130937808444	False
BRCA	CAMP_BRCA1_Terunuma	04_ROBUSTNESS	20260921T103911Z_camp_pair_sensitivity_v1	camp_pair_sensitivity_v1	available_ER	KEGG:C00153	nicotinamide	NNMT	author_case_row	57.0	NA	partial_rank_correlation	-0.3427459104172531	-0.5524748580182488	-0.095179479452411	0.0112	0.1380214285714285	available_ER	171.0	DONE	NA	CAMP_GSE37751_original_author_case_table	KEGG:C00153|NNMT	58.0	-0.3533495638828474	0.0068	0.109176923076923	0.67848523520744	0.0017925985037615	4005503164.0	500.0	NEW_EXCLUDED_CASE_ANALYSIS	1.0	0.0106036534655942	False
BRCA	CAMP_BRCA1_Terunuma	04_ROBUSTNESS	20260921T103911Z_camp_pair_sensitivity_v1	camp_pair_sensitivity_v1	available_ER_PC12	KEGG:C00153	nicotinamide	NNMT	author_case_row	57.0	NA	partial_rank_correlation	-0.1641102398519429	-0.4030648389106345	0.0854823925412682	0.2435	0.6844170731707317	available_ER_PC12	171.0	DONE	NA	CAMP_GSE37751_original_author_case_table	KEGG:C00153|NNMT	58.0	-0.1739289964666542	0.2089	0.6415448275862069	0.67848523520744	0.0017925985037615	2767534196.0	500.0	NEW_EXCLUDED_CASE_ANALYSIS	1.7411526322774389	0.0098187566147112	False
BRCA	CAMP_BRCA1_Terunuma	04_ROBUSTNESS	20260921T103911Z_camp_pair_sensitivity_v1	camp_pair_sensitivity_v1	available_ER_MonoEndoFib	KEGG:C00153	nicotinamide	NNMT	author_case_row	57.0	NA	partial_rank_correlation	-0.1823056094879608	-0.4148860676538384	0.1193173745465337	0.1853	0.7022152173913044	available_ER_MonoEndoFib	171.0	DONE	NA	CAMP_GSE37751_original_author_case_table	KEGG:C00153|NNMT	58.0	-0.203318179384136	0.1405	0.5859878048780489	0.67848523520744	0.0017925985037615	3179484020.0	500.0	NEW_EXCLUDED_CASE_ANALYSIS	2.4018072552690777	0.0210125698961751	False
BRCA	CAMP_BRCA1_Terunuma	04_ROBUSTNESS	20260921T103911Z_camp_pair_sensitivity_v1	camp_pair_sensitivity_v1	processed_Spearman	KEGG:C00242	guanine	PNP	author_case_row	60.0	NA	Spearman_rho	0.4753542650736316	0.2326388888679365	0.6800076766897828	0.0002	0.0146571428571428	processed_Spearman	171.0	DONE	NA	CAMP_GSE37751_original_author_case_table	KEGG:C00242|PNP	61.0	0.4793231094658909	0.0003	0.0171	1.33232734180974	1.67017337215638e-08	2933646886.0	4000.0	NEW_EXCLUDED_CASE_ANALYSIS	NA	-0.0039688443922592	False
BRCA	CAMP_BRCA1_Terunuma	04_ROBUSTNESS	20260921T103911Z_camp_pair_sensitivity_v1	camp_pair_sensitivity_v1	available_Spearman	KEGG:C00242	guanine	PNP	author_case_row	59.0	NA	Spearman_rho	0.5408533021624782	0.3125853814628083	0.7174063250334637	0.0001	0.0171	available_Spearman	171.0	DONE	NA	CAMP_GSE37751_original_author_case_table	KEGG:C00242|PNP	60.0	0.5440400111141985	0.0001	0.0114	1.33232734180974	1.67017337215638e-08	1653099134.0	4000.0	NEW_EXCLUDED_CASE_ANALYSIS	NA	-0.0031867089517203	False
BRCA	CAMP_BRCA1_Terunuma	04_ROBUSTNESS	20260921T103911Z_camp_pair_sensitivity_v1	camp_pair_sensitivity_v1	processed_ER	KEGG:C00242	guanine	PNP	author_case_row	60.0	NA	partial_rank_correlation	0.3745646218127752	0.1077208606714656	0.6222060795365197	0.0038	0.06498	processed_ER	171.0	DONE	NA	CAMP_GSE37751_original_author_case_table	KEGG:C00242|PNP	61.0	0.3921112194390904	0.0032	0.0608	1.33232734180974	1.67017337215638e-08	1376145707.0	500.0	NEW_EXCLUDED_CASE_ANALYSIS	1.0000000000000002	-0.0175465976263151	False
BRCA	CAMP_BRCA1_Terunuma	04_ROBUSTNESS	20260921T103911Z_camp_pair_sensitivity_v1	camp_pair_sensitivity_v1	available_ER	KEGG:C00242	guanine	PNP	author_case_row	59.0	NA	partial_rank_correlation	0.4481694432482647	0.1947860949653901	0.656388248540791	0.0009	0.03135	available_ER	171.0	DONE	NA	CAMP_GSE37751_original_author_case_table	KEGG:C00242|PNP	60.0	0.4638239434100776	0.0004	0.0285	1.33232734180974	1.67017337215638e-08	1198817073.0	500.0	NEW_EXCLUDED_CASE_ANALYSIS	1.0000000000000002	-0.0156545001618128	False
BRCA	CAMP_BRCA1_Terunuma	04_ROBUSTNESS	20260921T103911Z_camp_pair_sensitivity_v1	camp_pair_sensitivity_v1	available_ER_PC12	KEGG:C00242	guanine	PNP	author_case_row	59.0	NA	partial_rank_correlation	0.3938665498009011	0.1336297000351819	0.6398689560731753	0.002	0.098325	available_ER_PC12	171.0	DONE	NA	CAMP_GSE37751_original_author_case_table	KEGG:C00242|PNP	60.0	0.3975177521136612	0.0028	0.1368	1.33232734180974	1.67017337215638e-08	608644522.0	500.0	NEW_EXCLUDED_CASE_ANALYSIS	1.7560205077559468	-0.0036512023127601	False
BRCA	CAMP_BRCA1_Terunuma	04_ROBUSTNESS	20260921T103911Z_camp_pair_sensitivity_v1	camp_pair_sensitivity_v1	available_ER_MonoEndoFib	KEGG:C00242	guanine	PNP	author_case_row	59.0	NA	partial_rank_correlation	0.3039656709980218	0.0444854910135104	0.5047994686214801	0.0218	0.320625	available_ER_MonoEndoFib	171.0	DONE	NA	CAMP_GSE37751_original_author_case_table	KEGG:C00242|PNP	60.0	0.3066719394929129	0.0187	0.3553	1.33232734180974	1.67017337215638e-08	1375313838.0	500.0	NEW_EXCLUDED_CASE_ANALYSIS	2.4910148506570606	-0.002706268494891	False
BRCA	CAMP_BRCA1_Terunuma	04_ROBUSTNESS	20260921T103911Z_camp_pair_sensitivity_v1	camp_pair_sensitivity_v1	processed_Spearman	KEGG:C00262	hypoxanthine	PNP	author_case_row	60.0	NA	Spearman_rho	0.2559599888858017	-0.0214826517051389	0.5129067194691428	0.0493	0.1832673913043478	processed_Spearman	171.0	DONE	NA	CAMP_GSE37751_original_author_case_table	KEGG:C00262|PNP	61.0	0.2722897937599153	0.0345	0.15705	0.74524822904351	9.36398336908454e-05	338269267.0	4000.0	NEW_EXCLUDED_CASE_ANALYSIS	NA	-0.0163298048741136	False
BRCA	CAMP_BRCA1_Terunuma	04_ROBUSTNESS	20260921T103911Z_camp_pair_sensitivity_v1	camp_pair_sensitivity_v1	available_Spearman	KEGG:C00262	hypoxanthine	PNP	author_case_row	60.0	NA	Spearman_rho	0.2559599888858017	-0.0171102279165295	0.505342681589	0.0504	0.21888	available_Spearman	171.0	DONE	NA	CAMP_GSE37751_original_author_case_table	KEGG:C00262|PNP	61.0	0.2722897937599153	0.0342	0.184359375	0.74524822904351	9.36398336908454e-05	1159248571.0	4000.0	NEW_EXCLUDED_CASE_ANALYSIS	NA	-0.0163298048741136	False
BRCA	CAMP_BRCA1_Terunuma	04_ROBUSTNESS	20260921T103911Z_camp_pair_sensitivity_v1	camp_pair_sensitivity_v1	processed_ER	KEGG:C00262	hypoxanthine	PNP	author_case_row	60.0	NA	partial_rank_correlation	0.2176008710328413	-0.0631420020888412	0.4921290283913579	0.0962	0.2982	processed_ER	171.0	DONE	NA	CAMP_GSE37751_original_author_case_table	KEGG:C00262|PNP	61.0	0.2452922034724583	0.0584	0.2699027027027027	0.74524822904351	9.36398336908454e-05	1429872246.0	500.0	NEW_EXCLUDED_CASE_ANALYSIS	1.0000000000000002	-0.0276913324396169	False
BRCA	CAMP_BRCA1_Terunuma	04_ROBUSTNESS	20260921T103911Z_camp_pair_sensitivity_v1	camp_pair_sensitivity_v1	available_ER	KEGG:C00262	hypoxanthine	PNP	author_case_row	60.0	NA	partial_rank_correlation	0.2176008710328413	-0.0723267756253208	0.4821103850572743	0.0967	0.3518234042553191	available_ER	171.0	DONE	NA	CAMP_GSE37751_original_author_case_table	KEGG:C00262|PNP	61.0	0.2452922034724583	0.0584	0.3026181818181818	0.74524822904351	9.36398336908454e-05	3646680951.0	500.0	NEW_EXCLUDED_CASE_ANALYSIS	1.0000000000000002	-0.0276913324396169	False
BRCA	CAMP_BRCA1_Terunuma	04_ROBUSTNESS	20260921T103911Z_camp_pair_sensitivity_v1	camp_pair_sensitivity_v1	available_ER_PC12	KEGG:C00262	hypoxanthine	PNP	author_case_row	60.0	NA	partial_rank_correlation	0.1917327106783665	-0.0981943573170618	0.4284798549140589	0.1444	0.6262875	available_ER_PC12	171.0	DONE	NA	CAMP_GSE37751_original_author_case_table	KEGG:C00262|PNP	61.0	0.206518479349493	0.1202	0.5941255813953489	0.74524822904351	9.36398336908454e-05	3621053575.0	500.0	NEW_EXCLUDED_CASE_ANALYSIS	1.77606183259292	-0.0147857686711264	False
BRCA	CAMP_BRCA1_Terunuma	04_ROBUSTNESS	20260921T103911Z_camp_pair_sensitivity_v1	camp_pair_sensitivity_v1	available_ER_MonoEndoFib	KEGG:C00262	hypoxanthine	PNP	author_case_row	60.0	NA	partial_rank_correlation	0.1530163441091211	-0.1452821061698658	0.4221131693211572	0.2618	0.7493696202531647	available_ER_MonoEndoFib	171.0	DONE	NA	CAMP_GSE37751_original_author_case_table	KEGG:C00262|PNP	61.0	0.1653330055090631	0.2228	0.6812517857142857	0.74524822904351	9.36398336908454e-05	1968792836.0	500.0	NEW_EXCLUDED_CASE_ANALYSIS	2.5161007870503527	-0.0123166613999419	False
BRCA	CAMP_BRCA1_Terunuma	04_ROBUSTNESS	20260921T103911Z_camp_pair_sensitivity_v1	camp_pair_sensitivity_v1	processed_Spearman	KEGG:C00294	inosine	PNP	author_case_row	60.0	NA	Spearman_rho	-0.1438732981383718	-0.3964867169333663	0.1179654766851944	0.2715	0.485925	processed_Spearman	171.0	DONE	NA	CAMP_GSE37751_original_author_case_table	KEGG:C00294|PNP	61.0	-0.1206768905341089	0.3565	0.54705	-0.420184128839344	0.0224299489063582	3828580517.0	4000.0	NEW_EXCLUDED_CASE_ANALYSIS	NA	-0.0231964076042628	False
BRCA	CAMP_BRCA1_Terunuma	04_ROBUSTNESS	20260921T103911Z_camp_pair_sensitivity_v1	camp_pair_sensitivity_v1	available_Spearman	KEGG:C00294	inosine	PNP	author_case_row	60.0	NA	Spearman_rho	-0.1438732981383718	-0.3887967240202479	0.1198749686569231	0.2753	0.5205164835164835	available_Spearman	171.0	DONE	NA	CAMP_GSE37751_original_author_case_table	KEGG:C00294|PNP	61.0	-0.1206768905341089	0.356	0.5853461538461538	-0.420184128839344	0.0224299489063582	750303986.0	4000.0	NEW_EXCLUDED_CASE_ANALYSIS	NA	-0.0231964076042628	False
BRCA	CAMP_BRCA1_Terunuma	04_ROBUSTNESS	20260921T103911Z_camp_pair_sensitivity_v1	camp_pair_sensitivity_v1	processed_ER	KEGG:C00294	inosine	PNP	author_case_row	60.0	NA	partial_rank_correlation	-0.1250562220874481	-0.3855894040821194	0.1315778781220859	0.3464	0.5695615384615385	processed_ER	171.0	DONE	NA	CAMP_GSE37751_original_author_case_table	KEGG:C00294|PNP	61.0	-0.0946362849783293	0.4647	0.6550829268292683	-0.420184128839344	0.0224299489063582	1282100321.0	500.0	NEW_EXCLUDED_CASE_ANALYSIS	1.0000000000000002	-0.0304199371091188	False
BRCA	CAMP_BRCA1_Terunuma	04_ROBUSTNESS	20260921T103911Z_camp_pair_sensitivity_v1	camp_pair_sensitivity_v1	available_ER	KEGG:C00294	inosine	PNP	author_case_row	60.0	NA	partial_rank_correlation	-0.1250562220874481	-0.3980846650253956	0.187755643330769	0.3444	0.6009428571428571	available_ER	171.0	DONE	NA	CAMP_GSE37751_original_author_case_table	KEGG:C00294|PNP	61.0	-0.0946362849783293	0.4647	0.6970500000000001	-0.420184128839344	0.0224299489063582	3671509160.0	500.0	NEW_EXCLUDED_CASE_ANALYSIS	1.0000000000000002	-0.0304199371091188	False
BRCA	CAMP_BRCA1_Terunuma	04_ROBUSTNESS	20260921T103911Z_camp_pair_sensitivity_v1	camp_pair_sensitivity_v1	available_ER_PC12	KEGG:C00294	inosine	PNP	author_case_row	60.0	NA	partial_rank_correlation	-0.1076247273308708	-0.3961237399080412	0.2189464271529065	0.4263	0.7363363636363637	available_ER_PC12	171.0	DONE	NA	CAMP_GSE37751_original_author_case_table	KEGG:C00294|PNP	61.0	-0.0854955638454407	0.5201	0.8085190909090909	-0.420184128839344	0.0224299489063582	309951708.0	500.0	NEW_EXCLUDED_CASE_ANALYSIS	1.77606183259292	-0.0221291634854301	False
BRCA	CAMP_BRCA1_Terunuma	04_ROBUSTNESS	20260921T103911Z_camp_pair_sensitivity_v1	camp_pair_sensitivity_v1	available_ER_MonoEndoFib	KEGG:C00294	inosine	PNP	author_case_row	60.0	NA	partial_rank_correlation	-0.0255890349455354	-0.330393463898427	0.2611738100531618	0.8449	0.9202414012738852	available_ER_MonoEndoFib	171.0	DONE	NA	CAMP_GSE37751_original_author_case_table	KEGG:C00294|PNP	61.0	-0.0075185999219222	0.957	0.9704752941176472	-0.420184128839344	0.0224299489063582	4025771589.0	500.0	NEW_EXCLUDED_CASE_ANALYSIS	2.5161007870503527	-0.0180704350236132	False
BRCA	CAMP_BRCA1_Terunuma	04_ROBUSTNESS	20260921T103911Z_camp_pair_sensitivity_v1	camp_pair_sensitivity_v1	processed_Spearman	KEGG:C00300	creatine	SLC6A8	author_case_row	60.0	NA	Spearman_rho	0.2080577938316199	-0.0643808755632196	0.4543214947714128	0.1112	0.2809625	processed_Spearman	171.0	DONE	NA	CAMP_GSE37751_original_author_case_table	KEGG:C00300|SLC6A8	61.0	0.185616076150185	0.1564	0.334305	-1.29504988511855	5.83352447059991e-08	2860323708.0	4000.0	NEW_EXCLUDED_CASE_ANALYSIS	NA	0.0224417176814349	False
BRCA	CAMP_BRCA1_Terunuma	04_ROBUSTNESS	20260921T103911Z_camp_pair_sensitivity_v1	camp_pair_sensitivity_v1	available_Spearman	KEGG:C00300	creatine	SLC6A8	author_case_row	60.0	NA	Spearman_rho	0.2080577938316199	-0.0744511989796523	0.4635759815930365	0.1079	0.2986983870967742	available_Spearman	171.0	DONE	NA	CAMP_GSE37751_original_author_case_table	KEGG:C00300|SLC6A8	61.0	0.185616076150185	0.1539	0.3682356164383562	-1.29504988511855	5.83352447059991e-08	1123820510.0	4000.0	NEW_EXCLUDED_CASE_ANALYSIS	NA	0.0224417176814349	False
BRCA	CAMP_BRCA1_Terunuma	04_ROBUSTNESS	20260921T103911Z_camp_pair_sensitivity_v1	camp_pair_sensitivity_v1	processed_ER	KEGG:C00300	creatine	SLC6A8	author_case_row	60.0	NA	partial_rank_correlation	0.1765998261797715	-0.1014508688874983	0.4154286874773029	0.1795	0.4154837837837837	processed_ER	171.0	DONE	NA	CAMP_GSE37751_original_author_case_table	KEGG:C00300|SLC6A8	61.0	0.152567410189079	0.2353	0.4601454545454546	-1.29504988511855	5.83352447059991e-08	2579039961.0	500.0	NEW_EXCLUDED_CASE_ANALYSIS	1.0000000000000002	0.0240324159906925	False
BRCA	CAMP_BRCA1_Terunuma	04_ROBUSTNESS	20260921T103911Z_camp_pair_sensitivity_v1	camp_pair_sensitivity_v1	available_ER	KEGG:C00300	creatine	SLC6A8	author_case_row	60.0	NA	partial_rank_correlation	0.1765998261797715	-0.0968416517439577	0.4278441824824565	0.1761	0.4451029411764706	available_ER	171.0	DONE	NA	CAMP_GSE37751_original_author_case_table	KEGG:C00300|SLC6A8	61.0	0.152567410189079	0.2353	0.4952743902439024	-1.29504988511855	5.83352447059991e-08	1526683726.0	500.0	NEW_EXCLUDED_CASE_ANALYSIS	1.0000000000000002	0.0240324159906925	False
BRCA	CAMP_BRCA1_Terunuma	04_ROBUSTNESS	20260921T103911Z_camp_pair_sensitivity_v1	camp_pair_sensitivity_v1	available_ER_PC12	KEGG:C00300	creatine	SLC6A8	author_case_row	60.0	NA	partial_rank_correlation	0.1672052674416686	-0.1021160262835064	0.41567482445995	0.212	0.6833666666666667	available_ER_PC12	171.0	DONE	NA	CAMP_GSE37751_original_author_case_table	KEGG:C00300|SLC6A8	61.0	0.1523817361136326	0.2533	0.6689727272727273	-1.29504988511855	5.83352447059991e-08	194412492.0	500.0	NEW_EXCLUDED_CASE_ANALYSIS	1.77606183259292	0.014823531328036	False
BRCA	CAMP_BRCA1_Terunuma	04_ROBUSTNESS	20260921T103911Z_camp_pair_sensitivity_v1	camp_pair_sensitivity_v1	available_ER_MonoEndoFib	KEGG:C00300	creatine	SLC6A8	author_case_row	60.0	NA	partial_rank_correlation	0.1867047213154207	-0.1278341916166453	0.4634827030505066	0.1588	0.6623121951219513	available_ER_MonoEndoFib	171.0	DONE	NA	CAMP_GSE37751_original_author_case_table	KEGG:C00300|SLC6A8	61.0	0.1795201140746688	0.1726	0.636975	-1.29504988511855	5.83352447059991e-08	406557827.0	500.0	NEW_EXCLUDED_CASE_ANALYSIS	2.5161007870503527	0.0071846072407519	False
BRCA	CAMP_BRCA1_Terunuma	04_ROBUSTNESS	20260921T103911Z_camp_pair_sensitivity_v1	camp_pair_sensitivity_v1	processed_Spearman	KEGG:C00668	glucose 6-phosphate	GPI	author_case_row	60.0	NA	Spearman_rho	0.4651847735482079	0.2483910377845794	0.6374703853172279	0.0004	0.0146571428571428	processed_Spearman	171.0	DONE	NA	CAMP_GSE37751_original_author_case_table	KEGG:C00668|GPI	61.0	0.4648334214701215	0.0002	0.0171	1.17249419717376	4.92640057920067e-08	1640205250.0	4000.0	NEW_EXCLUDED_CASE_ANALYSIS	NA	0.0003513520780863	False
BRCA	CAMP_BRCA1_Terunuma	04_ROBUSTNESS	20260921T103911Z_camp_pair_sensitivity_v1	camp_pair_sensitivity_v1	available_Spearman	KEGG:C00668	glucose 6-phosphate	GPI	author_case_row	59.0	NA	Spearman_rho	0.4630040911747516	0.2432289668943606	0.6402646423592722	0.0005	0.0219857142857142	available_Spearman	171.0	DONE	NA	CAMP_GSE37751_original_author_case_table	KEGG:C00668|GPI	60.0	0.4626840789108087	0.0002	0.0114	1.17249419717376	4.92640057920067e-08	2343401448.0	4000.0	NEW_EXCLUDED_CASE_ANALYSIS	NA	0.0003200122639429	False
BRCA	CAMP_BRCA1_Terunuma	04_ROBUSTNESS	20260921T103911Z_camp_pair_sensitivity_v1	camp_pair_sensitivity_v1	processed_ER	KEGG:C00668	glucose 6-phosphate	GPI	author_case_row	60.0	NA	partial_rank_correlation	0.4385211170668361	0.2348053666085287	0.6082480049659081	0.0008	0.0342	processed_ER	171.0	DONE	NA	CAMP_GSE37751_original_author_case_table	KEGG:C00668|GPI	61.0	0.4492392328358756	0.0005	0.0399	1.17249419717376	4.92640057920067e-08	2861194928.0	500.0	NEW_EXCLUDED_CASE_ANALYSIS	1.0000000000000002	-0.0107181157690394	False
BRCA	CAMP_BRCA1_Terunuma	04_ROBUSTNESS	20260921T103911Z_camp_pair_sensitivity_v1	camp_pair_sensitivity_v1	available_ER	KEGG:C00668	glucose 6-phosphate	GPI	author_case_row	59.0	NA	partial_rank_correlation	0.4474396271916877	0.2181582475941897	0.6255855109194626	0.0009	0.03135	available_ER	171.0	DONE	NA	CAMP_GSE37751_original_author_case_table	KEGG:C00668|GPI	60.0	0.4581904380034955	0.0005	0.0285	1.17249419717376	4.92640057920067e-08	1246083521.0	500.0	NEW_EXCLUDED_CASE_ANALYSIS	1.0000000000000002	-0.0107508108118077	False
BRCA	CAMP_BRCA1_Terunuma	04_ROBUSTNESS	20260921T103911Z_camp_pair_sensitivity_v1	camp_pair_sensitivity_v1	available_ER_PC12	KEGG:C00668	glucose 6-phosphate	GPI	author_case_row	59.0	NA	partial_rank_correlation	0.4470027349840362	0.2192804913992676	0.6507696459110628	0.0006	0.0513	available_ER_PC12	171.0	DONE	NA	CAMP_GSE37751_original_author_case_table	KEGG:C00668|GPI	60.0	0.4491522767428949	0.0004	0.0342	1.17249419717376	4.92640057920067e-08	486133857.0	500.0	NEW_EXCLUDED_CASE_ANALYSIS	1.7560205077559468	-0.0021495417588586	True
BRCA	CAMP_BRCA1_Terunuma	04_ROBUSTNESS	20260921T103911Z_camp_pair_sensitivity_v1	camp_pair_sensitivity_v1	available_ER_MonoEndoFib	KEGG:C00668	glucose 6-phosphate	GPI	author_case_row	59.0	NA	partial_rank_correlation	0.4591181636526117	0.2350711155942028	0.62397761355427	0.0004	0.0342	available_ER_MonoEndoFib	171.0	DONE	NA	CAMP_GSE37751_original_author_case_table	KEGG:C00668|GPI	60.0	0.4548728165334381	0.0006	0.0513	1.17249419717376	4.92640057920067e-08	1234733797.0	500.0	NEW_EXCLUDED_CASE_ANALYSIS	2.4910148506570606	0.0042453471191736	True
BRCA	CAMP_BRCA1_Terunuma	04_ROBUSTNESS	20260921T103911Z_camp_pair_sensitivity_v1	camp_pair_sensitivity_v1	processed_Spearman	KEGG:C00670	glycerophosphorylcholine (GPC)	GPCPD1	author_case_row	60.0	NA	Spearman_rho	-0.5258682967490971	-0.7020571739743982	-0.2969028070843373	0.0002	0.0146571428571428	processed_Spearman	171.0	DONE	NA	CAMP_GSE37751_original_author_case_table	KEGG:C00670|GPCPD1	61.0	-0.5213643574828133	0.0001	0.0171	-0.791132433603263	0.0004883731498536	3727877433.0	4000.0	NEW_EXCLUDED_CASE_ANALYSIS	NA	-0.0045039392662837	False
BRCA	CAMP_BRCA1_Terunuma	04_ROBUSTNESS	20260921T103911Z_camp_pair_sensitivity_v1	camp_pair_sensitivity_v1	available_Spearman	KEGG:C00670	glycerophosphorylcholine (GPC)	GPCPD1	author_case_row	60.0	NA	Spearman_rho	-0.5258682967490971	-0.6955690220443592	-0.2846734410566025	0.0002	0.0171	available_Spearman	171.0	DONE	NA	CAMP_GSE37751_original_author_case_table	KEGG:C00670|GPCPD1	61.0	-0.5213643574828133	0.0002	0.0114	-0.791132433603263	0.0004883731498536	1189881588.0	4000.0	NEW_EXCLUDED_CASE_ANALYSIS	NA	-0.0045039392662837	False
BRCA	CAMP_BRCA1_Terunuma	04_ROBUSTNESS	20260921T103911Z_camp_pair_sensitivity_v1	camp_pair_sensitivity_v1	processed_ER	KEGG:C00670	glycerophosphorylcholine (GPC)	GPCPD1	author_case_row	60.0	NA	partial_rank_correlation	-0.5182540367310119	-0.6932713724382598	-0.2744767757569357	0.0001	0.0171	processed_ER	171.0	DONE	NA	CAMP_GSE37751_original_author_case_table	KEGG:C00670|GPCPD1	61.0	-0.5152108107796246	0.0001	0.0171	-0.791132433603263	0.0004883731498536	2195641422.0	500.0	NEW_EXCLUDED_CASE_ANALYSIS	1.0000000000000002	-0.0030432259513872	False
BRCA	CAMP_BRCA1_Terunuma	04_ROBUSTNESS	20260921T103911Z_camp_pair_sensitivity_v1	camp_pair_sensitivity_v1	available_ER	KEGG:C00670	glycerophosphorylcholine (GPC)	GPCPD1	author_case_row	60.0	NA	partial_rank_correlation	-0.5182540367310119	-0.6905563322546765	-0.2904008818749976	0.0001	0.0171	available_ER	171.0	DONE	NA	CAMP_GSE37751_original_author_case_table	KEGG:C00670|GPCPD1	61.0	-0.5152108107796246	0.0001	0.0171	-0.791132433603263	0.0004883731498536	3751102450.0	500.0	NEW_EXCLUDED_CASE_ANALYSIS	1.0000000000000002	-0.0030432259513872	False
BRCA	CAMP_BRCA1_Terunuma	04_ROBUSTNESS	20260921T103911Z_camp_pair_sensitivity_v1	camp_pair_sensitivity_v1	available_ER_PC12	KEGG:C00670	glycerophosphorylcholine (GPC)	GPCPD1	author_case_row	60.0	NA	partial_rank_correlation	-0.4664193906824436	-0.6617916214823132	-0.2359831164438031	0.0003	0.0513	available_ER_PC12	171.0	DONE	NA	CAMP_GSE37751_original_author_case_table	KEGG:C00670|GPCPD1	61.0	-0.4596628214545334	0.0004	0.0342	-0.791132433603263	0.0004883731498536	2226370485.0	500.0	NEW_EXCLUDED_CASE_ANALYSIS	1.77606183259292	-0.0067565692279101	True
BRCA	CAMP_BRCA1_Terunuma	04_ROBUSTNESS	20260921T103911Z_camp_pair_sensitivity_v1	camp_pair_sensitivity_v1	available_ER_MonoEndoFib	KEGG:C00670	glycerophosphorylcholine (GPC)	GPCPD1	author_case_row	60.0	NA	partial_rank_correlation	-0.5287891381554161	-0.7230600657394493	-0.2973654940014473	0.0001	0.0171	available_ER_MonoEndoFib	171.0	DONE	NA	CAMP_GSE37751_original_author_case_table	KEGG:C00670|GPCPD1	61.0	-0.5249905197102464	0.0001	0.0171	-0.791132433603263	0.0004883731498536	82894132.0	500.0	NEW_EXCLUDED_CASE_ANALYSIS	2.5161007870503527	-0.0037986184451697	False
BRCA	CAMP_BRCA1_Terunuma	04_ROBUSTNESS	20260921T103911Z_camp_pair_sensitivity_v1	camp_pair_sensitivity_v1	processed_Spearman	KEGG:C02918	1-methylnicotinamide	NNMT	author_case_row	60.0	NA	Spearman_rho	0.3959988885801612	0.1512563647478483	0.6040509940045382	0.0015	0.0285	processed_Spearman	171.0	DONE	NA	CAMP_GSE37751_original_author_case_table	KEGG:C02918|NNMT	61.0	0.3799048122686408	0.002	0.0418	0.730467367194184	0.0016329810385675	1010810067.0	4000.0	NEW_EXCLUDED_CASE_ANALYSIS	NA	0.0160940763115203	False
BRCA	CAMP_BRCA1_Terunuma	04_ROBUSTNESS	20260921T103911Z_camp_pair_sensitivity_v1	camp_pair_sensitivity_v1	available_Spearman	KEGG:C02918	1-methylnicotinamide	NNMT	author_case_row	60.0	NA	Spearman_rho	0.3959988885801612	0.1488326389309985	0.604799920707949	0.0023	0.04104	available_Spearman	171.0	DONE	NA	CAMP_GSE37751_original_author_case_table	KEGG:C02918|NNMT	61.0	0.3799048122686408	0.0022	0.0418	0.730467367194184	0.0016329810385675	3700938631.0	4000.0	NEW_EXCLUDED_CASE_ANALYSIS	NA	0.0160940763115203	False
BRCA	CAMP_BRCA1_Terunuma	04_ROBUSTNESS	20260921T103911Z_camp_pair_sensitivity_v1	camp_pair_sensitivity_v1	processed_ER	KEGG:C02918	1-methylnicotinamide	NNMT	author_case_row	60.0	NA	partial_rank_correlation	0.4037370603754829	0.1667506669397274	0.5945592728467567	0.002	0.0488571428571428	processed_ER	171.0	DONE	NA	CAMP_GSE37751_original_author_case_table	KEGG:C02918|NNMT	61.0	0.3844277473038987	0.0025	0.0534375	0.730467367194184	0.0016329810385675	2937899497.0	500.0	NEW_EXCLUDED_CASE_ANALYSIS	1.0000000000000002	0.0193093130715842	True
BRCA	CAMP_BRCA1_Terunuma	04_ROBUSTNESS	20260921T103911Z_camp_pair_sensitivity_v1	camp_pair_sensitivity_v1	available_ER	KEGG:C02918	1-methylnicotinamide	NNMT	author_case_row	60.0	NA	partial_rank_correlation	0.4037370603754829	0.1630331359842144	0.6017097621858313	0.0018	0.0439714285714285	available_ER	171.0	DONE	NA	CAMP_GSE37751_original_author_case_table	KEGG:C02918|NNMT	61.0	0.3844277473038987	0.0025	0.0534375	0.730467367194184	0.0016329810385675	1529844403.0	500.0	NEW_EXCLUDED_CASE_ANALYSIS	1.0000000000000002	0.0193093130715842	True
BRCA	CAMP_BRCA1_Terunuma	04_ROBUSTNESS	20260921T103911Z_camp_pair_sensitivity_v1	camp_pair_sensitivity_v1	available_ER_PC12	KEGG:C02918	1-methylnicotinamide	NNMT	author_case_row	60.0	NA	partial_rank_correlation	0.3141243970928685	0.0695043635813631	0.5096360872991561	0.0156	0.2425090909090909	available_ER_PC12	171.0	DONE	NA	CAMP_GSE37751_original_author_case_table	KEGG:C02918|NNMT	61.0	0.2977188642126262	0.022	0.314925	0.730467367194184	0.0016329810385675	1347477766.0	500.0	NEW_EXCLUDED_CASE_ANALYSIS	1.77606183259292	0.0164055328802422	False
BRCA	CAMP_BRCA1_Terunuma	04_ROBUSTNESS	20260921T103911Z_camp_pair_sensitivity_v1	camp_pair_sensitivity_v1	available_ER_MonoEndoFib	KEGG:C02918	1-methylnicotinamide	NNMT	author_case_row	60.0	NA	partial_rank_correlation	0.2518400110523198	-0.0085212611715564	0.4747647380218577	0.0677	0.4823625	available_ER_MonoEndoFib	171.0	DONE	NA	CAMP_GSE37751_original_author_case_table	KEGG:C02918|NNMT	61.0	0.2336794266276177	0.0856	0.5383551724137932	0.730467367194184	0.0016329810385675	1984964760.0	500.0	NEW_EXCLUDED_CASE_ANALYSIS	2.5161007870503527	0.018160584424702	False
BRCA	CAMP_BRCA1_Terunuma	04_ROBUSTNESS	20260921T103911Z_camp_pair_sensitivity_v1	camp_pair_sensitivity_v1	processed_Spearman	KEGG:C05345	fructose-6-phosphate	GPI	author_case_row	60.0	NA	Spearman_rho	0.4553803041326353	0.2306597618354616	0.6182205664637048	0.0004	0.0146571428571428	processed_Spearman	171.0	DONE	NA	CAMP_GSE37751_original_author_case_table	KEGG:C05345|GPI	61.0	0.4561446436492835	0.0004	0.0171	1.37317657315116	6.03258151012159e-08	1078516769.0	4000.0	NEW_EXCLUDED_CASE_ANALYSIS	NA	-0.0007643395166481	False
BRCA	CAMP_BRCA1_Terunuma	04_ROBUSTNESS	20260921T103911Z_camp_pair_sensitivity_v1	camp_pair_sensitivity_v1	available_Spearman	KEGG:C05345	fructose-6-phosphate	GPI	author_case_row	53.0	NA	Spearman_rho	0.4423480083857442	0.1814738833681295	0.6419533577621548	0.0007	0.0219857142857142	available_Spearman	171.0	DONE	NA	CAMP_GSE37751_original_author_case_table	KEGG:C05345|GPI	53.0	0.4423480083857442	0.0007	0.0268714285714285	1.37317657315116	6.03258151012159e-08	3172227468.0	4000.0	REUSED_IDENTICAL_RETAINED_OBSERVATIONS	NA	5.551115123125783e-17	False
BRCA	CAMP_BRCA1_Terunuma	04_ROBUSTNESS	20260921T103911Z_camp_pair_sensitivity_v1	camp_pair_sensitivity_v1	processed_ER	KEGG:C05345	fructose-6-phosphate	GPI	author_case_row	60.0	NA	partial_rank_correlation	0.3873380101664473	0.1748586855807153	0.5661316647918155	0.0028	0.05985	processed_ER	171.0	DONE	NA	CAMP_GSE37751_original_author_case_table	KEGG:C05345|GPI	61.0	0.4041199434748819	0.0007	0.0399	1.37317657315116	6.03258151012159e-08	2208115151.0	500.0	NEW_EXCLUDED_CASE_ANALYSIS	1.0000000000000002	-0.0167819333084345	True
BRCA	CAMP_BRCA1_Terunuma	04_ROBUSTNESS	20260921T103911Z_camp_pair_sensitivity_v1	camp_pair_sensitivity_v1	available_ER	KEGG:C05345	fructose-6-phosphate	GPI	author_case_row	53.0	NA	partial_rank_correlation	0.4286681920976092	0.1631519216859658	0.6255084363133441	0.001	0.03135	available_ER	171.0	DONE	NA	CAMP_GSE37751_original_author_case_table	KEGG:C05345|GPI	53.0	0.4286681920976091	0.001	0.04275	1.37317657315116	6.03258151012159e-08	3317168735.0	500.0	REUSED_IDENTICAL_RETAINED_OBSERVATIONS	1.0000000000000002	1.6653345369377348e-16	False
BRCA	CAMP_BRCA1_Terunuma	04_ROBUSTNESS	20260921T103911Z_camp_pair_sensitivity_v1	camp_pair_sensitivity_v1	available_ER_PC12	KEGG:C05345	fructose-6-phosphate	GPI	author_case_row	53.0	NA	partial_rank_correlation	0.4096132372308688	0.1102095433602508	0.629606738583298	0.0031	0.10602	available_ER_PC12	171.0	DONE	NA	CAMP_GSE37751_original_author_case_table	KEGG:C05345|GPI	53.0	0.4091750375230291	0.0035	0.1368	1.37317657315116	6.03258151012159e-08	2353927088.0	500.0	NEW_EXCLUDED_CASE_ANALYSIS	1.955926198704841	0.0004381997078397	False
BRCA	CAMP_BRCA1_Terunuma	04_ROBUSTNESS	20260921T103911Z_camp_pair_sensitivity_v1	camp_pair_sensitivity_v1	available_ER_MonoEndoFib	KEGG:C05345	fructose-6-phosphate	GPI	author_case_row	53.0	NA	partial_rank_correlation	0.3838560375289466	0.0817653066659911	0.6098280953370699	0.0072	0.24624	available_ER_MonoEndoFib	171.0	DONE	NA	CAMP_GSE37751_original_author_case_table	KEGG:C05345|GPI	53.0	0.3838560375289466	0.0072	0.2931428571428571	1.37317657315116	6.03258151012159e-08	1421100732.0	500.0	REUSED_IDENTICAL_RETAINED_OBSERVATIONS	2.5208401334070056	0.0	False
