source_id	path_or_url	version	sha256
20260920T081200Z_cell_expression35_v2/private_Lee2020_GSE132465_patient_expression.tsv	server165:/public3/xuzx/Cancer/pancancer_metabolomics_direct_matrix_20260716/results/collaborative/COAD/B/20260920T081200Z_cell_expression35_v2/private_Lee2020_GSE132465_patient_expression.tsv	frozen patient aggregate input	95dfabf36aedbd5e8fba0e277becf773a6116c7cbda2aafdbe9cd0f8c5012b00
20260920T072000Z_cell_expression_v1/private_Lee2020_GSE132465_patient_expression.tsv	server165:/public3/xuzx/Cancer/pancancer_metabolomics_direct_matrix_20260716/results/collaborative/COAD/B/20260920T072000Z_cell_expression_v1/private_Lee2020_GSE132465_patient_expression.tsv	frozen patient aggregate input	8ca230b4da27caa24183eac74757bf0af9cc56ece471e85226bec1a4012dac8c
20260920T081200Z_cell_expression35_v2/private_Pelka2021_GSE178341_patient_expression.tsv	server165:/public3/xuzx/Cancer/pancancer_metabolomics_direct_matrix_20260716/results/collaborative/COAD/B/20260920T081200Z_cell_expression35_v2/private_Pelka2021_GSE178341_patient_expression.tsv	frozen patient aggregate input	7220985ece9df73e578e8fab5ec24200815e64896638f60385fb89f5d66c75ba
20260920T072000Z_cell_expression_v1/private_Pelka2021_GSE178341_patient_expression.tsv	server165:/public3/xuzx/Cancer/pancancer_metabolomics_direct_matrix_20260716/results/collaborative/COAD/B/20260920T072000Z_cell_expression_v1/private_Pelka2021_GSE178341_patient_expression.tsv	frozen patient aggregate input	3bd120c4c2363271768bd34ae9c27c094f375c0b5f137b5096c369c6b56c0094
coad_cell_paired35_v1.json	config/coad_cell_paired35_v1.json	exact reused input or executing code	96f2a165b951aa4a9c3152bff23b90aff98fcbc95782ca439496cabc548deb61
nominal39_with_covariates.tsv	results/COAD/04_ROBUSTNESS/20260919T142500Z_covariates_v1/nominal39_with_covariates.tsv	exact reused input or executing code	22393c0d87c8f3c7fff4fb8349c8d4731c15f240d0366b5d58506c4237965650
tumor_lineage_overview.tsv	results/COAD/06_EXTERNAL/20260920T081200Z_cell_expression35_v2/tumor_lineage_overview.tsv	exact reused input or executing code	b97becd20216cf1b3a73d4a6dd3c44d628ebeeb1eb952063f2c6401d50efe710
run_cell_paired35_v1.py	code/coad/run_cell_paired35_v1.py	exact reused input or executing code	f2deb24ada7bd6bbfed802eb498a6e6efc8996945f2f55621da4d3fc564e7ded
integrate_cell_paired35_v1.py	code/coad/integrate_cell_paired35_v1.py	exact reused input or executing code	277cf3e2d69548ef132c240dd25959455d1469a80238c629e3e046502b3d8537
