cancer	cohort	stage_id	run_id	analysis_version	analysis_type	metabolite_key	metabolite_name	gene	unit	n	n_reference	effect_type	effect	ci_lower	ci_upper	p_value	q_value	test_family	family_n_evaluable	status	reason	source_id	n_pairs_total	n_pairs_used	n_nonzero	n_up	n_down	n_equal	up_fraction	down_fraction	mean_delta	median_delta	rank_biserial	n_both_available	missing_rate_tumor	missing_rate_normal	mask_semantics	p_method	zero_method	tie_method	continuity_correction	B	seed	bootstrap_valid	ci_method	ci_estimand	family_n_planned	direction_discordant	evidence_tier	workpool_entry	n_both_preimputation_available	original_camp_g	original_camp_q	same_input_reused	q_original	p_original	reused_from	statistics_reused	bootstrap_B	marginal_mask_status
PDAC	CAMP_PDAC_GSE62452	01_CAMP	20260922T121000Z_sop_v3_discovery_complete	PDAC_CAMP_source_SOP_v3	primary	HMDB:HMDB07098	1,2-dipalmitoylglycerol	NA	author_confirmed_patient_pair	11	11	paired_mean_tumor_minus_normal_author_processed_scale	-2.2415684744905096	-3.7633507682291567	-0.7566564424445462	0.0390625	0.25783203125	METAB_PAIRED_PRIMARY	307	DONE	Exact same input/effect/P/CI reused;BH over evaluable;availability fractions verified on server	CAMP_mapping_plus_GSE62452_author_pair_table	11	11	9	2	7	2	0.1818181818181818	0.6363636363636364	-2.2415684744905096	-2.744838327735099	-0.7777777777777778	5	0.5454545454545454	0.1818181818181818	author_available_value_mask;not_mass_spectrometry_detection	exact_signed_rank_sign_enumeration	wilcox	average_ranks	False	0	1760523389	10000.0	historical_10000_pair_percentile_bootstrap_reused	mean_delta	307	False	NOMINAL_EXPLORATORY	True	5	-0.822478355429891	0.116290740921795	False	0.25783203125	0.0390625	results/PDAC/04_ROBUSTNESS/20260921T121509Z_paired_metabolites_v1	True	10000	DONE_SERVER_SOURCE_CHECKED
PDAC	CAMP_PDAC_GSE62452	01_CAMP	20260922T121000Z_sop_v3_discovery_complete	PDAC_CAMP_source_SOP_v3	primary	KEGG:C00184	1,3-dihydroxyacetone	NA	author_confirmed_patient_pair	11	11	paired_mean_tumor_minus_normal_author_processed_scale	0.8732457510846998	0.2478146106800346	1.5133682229827563	0.02734375	0.25783203125	METAB_PAIRED_PRIMARY	307	DONE	Exact same input/effect/P/CI reused;BH over evaluable;availability fractions verified on server	CAMP_mapping_plus_GSE62452_author_pair_table	11	11	9	8	1	2	0.7272727272727273	0.0909090909090909	0.8732457510846998	0.564789399780599	0.8222222222222222	4	0.2727272727272727	0.5454545454545454	author_available_value_mask;not_mass_spectrometry_detection	exact_signed_rank_sign_enumeration	wilcox	average_ranks	False	0	132299585	10000.0	historical_10000_pair_percentile_bootstrap_reused	mean_delta	307	False	NOMINAL_EXPLORATORY	True	4	0.84453497874925	0.0813113981805886	False	0.25783203125	0.02734375	results/PDAC/04_ROBUSTNESS/20260921T121509Z_paired_metabolites_v1	True	10000	DONE_SERVER_SOURCE_CHECKED
PDAC	CAMP_PDAC_GSE62452	01_CAMP	20260922T121000Z_sop_v3_discovery_complete	PDAC_CAMP_source_SOP_v3	primary	NAME:1-myristoylglycerol (14:0)	1-myristoylglycerol (14:0)	NA	author_confirmed_patient_pair	11	11	paired_mean_tumor_minus_normal_author_processed_scale	-2.833821594929792	-4.209011097583154	-1.5055096933735466	0.005859375	0.1748860677083333	METAB_PAIRED_PRIMARY	307	DONE	Exact same input/effect/P/CI reused;BH over evaluable;availability fractions verified on server	CAMP_mapping_plus_GSE62452_author_pair_table	11	11	10	1	9	1	0.0909090909090909	0.8181818181818182	-2.833821594929792	-3.3064235834091	-0.9272727272727272	7	0.3636363636363636	0.0909090909090909	author_available_value_mask;not_mass_spectrometry_detection	exact_signed_rank_sign_enumeration	wilcox	average_ranks	False	0	1188547143	10000.0	historical_10000_pair_percentile_bootstrap_reused	mean_delta	307	False	NOMINAL_EXPLORATORY	True	7	NA	NA	False	0.1748860677083333	0.005859375	results/PDAC/04_ROBUSTNESS/20260921T121509Z_paired_metabolites_v1	True	10000	DONE_SERVER_SOURCE_CHECKED
PDAC	CAMP_PDAC_GSE62452	01_CAMP	20260922T121000Z_sop_v3_discovery_complete	PDAC_CAMP_source_SOP_v3	primary	NAME:1-oleoylglycerol (1-monoolein)	1-oleoylglycerol (1-monoolein)	NA	author_confirmed_patient_pair	11	11	paired_mean_tumor_minus_normal_author_processed_scale	-3.077376633522801	-4.804706039388832	-1.4613788844872535	0.005859375	0.1748860677083333	METAB_PAIRED_PRIMARY	307	DONE	Exact same input/effect/P/CI reused;BH over evaluable;availability fractions verified on server	CAMP_mapping_plus_GSE62452_author_pair_table	11	11	10	1	9	1	0.0909090909090909	0.8181818181818182	-3.077376633522801	-3.2559873925773	-0.9272727272727272	8	0.2727272727272727	0.0909090909090909	author_available_value_mask;not_mass_spectrometry_detection	exact_signed_rank_sign_enumeration	wilcox	average_ranks	False	0	4270035581	10000.0	historical_10000_pair_percentile_bootstrap_reused	mean_delta	307	False	NOMINAL_EXPLORATORY	True	8	NA	NA	False	0.1748860677083333	0.005859375	results/PDAC/04_ROBUSTNESS/20260921T121509Z_paired_metabolites_v1	True	10000	DONE_SERVER_SOURCE_CHECKED
PDAC	CAMP_PDAC_GSE62452	01_CAMP	20260922T121000Z_sop_v3_discovery_complete	PDAC_CAMP_source_SOP_v3	primary	NAME:1-pentadecanoylglycerol (1-monopentadecanoin)	1-pentadecanoylglycerol (1-monopentadecanoin)	NA	author_confirmed_patient_pair	11	11	paired_mean_tumor_minus_normal_author_processed_scale	-1.6184549849957726	-2.5182066224810464	-0.7531288282784525	0.015625	0.228422619047619	METAB_PAIRED_PRIMARY	307	DONE	Exact same input/effect/P/CI reused;BH over evaluable;availability fractions verified on server	CAMP_mapping_plus_GSE62452_author_pair_table	11	11	8	1	7	3	0.0909090909090909	0.6363636363636364	-1.6184549849957726	-1.5179364733764	-0.9444444444444444	3	0.7272727272727273	0.1818181818181818	author_available_value_mask;not_mass_spectrometry_detection	exact_signed_rank_sign_enumeration	wilcox	average_ranks	False	0	3273280424	10000.0	historical_10000_pair_percentile_bootstrap_reused	mean_delta	307	False	NOMINAL_EXPLORATORY	True	3	-0.870616216420273	0.0393227498525208	False	0.228422619047619	0.015625	results/PDAC/04_ROBUSTNESS/20260921T121509Z_paired_metabolites_v1	True	10000	DONE_SERVER_SOURCE_CHECKED
PDAC	CAMP_PDAC_GSE62452	01_CAMP	20260922T121000Z_sop_v3_discovery_complete	PDAC_CAMP_source_SOP_v3	primary	KEGG:D01947	1-stearoylglycerol (18:0)	NA	author_confirmed_patient_pair	11	11	paired_mean_tumor_minus_normal_author_processed_scale	-1.8466279788071724	-2.750710390124304	-0.9032119023361754	0.009765625	0.1873779296875	METAB_PAIRED_PRIMARY	307	DONE	Exact same input/effect/P/CI reused;BH over evaluable;availability fractions verified on server	CAMP_mapping_plus_GSE62452_author_pair_table	11	11	11	2	9	0	0.1818181818181818	0.8181818181818182	-1.8466279788071724	-1.9642195462842016	-0.8484848484848485	11	0.0	0.0	author_available_value_mask;not_mass_spectrometry_detection	exact_signed_rank_sign_enumeration	wilcox	average_ranks	False	0	1418620648	10000.0	historical_10000_pair_percentile_bootstrap_reused	mean_delta	307	False	NOMINAL_EXPLORATORY	True	11	-1.19552817414463	0.038488432104132	False	0.1873779296875	0.009765625	results/PDAC/04_ROBUSTNESS/20260921T121509Z_paired_metabolites_v1	True	10000	DONE_SERVER_SOURCE_CHECKED
PDAC	CAMP_PDAC_GSE62452	01_CAMP	20260922T121000Z_sop_v3_discovery_complete	PDAC_CAMP_source_SOP_v3	primary	KEGG:C00239	2'-deoxycytidine 5'-monophosphate	NA	author_confirmed_patient_pair	11	11	paired_mean_tumor_minus_normal_author_processed_scale	-0.9746395451558908	-1.530332407579462	-0.4299011836834485	0.013671875	0.2209087171052631	METAB_PAIRED_PRIMARY	307	DONE	Exact same input/effect/P/CI reused;BH over evaluable;availability fractions verified on server	CAMP_mapping_plus_GSE62452_author_pair_table	11	11	10	2	8	1	0.1818181818181818	0.7272727272727273	-0.9746395451558908	-0.9902068556882996	-0.8545454545454545	7	0.3636363636363636	0.0909090909090909	author_available_value_mask;not_mass_spectrometry_detection	exact_signed_rank_sign_enumeration	wilcox	average_ranks	False	0	2782211989	10000.0	historical_10000_pair_percentile_bootstrap_reused	mean_delta	307	False	NOMINAL_EXPLORATORY	True	7	-1.43991813923639	0.0204595468994069	False	0.2209087171052631	0.013671875	results/PDAC/04_ROBUSTNESS/20260921T121509Z_paired_metabolites_v1	True	10000	DONE_SERVER_SOURCE_CHECKED
PDAC	CAMP_PDAC_GSE62452	01_CAMP	20260922T121000Z_sop_v3_discovery_complete	PDAC_CAMP_source_SOP_v3	primary	KEGG:C00330	2'-deoxyguanosine	NA	author_confirmed_patient_pair	11	11	paired_mean_tumor_minus_normal_author_processed_scale	-1.4464103636522998	-2.589252531865018	-0.457292686187476	0.0244140625	0.25783203125	METAB_PAIRED_PRIMARY	307	DONE	Exact same input/effect/P/CI reused;BH over evaluable;availability fractions verified on server	CAMP_mapping_plus_GSE62452_author_pair_table	11	11	11	3	8	0	0.2727272727272727	0.7272727272727273	-1.4464103636522998	-1.0002807216405003	-0.7575757575757576	10	0.0909090909090909	0.0	author_available_value_mask;not_mass_spectrometry_detection	exact_signed_rank_sign_enumeration	wilcox	average_ranks	False	0	2107479107	10000.0	historical_10000_pair_percentile_bootstrap_reused	mean_delta	307	False	NOMINAL_EXPLORATORY	True	10	-1.43159599472359	0.0204595468994069	False	0.25783203125	0.0244140625	results/PDAC/04_ROBUSTNESS/20260921T121509Z_paired_metabolites_v1	True	10000	DONE_SERVER_SOURCE_CHECKED
PDAC	CAMP_PDAC_GSE62452	01_CAMP	20260922T121000Z_sop_v3_discovery_complete	PDAC_CAMP_source_SOP_v3	primary	KEGG:C05512	2'-deoxyinosine	NA	author_confirmed_patient_pair	11	11	paired_mean_tumor_minus_normal_author_processed_scale	-1.145477696042027	-1.9375366188589944	-0.4188116260772939	0.0185546875	0.247664741847826	METAB_PAIRED_PRIMARY	307	DONE	Exact same input/effect/P/CI reused;BH over evaluable;availability fractions verified on server	CAMP_mapping_plus_GSE62452_author_pair_table	11	11	11	2	9	0	0.1818181818181818	0.8181818181818182	-1.145477696042027	-0.9639670184912	-0.7878787878787878	11	0.0	0.0	author_available_value_mask;not_mass_spectrometry_detection	exact_signed_rank_sign_enumeration	wilcox	average_ranks	False	0	494074191	10000.0	historical_10000_pair_percentile_bootstrap_reused	mean_delta	307	False	NOMINAL_EXPLORATORY	True	11	-1.38035877297381	0.0204595468994069	False	0.247664741847826	0.0185546875	results/PDAC/04_ROBUSTNESS/20260921T121509Z_paired_metabolites_v1	True	10000	DONE_SERVER_SOURCE_CHECKED
PDAC	CAMP_PDAC_GSE62452	01_CAMP	20260922T121000Z_sop_v3_discovery_complete	PDAC_CAMP_source_SOP_v3	primary	HMDB:HMDB31057	2-hydroxypalmitate	NA	author_confirmed_patient_pair	11	11	paired_mean_tumor_minus_normal_author_processed_scale	0.7075551543018451	0.1855754379230983	1.3033288638746263	0.0322265625	0.25783203125	METAB_PAIRED_PRIMARY	307	DONE	Exact same input/effect/P/CI reused;BH over evaluable;availability fractions verified on server	CAMP_mapping_plus_GSE62452_author_pair_table	11	11	11	8	3	0	0.7272727272727273	0.2727272727272727	0.7075551543018451	0.5447343852016004	0.7272727272727273	11	0.0	0.0	author_available_value_mask;not_mass_spectrometry_detection	exact_signed_rank_sign_enumeration	wilcox	average_ranks	False	0	4018107417	10000.0	historical_10000_pair_percentile_bootstrap_reused	mean_delta	307	False	NOMINAL_EXPLORATORY	True	11	0.651271586904154	0.165375201933142	False	0.25783203125	0.0322265625	results/PDAC/04_ROBUSTNESS/20260921T121509Z_paired_metabolites_v1	True	10000	DONE_SERVER_SOURCE_CHECKED
PDAC	CAMP_PDAC_GSE62452	01_CAMP	20260922T121000Z_sop_v3_discovery_complete	PDAC_CAMP_source_SOP_v3	primary	HMDB:HMDB11538	2-linoleoylglycerol (2-monolinolein)	NA	author_confirmed_patient_pair	11	11	paired_mean_tumor_minus_normal_author_processed_scale	-2.8527992103652084	-4.425679768840522	-1.2788980454420174	0.009765625	0.1873779296875	METAB_PAIRED_PRIMARY	307	DONE	Exact same input/effect/P/CI reused;BH over evaluable;availability fractions verified on server	CAMP_mapping_plus_GSE62452_author_pair_table	11	11	10	1	9	1	0.0909090909090909	0.8181818181818182	-2.8527992103652084	-2.130483709791699	-0.8909090909090909	5	0.5454545454545454	0.0909090909090909	author_available_value_mask;not_mass_spectrometry_detection	exact_signed_rank_sign_enumeration	wilcox	average_ranks	False	0	3028256985	10000.0	historical_10000_pair_percentile_bootstrap_reused	mean_delta	307	False	NOMINAL_EXPLORATORY	True	5	-0.929421885080316	0.038488432104132	False	0.1873779296875	0.009765625	results/PDAC/04_ROBUSTNESS/20260921T121509Z_paired_metabolites_v1	True	10000	DONE_SERVER_SOURCE_CHECKED
PDAC	CAMP_PDAC_GSE62452	01_CAMP	20260922T121000Z_sop_v3_discovery_complete	PDAC_CAMP_source_SOP_v3	primary	NAME:2-myristoylglycerol (2-monomyristin)	2-myristoylglycerol (2-monomyristin)	NA	author_confirmed_patient_pair	11	11	paired_mean_tumor_minus_normal_author_processed_scale	-1.509392448693191	-2.597521787375563	-0.4841004219673603	0.0390625	0.25783203125	METAB_PAIRED_PRIMARY	307	DONE	Exact same input/effect/P/CI reused;BH over evaluable;availability fractions verified on server	CAMP_mapping_plus_GSE62452_author_pair_table	11	11	8	1	7	3	0.0909090909090909	0.6363636363636364	-1.509392448693191	-0.9481752504472	-0.8333333333333334	4	0.6363636363636364	0.1818181818181818	author_available_value_mask;not_mass_spectrometry_detection	exact_signed_rank_sign_enumeration	wilcox	average_ranks	False	0	3462733479	10000.0	historical_10000_pair_percentile_bootstrap_reused	mean_delta	307	False	NOMINAL_EXPLORATORY	True	4	-0.827377634666605	0.0429368517077875	False	0.25783203125	0.0390625	results/PDAC/04_ROBUSTNESS/20260921T121509Z_paired_metabolites_v1	True	10000	DONE_SERVER_SOURCE_CHECKED
PDAC	CAMP_PDAC_GSE62452	01_CAMP	20260922T121000Z_sop_v3_discovery_complete	PDAC_CAMP_source_SOP_v3	primary	NAME:2-oleoylglycerol (2-monoolein)	2-oleoylglycerol (2-monoolein)	NA	author_confirmed_patient_pair	11	11	paired_mean_tumor_minus_normal_author_processed_scale	-2.4045744466111545	-3.825139978408029	-0.96951613012392	0.013671875	0.2209087171052631	METAB_PAIRED_PRIMARY	307	DONE	Exact same input/effect/P/CI reused;BH over evaluable;availability fractions verified on server	CAMP_mapping_plus_GSE62452_author_pair_table	11	11	10	1	9	1	0.0909090909090909	0.8181818181818182	-2.4045744466111545	-2.587677727279601	-0.8545454545454545	5	0.5454545454545454	0.0909090909090909	author_available_value_mask;not_mass_spectrometry_detection	exact_signed_rank_sign_enumeration	wilcox	average_ranks	False	0	459254222	10000.0	historical_10000_pair_percentile_bootstrap_reused	mean_delta	307	False	NOMINAL_EXPLORATORY	True	5	-0.949440922097222	0.038488432104132	False	0.2209087171052631	0.013671875	results/PDAC/04_ROBUSTNESS/20260921T121509Z_paired_metabolites_v1	True	10000	DONE_SERVER_SOURCE_CHECKED
PDAC	CAMP_PDAC_GSE62452	01_CAMP	20260922T121000Z_sop_v3_discovery_complete	PDAC_CAMP_source_SOP_v3	primary	HMDB:HMDB11533	2-palmitoylglycerol (16:0)	NA	author_confirmed_patient_pair	11	11	paired_mean_tumor_minus_normal_author_processed_scale	-2.41354784096831	-3.6828054088040303	-1.3635604342298064	0.001953125	0.1748860677083333	METAB_PAIRED_PRIMARY	307	DONE	Exact same input/effect/P/CI reused;BH over evaluable;availability fractions verified on server	CAMP_mapping_plus_GSE62452_author_pair_table	11	11	11	1	10	0	0.0909090909090909	0.9090909090909092	-2.41354784096831	-2.4780835061038005	-0.9696969696969696	9	0.1818181818181818	0.0	author_available_value_mask;not_mass_spectrometry_detection	exact_signed_rank_sign_enumeration	wilcox	average_ranks	False	0	2122653861	10000.0	historical_10000_pair_percentile_bootstrap_reused	mean_delta	307	False	NOMINAL_EXPLORATORY	True	9	-1.16446341254789	0.038488432104132	False	0.1748860677083333	0.001953125	results/PDAC/04_ROBUSTNESS/20260921T121509Z_paired_metabolites_v1	True	10000	DONE_SERVER_SOURCE_CHECKED
PDAC	CAMP_PDAC_GSE62452	01_CAMP	20260922T121000Z_sop_v3_discovery_complete	PDAC_CAMP_source_SOP_v3	primary	NAME:2-stearoylglycerol (2-monostearin)	2-stearoylglycerol (2-monostearin)	NA	author_confirmed_patient_pair	11	11	paired_mean_tumor_minus_normal_author_processed_scale	-1.3590386879199998	-2.318481115071442	-0.5273209254972909	0.01171875	0.2116268382352941	METAB_PAIRED_PRIMARY	307	DONE	Exact same input/effect/P/CI reused;BH over evaluable;availability fractions verified on server	CAMP_mapping_plus_GSE62452_author_pair_table	11	11	9	1	8	2	0.0909090909090909	0.7272727272727273	-1.3590386879199998	-1.3556104233613002	-0.9111111111111112	6	0.4545454545454545	0.1818181818181818	author_available_value_mask;not_mass_spectrometry_detection	exact_signed_rank_sign_enumeration	wilcox	average_ranks	False	0	967877988	10000.0	historical_10000_pair_percentile_bootstrap_reused	mean_delta	307	False	NOMINAL_EXPLORATORY	True	6	-1.05559683069442	0.0393227498525208	False	0.2116268382352941	0.01171875	results/PDAC/04_ROBUSTNESS/20260921T121509Z_paired_metabolites_v1	True	10000	DONE_SERVER_SOURCE_CHECKED
PDAC	CAMP_PDAC_GSE62452	01_CAMP	20260922T121000Z_sop_v3_discovery_complete	PDAC_CAMP_source_SOP_v3	primary	KEGG:C00989	4-hydroxybutyrate (GHB)	NA	author_confirmed_patient_pair	11	11	paired_mean_tumor_minus_normal_author_processed_scale	-0.7218749047144364	-1.2430849170743086	-0.2094961635788171	0.0390625	0.25783203125	METAB_PAIRED_PRIMARY	307	DONE	Exact same input/effect/P/CI reused;BH over evaluable;availability fractions verified on server	CAMP_mapping_plus_GSE62452_author_pair_table	11	11	8	2	6	3	0.1818181818181818	0.5454545454545454	-0.7218749047144364	-1.001541736676499	-0.8333333333333334	3	0.7272727272727273	0.1818181818181818	author_available_value_mask;not_mass_spectrometry_detection	exact_signed_rank_sign_enumeration	wilcox	average_ranks	False	0	2760446067	10000.0	historical_10000_pair_percentile_bootstrap_reused	mean_delta	307	False	NOMINAL_EXPLORATORY	True	3	-0.904158817335611	0.0696770012219702	False	0.25783203125	0.0390625	results/PDAC/04_ROBUSTNESS/20260921T121509Z_paired_metabolites_v1	True	10000	DONE_SERVER_SOURCE_CHECKED
PDAC	CAMP_PDAC_GSE62452	01_CAMP	20260922T121000Z_sop_v3_discovery_complete	PDAC_CAMP_source_SOP_v3	primary	NAME:C-glycosyltryptophan	C-glycosyltryptophan	NA	author_confirmed_patient_pair	11	11	paired_mean_tumor_minus_normal_author_processed_scale	0.8602223978081999	0.4114252976974584	1.3413924168544853	0.0048828125	0.1748860677083333	METAB_PAIRED_PRIMARY	307	DONE	Exact same input/effect/P/CI reused;BH over evaluable;availability fractions verified on server	CAMP_mapping_plus_GSE62452_author_pair_table	11	11	11	9	2	0	0.8181818181818182	0.1818181818181818	0.8602223978081999	0.8158947045255012	0.9090909090909092	11	0.0	0.0	author_available_value_mask;not_mass_spectrometry_detection	exact_signed_rank_sign_enumeration	wilcox	average_ranks	False	0	201667760	10000.0	historical_10000_pair_percentile_bootstrap_reused	mean_delta	307	False	NOMINAL_EXPLORATORY	True	11	1.29469451290088	0.038488432104132	False	0.1748860677083333	0.0048828125	results/PDAC/04_ROBUSTNESS/20260921T121509Z_paired_metabolites_v1	True	10000	DONE_SERVER_SOURCE_CHECKED
PDAC	CAMP_PDAC_GSE62452	01_CAMP	20260922T121000Z_sop_v3_discovery_complete	PDAC_CAMP_source_SOP_v3	primary	KEGG:C00021	S-adenosylhomocysteine (SAH)	NA	author_confirmed_patient_pair	11	11	paired_mean_tumor_minus_normal_author_processed_scale	-0.8898917571453091	-1.6533897509631794	-0.1869238514746453	0.0419921875	0.25783203125	METAB_PAIRED_PRIMARY	307	DONE	Exact same input/effect/P/CI reused;BH over evaluable;availability fractions verified on server	CAMP_mapping_plus_GSE62452_author_pair_table	11	11	11	2	9	0	0.1818181818181818	0.8181818181818182	-0.8898917571453091	-1.0120207361545006	-0.696969696969697	9	0.1818181818181818	0.0	author_available_value_mask;not_mass_spectrometry_detection	exact_signed_rank_sign_enumeration	wilcox	average_ranks	False	0	1062407525	10000.0	historical_10000_pair_percentile_bootstrap_reused	mean_delta	307	False	NOMINAL_EXPLORATORY	True	9	-0.373229048972083	0.458392588054548	False	0.25783203125	0.0419921875	results/PDAC/04_ROBUSTNESS/20260921T121509Z_paired_metabolites_v1	True	10000	DONE_SERVER_SOURCE_CHECKED
PDAC	CAMP_PDAC_GSE62452	01_CAMP	20260922T121000Z_sop_v3_discovery_complete	PDAC_CAMP_source_SOP_v3	primary	KEGG:C00026	alpha-ketoglutarate	NA	author_confirmed_patient_pair	11	11	paired_mean_tumor_minus_normal_author_processed_scale	0.8541582312671454	0.2388343879337454	1.4639442067068074	0.03125	0.25783203125	METAB_PAIRED_PRIMARY	307	DONE	Exact same input/effect/P/CI reused;BH over evaluable;availability fractions verified on server	CAMP_mapping_plus_GSE62452_author_pair_table	11	11	7	6	1	4	0.5454545454545454	0.0909090909090909	0.8541582312671454	1.223611766864499	0.9285714285714286	4	0.3636363636363636	0.6363636363636364	author_available_value_mask;not_mass_spectrometry_detection	exact_signed_rank_sign_enumeration	wilcox	average_ranks	False	0	1674338848	10000.0	historical_10000_pair_percentile_bootstrap_reused	mean_delta	307	False	NOMINAL_EXPLORATORY	True	4	0.575483713252453	0.378371843032888	False	0.25783203125	0.03125	results/PDAC/04_ROBUSTNESS/20260921T121509Z_paired_metabolites_v1	True	10000	DONE_SERVER_SOURCE_CHECKED
PDAC	CAMP_PDAC_GSE62452	01_CAMP	20260922T121000Z_sop_v3_discovery_complete	PDAC_CAMP_source_SOP_v3	primary	HMDB:HMDB00706	aspartylphenylalanine	NA	author_confirmed_patient_pair	11	11	paired_mean_tumor_minus_normal_author_processed_scale	-1.1105168187987997	-1.7866036846192923	-0.4898430076873351	0.0068359375	0.1748860677083333	METAB_PAIRED_PRIMARY	307	DONE	Exact same input/effect/P/CI reused;BH over evaluable;availability fractions verified on server	CAMP_mapping_plus_GSE62452_author_pair_table	11	11	11	2	9	0	0.1818181818181818	0.8181818181818182	-1.1105168187987997	-0.7455904226240975	-0.8787878787878788	10	0.0909090909090909	0.0	author_available_value_mask;not_mass_spectrometry_detection	exact_signed_rank_sign_enumeration	wilcox	average_ranks	False	0	2808424706	10000.0	historical_10000_pair_percentile_bootstrap_reused	mean_delta	307	False	NOMINAL_EXPLORATORY	True	10	-1.06654475382156	0.0393227498525208	False	0.1748860677083333	0.0068359375	results/PDAC/04_ROBUSTNESS/20260921T121509Z_paired_metabolites_v1	True	10000	DONE_SERVER_SOURCE_CHECKED
PDAC	CAMP_PDAC_GSE62452	01_CAMP	20260922T121000Z_sop_v3_discovery_complete	PDAC_CAMP_source_SOP_v3	primary	KEGG:C02862	butyrylcarnitine	NA	author_confirmed_patient_pair	11	11	paired_mean_tumor_minus_normal_author_processed_scale	1.3566783604311905	0.4742672158907177	2.242482678376085	0.0244140625	0.25783203125	METAB_PAIRED_PRIMARY	307	DONE	Exact same input/effect/P/CI reused;BH over evaluable;availability fractions verified on server	CAMP_mapping_plus_GSE62452_author_pair_table	11	11	11	8	3	0	0.7272727272727273	0.2727272727272727	1.3566783604311905	1.376759532721998	0.7575757575757576	10	0.0909090909090909	0.0	author_available_value_mask;not_mass_spectrometry_detection	exact_signed_rank_sign_enumeration	wilcox	average_ranks	False	0	658568537	10000.0	historical_10000_pair_percentile_bootstrap_reused	mean_delta	307	False	NOMINAL_EXPLORATORY	True	10	1.11130001277768	0.0429368517077875	False	0.25783203125	0.0244140625	results/PDAC/04_ROBUSTNESS/20260921T121509Z_paired_metabolites_v1	True	10000	DONE_SERVER_SOURCE_CHECKED
PDAC	CAMP_PDAC_GSE62452	01_CAMP	20260922T121000Z_sop_v3_discovery_complete	PDAC_CAMP_source_SOP_v3	primary	KEGG:C01571	caprate (10:0)	NA	author_confirmed_patient_pair	11	11	paired_mean_tumor_minus_normal_author_processed_scale	-1.1218257113856005	-2.041563253270258	-0.3099204873870277	0.0244140625	0.25783203125	METAB_PAIRED_PRIMARY	307	DONE	Exact same input/effect/P/CI reused;BH over evaluable;availability fractions verified on server	CAMP_mapping_plus_GSE62452_author_pair_table	11	11	11	2	9	0	0.1818181818181818	0.8181818181818182	-1.1218257113856005	-0.4136175410157001	-0.7575757575757576	11	0.0	0.0	author_available_value_mask;not_mass_spectrometry_detection	exact_signed_rank_sign_enumeration	wilcox	average_ranks	False	0	3191548635	10000.0	historical_10000_pair_percentile_bootstrap_reused	mean_delta	307	False	NOMINAL_EXPLORATORY	True	11	-1.01824223656389	0.229635026580984	False	0.25783203125	0.0244140625	results/PDAC/04_ROBUSTNESS/20260921T121509Z_paired_metabolites_v1	True	10000	DONE_SERVER_SOURCE_CHECKED
PDAC	CAMP_PDAC_GSE62452	01_CAMP	20260922T121000Z_sop_v3_discovery_complete	PDAC_CAMP_source_SOP_v3	primary	KEGG:C01181	deoxycarnitine	NA	author_confirmed_patient_pair	11	11	paired_mean_tumor_minus_normal_author_processed_scale	-0.5276111548874095	-0.9739857027781827	0.014716470343028	0.0419921875	0.25783203125	METAB_PAIRED_PRIMARY	307	DONE	Exact same input/effect/P/CI reused;BH over evaluable;availability fractions verified on server	CAMP_mapping_plus_GSE62452_author_pair_table	11	11	11	1	10	0	0.0909090909090909	0.9090909090909092	-0.5276111548874095	-0.4521995113667998	-0.696969696969697	11	0.0	0.0	author_available_value_mask;not_mass_spectrometry_detection	exact_signed_rank_sign_enumeration	wilcox	average_ranks	False	0	1009728924	10000.0	historical_10000_pair_percentile_bootstrap_reused	mean_delta	307	False	NOMINAL_EXPLORATORY	True	11	-0.511617588530343	0.359613797134324	False	0.25783203125	0.0419921875	results/PDAC/04_ROBUSTNESS/20260921T121509Z_paired_metabolites_v1	True	10000	DONE_SERVER_SOURCE_CHECKED
PDAC	CAMP_PDAC_GSE62452	01_CAMP	20260922T121000Z_sop_v3_discovery_complete	PDAC_CAMP_source_SOP_v3	primary	KEGG:C00334	gamma-aminobutyrate (GABA)	NA	author_confirmed_patient_pair	11	11	paired_mean_tumor_minus_normal_author_processed_scale	-1.3158585285507451	-2.151767480423128	-0.3576572758434213	0.0322265625	0.25783203125	METAB_PAIRED_PRIMARY	307	DONE	Exact same input/effect/P/CI reused;BH over evaluable;availability fractions verified on server	CAMP_mapping_plus_GSE62452_author_pair_table	11	11	11	1	10	0	0.0909090909090909	0.9090909090909092	-1.3158585285507451	-1.3994431405170005	-0.7272727272727273	7	0.2727272727272727	0.0909090909090909	author_available_value_mask;not_mass_spectrometry_detection	exact_signed_rank_sign_enumeration	wilcox	average_ranks	False	0	3008685227	10000.0	historical_10000_pair_percentile_bootstrap_reused	mean_delta	307	False	NOMINAL_EXPLORATORY	True	7	-0.653899800003817	0.140080133589972	False	0.25783203125	0.0322265625	results/PDAC/04_ROBUSTNESS/20260921T121509Z_paired_metabolites_v1	True	10000	DONE_SERVER_SOURCE_CHECKED
PDAC	CAMP_PDAC_GSE62452	01_CAMP	20260922T121000Z_sop_v3_discovery_complete	PDAC_CAMP_source_SOP_v3	primary	HMDB:HMDB11741	gamma-glutamyltyrosine	NA	author_confirmed_patient_pair	11	11	paired_mean_tumor_minus_normal_author_processed_scale	0.6321279690404089	0.3129925911594725	0.960759023812822	0.0078125	0.1844951923076923	METAB_PAIRED_PRIMARY	307	DONE	Exact same input/effect/P/CI reused;BH over evaluable;availability fractions verified on server	CAMP_mapping_plus_GSE62452_author_pair_table	11	11	9	8	1	2	0.7272727272727273	0.0909090909090909	0.6321279690404089	0.5367968404561996	0.9555555555555556	5	0.1818181818181818	0.5454545454545454	author_available_value_mask;not_mass_spectrometry_detection	exact_signed_rank_sign_enumeration	wilcox	average_ranks	False	0	441294225	10000.0	historical_10000_pair_percentile_bootstrap_reused	mean_delta	307	False	NOMINAL_EXPLORATORY	True	5	0.998255985859508	0.0393227498525208	False	0.1844951923076923	0.0078125	results/PDAC/04_ROBUSTNESS/20260921T121509Z_paired_metabolites_v1	True	10000	DONE_SERVER_SOURCE_CHECKED
PDAC	CAMP_PDAC_GSE62452	01_CAMP	20260922T121000Z_sop_v3_discovery_complete	PDAC_CAMP_source_SOP_v3	primary	KEGG:C00116	glycerol	NA	author_confirmed_patient_pair	11	11	paired_mean_tumor_minus_normal_author_processed_scale	-1.2643868591440273	-2.118978447294964	-0.3696063318439024	0.0419921875	0.25783203125	METAB_PAIRED_PRIMARY	307	DONE	Exact same input/effect/P/CI reused;BH over evaluable;availability fractions verified on server	CAMP_mapping_plus_GSE62452_author_pair_table	11	11	11	3	8	0	0.2727272727272727	0.7272727272727273	-1.2643868591440273	-1.4206401134026976	-0.696969696969697	11	0.0	0.0	author_available_value_mask;not_mass_spectrometry_detection	exact_signed_rank_sign_enumeration	wilcox	average_ranks	False	0	94209328	10000.0	historical_10000_pair_percentile_bootstrap_reused	mean_delta	307	False	NOMINAL_EXPLORATORY	True	11	-1.1101312740916	0.0494122097019537	False	0.25783203125	0.0419921875	results/PDAC/04_ROBUSTNESS/20260921T121509Z_paired_metabolites_v1	True	10000	DONE_SERVER_SOURCE_CHECKED
PDAC	CAMP_PDAC_GSE62452	01_CAMP	20260922T121000Z_sop_v3_discovery_complete	PDAC_CAMP_source_SOP_v3	primary	KEGG:C00670	glycerophosphorylcholine (GPC)	NA	author_confirmed_patient_pair	11	11	paired_mean_tumor_minus_normal_author_processed_scale	-1.229242397986627	-2.252908987680006	-0.3437098758776712	0.0322265625	0.25783203125	METAB_PAIRED_PRIMARY	307	DONE	Exact same input/effect/P/CI reused;BH over evaluable;availability fractions verified on server	CAMP_mapping_plus_GSE62452_author_pair_table	11	11	11	3	8	0	0.2727272727272727	0.7272727272727273	-1.229242397986627	-1.0212933500888006	-0.7272727272727273	11	0.0	0.0	author_available_value_mask;not_mass_spectrometry_detection	exact_signed_rank_sign_enumeration	wilcox	average_ranks	False	0	2123860233	10000.0	historical_10000_pair_percentile_bootstrap_reused	mean_delta	307	False	NOMINAL_EXPLORATORY	True	11	-1.00315352416648	0.0429368517077875	False	0.25783203125	0.0322265625	results/PDAC/04_ROBUSTNESS/20260921T121509Z_paired_metabolites_v1	True	10000	DONE_SERVER_SOURCE_CHECKED
PDAC	CAMP_PDAC_GSE62452	01_CAMP	20260922T121000Z_sop_v3_discovery_complete	PDAC_CAMP_source_SOP_v3	primary	HMDB:HMDB0028844	glycylisoleucine	NA	author_confirmed_patient_pair	11	11	paired_mean_tumor_minus_normal_author_processed_scale	-1.419311214537491	-2.5714109068114395	-0.3442006383897742	0.048828125	0.2939261642156863	METAB_PAIRED_PRIMARY	307	DONE	Exact same input/effect/P/CI reused;BH over evaluable;availability fractions verified on server	CAMP_mapping_plus_GSE62452_author_pair_table	11	11	10	2	8	1	0.1818181818181818	0.7272727272727273	-1.419311214537491	-0.9067492324545016	-0.7090909090909091	7	0.3636363636363636	0.0909090909090909	author_available_value_mask;not_mass_spectrometry_detection	exact_signed_rank_sign_enumeration	wilcox	average_ranks	False	0	4162448985	10000.0	historical_10000_pair_percentile_bootstrap_reused	mean_delta	307	False	NOMINAL_EXPLORATORY	True	7	-1.0016614631075	0.0696770012219702	False	0.2939261642156863	0.048828125	results/PDAC/04_ROBUSTNESS/20260921T121509Z_paired_metabolites_v1	True	10000	DONE_SERVER_SOURCE_CHECKED
PDAC	CAMP_PDAC_GSE62452	01_CAMP	20260922T121000Z_sop_v3_discovery_complete	PDAC_CAMP_source_SOP_v3	primary	KEGG:C02155	glycylleucine	NA	author_confirmed_patient_pair	11	11	paired_mean_tumor_minus_normal_author_processed_scale	-1.254131652073191	-2.013683898762616	-0.4658842239674758	0.0322265625	0.25783203125	METAB_PAIRED_PRIMARY	307	DONE	Exact same input/effect/P/CI reused;BH over evaluable;availability fractions verified on server	CAMP_mapping_plus_GSE62452_author_pair_table	11	11	11	2	9	0	0.1818181818181818	0.8181818181818182	-1.254131652073191	-1.0467026606795002	-0.7272727272727273	11	0.0	0.0	author_available_value_mask;not_mass_spectrometry_detection	exact_signed_rank_sign_enumeration	wilcox	average_ranks	False	0	1527034638	10000.0	historical_10000_pair_percentile_bootstrap_reused	mean_delta	307	False	NOMINAL_EXPLORATORY	True	11	-1.14274787438444	0.0429368517077875	False	0.25783203125	0.0322265625	results/PDAC/04_ROBUSTNESS/20260921T121509Z_paired_metabolites_v1	True	10000	DONE_SERVER_SOURCE_CHECKED
PDAC	CAMP_PDAC_GSE62452	01_CAMP	20260922T121000Z_sop_v3_discovery_complete	PDAC_CAMP_source_SOP_v3	primary	HMDB:HMDB00721	glycylproline	NA	author_confirmed_patient_pair	11	11	paired_mean_tumor_minus_normal_author_processed_scale	-1.070213407399663	-1.636191188067559	-0.5357940037567197	0.001953125	0.1748860677083333	METAB_PAIRED_PRIMARY	307	DONE	Exact same input/effect/P/CI reused;BH over evaluable;availability fractions verified on server	CAMP_mapping_plus_GSE62452_author_pair_table	11	11	11	1	10	0	0.0909090909090909	0.9090909090909092	-1.070213407399663	-0.8488065368678974	-0.9696969696969696	8	0.2727272727272727	0.0	author_available_value_mask;not_mass_spectrometry_detection	exact_signed_rank_sign_enumeration	wilcox	average_ranks	False	0	563722417	10000.0	historical_10000_pair_percentile_bootstrap_reused	mean_delta	307	False	NOMINAL_EXPLORATORY	True	8	-1.43332799349651	0.0204595468994069	False	0.1748860677083333	0.001953125	results/PDAC/04_ROBUSTNESS/20260921T121509Z_paired_metabolites_v1	True	10000	DONE_SERVER_SOURCE_CHECKED
PDAC	CAMP_PDAC_GSE62452	01_CAMP	20260922T121000Z_sop_v3_discovery_complete	PDAC_CAMP_source_SOP_v3	primary	HMDB:HMDB28854	glycylvaline	NA	author_confirmed_patient_pair	11	11	paired_mean_tumor_minus_normal_author_processed_scale	-1.6308525107491272	-2.5195800131376176	-0.6964406600102947	0.0185546875	0.247664741847826	METAB_PAIRED_PRIMARY	307	DONE	Exact same input/effect/P/CI reused;BH over evaluable;availability fractions verified on server	CAMP_mapping_plus_GSE62452_author_pair_table	11	11	11	2	9	0	0.1818181818181818	0.8181818181818182	-1.6308525107491272	-1.922199620001802	-0.7878787878787878	9	0.1818181818181818	0.0	author_available_value_mask;not_mass_spectrometry_detection	exact_signed_rank_sign_enumeration	wilcox	average_ranks	False	0	2136965771	10000.0	historical_10000_pair_percentile_bootstrap_reused	mean_delta	307	False	NOMINAL_EXPLORATORY	True	9	-1.23426244476747	0.038488432104132	False	0.247664741847826	0.0185546875	results/PDAC/04_ROBUSTNESS/20260921T121509Z_paired_metabolites_v1	True	10000	DONE_SERVER_SOURCE_CHECKED
PDAC	CAMP_PDAC_GSE62452	01_CAMP	20260922T121000Z_sop_v3_discovery_complete	PDAC_CAMP_source_SOP_v3	primary	KEGG:C00294	inosine	NA	author_confirmed_patient_pair	11	11	paired_mean_tumor_minus_normal_author_processed_scale	-0.7825499727596911	-1.2831426679619733	-0.3545229618564363	0.0068359375	0.1748860677083333	METAB_PAIRED_PRIMARY	307	DONE	Exact same input/effect/P/CI reused;BH over evaluable;availability fractions verified on server	CAMP_mapping_plus_GSE62452_author_pair_table	11	11	11	1	10	0	0.0909090909090909	0.9090909090909092	-0.7825499727596911	-0.8017574949330992	-0.8787878787878788	11	0.0	0.0	author_available_value_mask;not_mass_spectrometry_detection	exact_signed_rank_sign_enumeration	wilcox	average_ranks	False	0	1479950351	10000.0	historical_10000_pair_percentile_bootstrap_reused	mean_delta	307	False	NOMINAL_EXPLORATORY	True	11	-0.569584878926078	0.236926883237561	False	0.1748860677083333	0.0068359375	results/PDAC/04_ROBUSTNESS/20260921T121509Z_paired_metabolites_v1	True	10000	DONE_SERVER_SOURCE_CHECKED
PDAC	CAMP_PDAC_GSE62452	01_CAMP	20260922T121000Z_sop_v3_discovery_complete	PDAC_CAMP_source_SOP_v3	primary	KEGG:C20826	isovalerylcarnitine	NA	author_confirmed_patient_pair	11	11	paired_mean_tumor_minus_normal_author_processed_scale	0.6660790672482364	0.0966545577757382	1.2141674617421494	0.037109375	0.25783203125	METAB_PAIRED_PRIMARY	307	DONE	Exact same input/effect/P/CI reused;BH over evaluable;availability fractions verified on server	CAMP_mapping_plus_GSE62452_author_pair_table	11	11	10	8	2	1	0.7272727272727273	0.1818181818181818	0.6660790672482364	0.5843439254516003	0.7454545454545454	6	0.0909090909090909	0.4545454545454545	author_available_value_mask;not_mass_spectrometry_detection	exact_signed_rank_sign_enumeration	wilcox	average_ranks	False	0	3148563770	10000.0	historical_10000_pair_percentile_bootstrap_reused	mean_delta	307	False	NOMINAL_EXPLORATORY	True	6	0.757983026495435	0.136365301203365	False	0.25783203125	0.037109375	results/PDAC/04_ROBUSTNESS/20260921T121509Z_paired_metabolites_v1	True	10000	DONE_SERVER_SOURCE_CHECKED
PDAC	CAMP_PDAC_GSE62452	01_CAMP	20260922T121000Z_sop_v3_discovery_complete	PDAC_CAMP_source_SOP_v3	primary	KEGG:C02679	laurate (12:0)	NA	author_confirmed_patient_pair	11	11	paired_mean_tumor_minus_normal_author_processed_scale	-0.9795689141691092	-1.8128914323254333	-0.2395017881609399	0.0419921875	0.25783203125	METAB_PAIRED_PRIMARY	307	DONE	Exact same input/effect/P/CI reused;BH over evaluable;availability fractions verified on server	CAMP_mapping_plus_GSE62452_author_pair_table	11	11	11	2	9	0	0.1818181818181818	0.8181818181818182	-0.9795689141691092	-0.445050640902803	-0.696969696969697	11	0.0	0.0	author_available_value_mask;not_mass_spectrometry_detection	exact_signed_rank_sign_enumeration	wilcox	average_ranks	False	0	3611441811	10000.0	historical_10000_pair_percentile_bootstrap_reused	mean_delta	307	False	NOMINAL_EXPLORATORY	True	11	-0.891111381848964	0.12254338204	False	0.25783203125	0.0419921875	results/PDAC/04_ROBUSTNESS/20260921T121509Z_paired_metabolites_v1	True	10000	DONE_SERVER_SOURCE_CHECKED
PDAC	CAMP_PDAC_GSE62452	01_CAMP	20260922T121000Z_sop_v3_discovery_complete	PDAC_CAMP_source_SOP_v3	primary	KEGG:C00123	leucine	NA	author_confirmed_patient_pair	11	11	paired_mean_tumor_minus_normal_author_processed_scale	-0.3666229613831817	-0.5910924549305085	-0.1329156079165929	0.0419921875	0.25783203125	METAB_PAIRED_PRIMARY	307	DONE	Exact same input/effect/P/CI reused;BH over evaluable;availability fractions verified on server	CAMP_mapping_plus_GSE62452_author_pair_table	11	11	11	3	8	0	0.2727272727272727	0.7272727272727273	-0.3666229613831817	-0.4920357401933017	-0.696969696969697	11	0.0	0.0	author_available_value_mask;not_mass_spectrometry_detection	exact_signed_rank_sign_enumeration	wilcox	average_ranks	False	0	2005009766	10000.0	historical_10000_pair_percentile_bootstrap_reused	mean_delta	307	False	NOMINAL_EXPLORATORY	True	11	-1.08625965616363	0.0429368517077875	False	0.25783203125	0.0419921875	results/PDAC/04_ROBUSTNESS/20260921T121509Z_paired_metabolites_v1	True	10000	DONE_SERVER_SOURCE_CHECKED
PDAC	CAMP_PDAC_GSE62452	01_CAMP	20260922T121000Z_sop_v3_discovery_complete	PDAC_CAMP_source_SOP_v3	primary	KEGG:C08322	myristoleate (14:1n5)	NA	author_confirmed_patient_pair	11	11	paired_mean_tumor_minus_normal_author_processed_scale	-1.4321884292213631	-2.2470513555967906	-0.7039192964067774	0.0048828125	0.1748860677083333	METAB_PAIRED_PRIMARY	307	DONE	Exact same input/effect/P/CI reused;BH over evaluable;availability fractions verified on server	CAMP_mapping_plus_GSE62452_author_pair_table	11	11	11	1	10	0	0.0909090909090909	0.9090909090909092	-1.4321884292213631	-1.3047786017831982	-0.9090909090909092	11	0.0	0.0	author_available_value_mask;not_mass_spectrometry_detection	exact_signed_rank_sign_enumeration	wilcox	average_ranks	False	0	524749098	10000.0	historical_10000_pair_percentile_bootstrap_reused	mean_delta	307	False	NOMINAL_EXPLORATORY	True	11	-1.17033551126068	0.038488432104132	False	0.1748860677083333	0.0048828125	results/PDAC/04_ROBUSTNESS/20260921T121509Z_paired_metabolites_v1	True	10000	DONE_SERVER_SOURCE_CHECKED
PDAC	CAMP_PDAC_GSE62452	01_CAMP	20260922T121000Z_sop_v3_discovery_complete	PDAC_CAMP_source_SOP_v3	primary	KEGG:C00077	ornithine	NA	author_confirmed_patient_pair	11	11	paired_mean_tumor_minus_normal_author_processed_scale	-1.3651722049335453	-2.2575370049916472	-0.4649393610289661	0.0419921875	0.25783203125	METAB_PAIRED_PRIMARY	307	DONE	Exact same input/effect/P/CI reused;BH over evaluable;availability fractions verified on server	CAMP_mapping_plus_GSE62452_author_pair_table	11	11	11	4	7	0	0.3636363636363636	0.6363636363636364	-1.3651722049335453	-1.5330214872412	-0.696969696969697	11	0.0	0.0	author_available_value_mask;not_mass_spectrometry_detection	exact_signed_rank_sign_enumeration	wilcox	average_ranks	False	0	3223744483	10000.0	historical_10000_pair_percentile_bootstrap_reused	mean_delta	307	False	NOMINAL_EXPLORATORY	True	11	-1.23081851319797	0.038488432104132	False	0.25783203125	0.0419921875	results/PDAC/04_ROBUSTNESS/20260921T121509Z_paired_metabolites_v1	True	10000	DONE_SERVER_SOURCE_CHECKED
PDAC	CAMP_PDAC_GSE62452	01_CAMP	20260922T121000Z_sop_v3_discovery_complete	PDAC_CAMP_source_SOP_v3	primary	KEGG:C16537	pentadecanoate (15:0)	NA	author_confirmed_patient_pair	11	11	paired_mean_tumor_minus_normal_author_processed_scale	-1.2743006078958723	-2.187818924641683	-0.4042476329238327	0.0419921875	0.25783203125	METAB_PAIRED_PRIMARY	307	DONE	Exact same input/effect/P/CI reused;BH over evaluable;availability fractions verified on server	CAMP_mapping_plus_GSE62452_author_pair_table	11	11	11	2	9	0	0.1818181818181818	0.8181818181818182	-1.2743006078958723	-1.1776054932210975	-0.696969696969697	11	0.0	0.0	author_available_value_mask;not_mass_spectrometry_detection	exact_signed_rank_sign_enumeration	wilcox	average_ranks	False	0	1197605622	10000.0	historical_10000_pair_percentile_bootstrap_reused	mean_delta	307	False	NOMINAL_EXPLORATORY	True	11	-0.852310951103452	0.051758400114163	False	0.25783203125	0.0419921875	results/PDAC/04_ROBUSTNESS/20260921T121509Z_paired_metabolites_v1	True	10000	DONE_SERVER_SOURCE_CHECKED
PDAC	CAMP_PDAC_GSE62452	01_CAMP	20260922T121000Z_sop_v3_discovery_complete	PDAC_CAMP_source_SOP_v3	primary	KEGG:C00408	pipecolate	NA	author_confirmed_patient_pair	11	11	paired_mean_tumor_minus_normal_author_processed_scale	0.5486745272419905	0.1837092129767695	1.003737224048746	0.015625	0.228422619047619	METAB_PAIRED_PRIMARY	307	DONE	Exact same input/effect/P/CI reused;BH over evaluable;availability fractions verified on server	CAMP_mapping_plus_GSE62452_author_pair_table	11	11	7	7	0	4	0.6363636363636364	0.0	0.5486745272419905	0.3726403870628978	1.0	4	0.2727272727272727	0.6363636363636364	author_available_value_mask;not_mass_spectrometry_detection	exact_signed_rank_sign_enumeration	wilcox	average_ranks	False	0	229453142	10000.0	historical_10000_pair_percentile_bootstrap_reused	mean_delta	307	False	NOMINAL_EXPLORATORY	True	4	0.485392109934915	0.194603202166174	False	0.228422619047619	0.015625	results/PDAC/04_ROBUSTNESS/20260921T121509Z_paired_metabolites_v1	True	10000	DONE_SERVER_SOURCE_CHECKED
PDAC	CAMP_PDAC_GSE62452	01_CAMP	20260922T121000Z_sop_v3_discovery_complete	PDAC_CAMP_source_SOP_v3	primary	HMDB:HMDB06695	pro-hydroxy-pro	NA	author_confirmed_patient_pair	11	11	paired_mean_tumor_minus_normal_author_processed_scale	1.629373159933155	0.6266708358753553	2.75402318090141	0.009765625	0.1873779296875	METAB_PAIRED_PRIMARY	307	DONE	Exact same input/effect/P/CI reused;BH over evaluable;availability fractions verified on server	CAMP_mapping_plus_GSE62452_author_pair_table	11	11	10	8	2	1	0.7272727272727273	0.1818181818181818	1.629373159933155	0.7873357577249003	0.8909090909090909	9	0.0909090909090909	0.1818181818181818	author_available_value_mask;not_mass_spectrometry_detection	exact_signed_rank_sign_enumeration	wilcox	average_ranks	False	0	2364832416	10000.0	historical_10000_pair_percentile_bootstrap_reused	mean_delta	307	False	NOMINAL_EXPLORATORY	True	9	1.23946473751556	0.0393227498525208	False	0.1873779296875	0.009765625	results/PDAC/04_ROBUSTNESS/20260921T121509Z_paired_metabolites_v1	True	10000	DONE_SERVER_SOURCE_CHECKED
PDAC	CAMP_PDAC_GSE62452	01_CAMP	20260922T121000Z_sop_v3_discovery_complete	PDAC_CAMP_source_SOP_v3	primary	KEGG:C03017	propionylcarnitine	NA	author_confirmed_patient_pair	11	11	paired_mean_tumor_minus_normal_author_processed_scale	-0.883982547437464	-1.4241495891359888	-0.2470550786261494	0.0244140625	0.25783203125	METAB_PAIRED_PRIMARY	307	DONE	Exact same input/effect/P/CI reused;BH over evaluable;availability fractions verified on server	CAMP_mapping_plus_GSE62452_author_pair_table	11	11	11	1	10	0	0.0909090909090909	0.9090909090909092	-0.883982547437464	-1.0989268990963978	-0.7575757575757576	11	0.0	0.0	author_available_value_mask;not_mass_spectrometry_detection	exact_signed_rank_sign_enumeration	wilcox	average_ranks	False	0	2292441502	10000.0	historical_10000_pair_percentile_bootstrap_reused	mean_delta	307	False	NOMINAL_EXPLORATORY	True	11	-0.288337752761001	0.542961478829904	False	0.25783203125	0.0244140625	results/PDAC/04_ROBUSTNESS/20260921T121509Z_paired_metabolites_v1	True	10000	DONE_SERVER_SOURCE_CHECKED
PDAC	CAMP_PDAC_GSE62452	01_CAMP	20260922T121000Z_sop_v3_discovery_complete	PDAC_CAMP_source_SOP_v3	primary	KEGG:C00134	putrescine	NA	author_confirmed_patient_pair	11	11	paired_mean_tumor_minus_normal_author_processed_scale	-1.155923189985391	-1.9727738798384005	-0.3110365494265275	0.0244140625	0.25783203125	METAB_PAIRED_PRIMARY	307	DONE	Exact same input/effect/P/CI reused;BH over evaluable;availability fractions verified on server	CAMP_mapping_plus_GSE62452_author_pair_table	11	11	11	3	8	0	0.2727272727272727	0.7272727272727273	-1.155923189985391	-1.3084099045021027	-0.7575757575757576	6	0.4545454545454545	0.0	author_available_value_mask;not_mass_spectrometry_detection	exact_signed_rank_sign_enumeration	wilcox	average_ranks	False	0	3228093963	10000.0	historical_10000_pair_percentile_bootstrap_reused	mean_delta	307	False	NOMINAL_EXPLORATORY	True	6	-0.170852952311747	0.961217007290224	False	0.25783203125	0.0244140625	results/PDAC/04_ROBUSTNESS/20260921T121509Z_paired_metabolites_v1	True	10000	DONE_SERVER_SOURCE_CHECKED
PDAC	CAMP_PDAC_GSE62452	01_CAMP	20260922T121000Z_sop_v3_discovery_complete	PDAC_CAMP_source_SOP_v3	primary	KEGG:C00022	pyruvate	NA	author_confirmed_patient_pair	11	11	paired_mean_tumor_minus_normal_author_processed_scale	1.991138633630236	0.5273711307884479	3.494163561489158	0.037109375	0.25783203125	METAB_PAIRED_PRIMARY	307	DONE	Exact same input/effect/P/CI reused;BH over evaluable;availability fractions verified on server	CAMP_mapping_plus_GSE62452_author_pair_table	11	11	10	8	2	1	0.7272727272727273	0.1818181818181818	1.991138633630236	1.5120811629597988	0.7454545454545454	5	0.1818181818181818	0.4545454545454545	author_available_value_mask;not_mass_spectrometry_detection	exact_signed_rank_sign_enumeration	wilcox	average_ranks	False	0	568526860	10000.0	historical_10000_pair_percentile_bootstrap_reused	mean_delta	307	False	NOMINAL_EXPLORATORY	True	5	0.942499237518513	0.0700756635453659	False	0.25783203125	0.037109375	results/PDAC/04_ROBUSTNESS/20260921T121509Z_paired_metabolites_v1	True	10000	DONE_SERVER_SOURCE_CHECKED
PDAC	CAMP_PDAC_GSE62452	01_CAMP	20260922T121000Z_sop_v3_discovery_complete	PDAC_CAMP_source_SOP_v3	primary	KEGG:C16300	stearidonate (18:4n3)	NA	author_confirmed_patient_pair	11	11	paired_mean_tumor_minus_normal_author_processed_scale	-0.7383484645898815	-1.294511263505698	-0.2385238156132142	0.0322265625	0.25783203125	METAB_PAIRED_PRIMARY	307	DONE	Exact same input/effect/P/CI reused;BH over evaluable;availability fractions verified on server	CAMP_mapping_plus_GSE62452_author_pair_table	11	11	11	2	9	0	0.1818181818181818	0.8181818181818182	-0.7383484645898815	-0.5806935937174984	-0.7272727272727273	8	0.2727272727272727	0.0	author_available_value_mask;not_mass_spectrometry_detection	exact_signed_rank_sign_enumeration	wilcox	average_ranks	False	0	2835409667	10000.0	historical_10000_pair_percentile_bootstrap_reused	mean_delta	307	False	NOMINAL_EXPLORATORY	True	8	-1.10536764106938	0.0608523808303738	False	0.25783203125	0.0322265625	results/PDAC/04_ROBUSTNESS/20260921T121509Z_paired_metabolites_v1	True	10000	DONE_SERVER_SOURCE_CHECKED
PDAC	CAMP_PDAC_GSE62452	01_CAMP	20260922T121000Z_sop_v3_discovery_complete	PDAC_CAMP_source_SOP_v3	primary	NAME:succinylcarnitine	succinylcarnitine	NA	author_confirmed_patient_pair	11	11	paired_mean_tumor_minus_normal_author_processed_scale	-1.4549602806924178	-2.816677851811555	0.1234456524573777	0.0419921875	0.25783203125	METAB_PAIRED_PRIMARY	307	DONE	Exact same input/effect/P/CI reused;BH over evaluable;availability fractions verified on server	CAMP_mapping_plus_GSE62452_author_pair_table	11	11	11	1	10	0	0.0909090909090909	0.9090909090909092	-1.4549602806924178	-1.5768673208641992	-0.696969696969697	7	0.2727272727272727	0.0909090909090909	author_available_value_mask;not_mass_spectrometry_detection	exact_signed_rank_sign_enumeration	wilcox	average_ranks	False	0	2129679748	10000.0	historical_10000_pair_percentile_bootstrap_reused	mean_delta	307	False	NOMINAL_EXPLORATORY	True	7	-0.941466816122303	0.0696770012219702	False	0.25783203125	0.0419921875	results/PDAC/04_ROBUSTNESS/20260921T121509Z_paired_metabolites_v1	True	10000	DONE_SERVER_SOURCE_CHECKED
PDAC	CAMP_PDAC_GSE62452	01_CAMP	20260922T121000Z_sop_v3_discovery_complete	PDAC_CAMP_source_SOP_v3	primary	KEGG:C00245	taurine	NA	author_confirmed_patient_pair	11	11	paired_mean_tumor_minus_normal_author_processed_scale	1.754625643003237	1.0975694468641422	2.375197191976912	0.001953125	0.1748860677083333	METAB_PAIRED_PRIMARY	307	DONE	Exact same input/effect/P/CI reused;BH over evaluable;availability fractions verified on server	CAMP_mapping_plus_GSE62452_author_pair_table	11	11	11	10	1	0	0.9090909090909092	0.0909090909090909	1.754625643003237	2.0934400180113	0.9696969696969696	11	0.0	0.0	author_available_value_mask;not_mass_spectrometry_detection	exact_signed_rank_sign_enumeration	wilcox	average_ranks	False	0	4215573290	10000.0	historical_10000_pair_percentile_bootstrap_reused	mean_delta	307	False	NOMINAL_EXPLORATORY	True	11	2.09553989193048	0.0113146499716752	False	0.1748860677083333	0.001953125	results/PDAC/04_ROBUSTNESS/20260921T121509Z_paired_metabolites_v1	True	10000	DONE_SERVER_SOURCE_CHECKED
PDAC	CAMP_PDAC_GSE62452	01_CAMP	20260922T121000Z_sop_v3_discovery_complete	PDAC_CAMP_source_SOP_v3	primary	KEGG:C00214	thymidine	NA	author_confirmed_patient_pair	11	11	paired_mean_tumor_minus_normal_author_processed_scale	-1.3636904444775453	-2.075343618484973	-0.7224600252291591	0.00390625	0.1748860677083333	METAB_PAIRED_PRIMARY	307	DONE	Exact same input/effect/P/CI reused;BH over evaluable;availability fractions verified on server	CAMP_mapping_plus_GSE62452_author_pair_table	11	11	10	1	9	1	0.0909090909090909	0.8181818181818182	-1.3636904444775453	-1.3686213087094998	-0.9636363636363636	7	0.3636363636363636	0.0909090909090909	author_available_value_mask;not_mass_spectrometry_detection	exact_signed_rank_sign_enumeration	wilcox	average_ranks	False	0	3834132354	10000.0	historical_10000_pair_percentile_bootstrap_reused	mean_delta	307	False	NOMINAL_EXPLORATORY	True	7	-1.78527752078779	0.0113146499716752	False	0.1748860677083333	0.00390625	results/PDAC/04_ROBUSTNESS/20260921T121509Z_paired_metabolites_v1	True	10000	DONE_SERVER_SOURCE_CHECKED
PDAC	CAMP_PDAC_GSE62452	01_CAMP	20260922T121000Z_sop_v3_discovery_complete	PDAC_CAMP_source_SOP_v3	primary	NAME:thymidine 3'-monophosphate	thymidine 3'-monophosphate	NA	author_confirmed_patient_pair	11	11	paired_mean_tumor_minus_normal_author_processed_scale	-1.2464732515328545	-1.818535374304764	-0.6912079664518581	0.0048828125	0.1748860677083333	METAB_PAIRED_PRIMARY	307	DONE	Exact same input/effect/P/CI reused;BH over evaluable;availability fractions verified on server	CAMP_mapping_plus_GSE62452_author_pair_table	11	11	11	1	10	0	0.0909090909090909	0.9090909090909092	-1.2464732515328545	-1.4889963022245	-0.9090909090909092	7	0.3636363636363636	0.0	author_available_value_mask;not_mass_spectrometry_detection	exact_signed_rank_sign_enumeration	wilcox	average_ranks	False	0	3878655898	10000.0	historical_10000_pair_percentile_bootstrap_reused	mean_delta	307	False	NOMINAL_EXPLORATORY	True	7	-1.54116688222222	0.0113146499716752	False	0.1748860677083333	0.0048828125	results/PDAC/04_ROBUSTNESS/20260921T121509Z_paired_metabolites_v1	True	10000	DONE_SERVER_SOURCE_CHECKED
PDAC	CAMP_PDAC_GSE62452	01_CAMP	20260922T121000Z_sop_v3_discovery_complete	PDAC_CAMP_source_SOP_v3	primary	KEGG:C00078	tryptophan	NA	author_confirmed_patient_pair	11	11	paired_mean_tumor_minus_normal_author_processed_scale	-0.5530916823890554	-0.9129457331718228	-0.2289804493900734	0.0068359375	0.1748860677083333	METAB_PAIRED_PRIMARY	307	DONE	Exact same input/effect/P/CI reused;BH over evaluable;availability fractions verified on server	CAMP_mapping_plus_GSE62452_author_pair_table	11	11	11	2	9	0	0.1818181818181818	0.8181818181818182	-0.5530916823890554	-0.3679988509477034	-0.8787878787878788	11	0.0	0.0	author_available_value_mask;not_mass_spectrometry_detection	exact_signed_rank_sign_enumeration	wilcox	average_ranks	False	0	4194893744	10000.0	historical_10000_pair_percentile_bootstrap_reused	mean_delta	307	False	NOMINAL_EXPLORATORY	True	11	-1.22234650105532	0.038488432104132	False	0.1748860677083333	0.0068359375	results/PDAC/04_ROBUSTNESS/20260921T121509Z_paired_metabolites_v1	True	10000	DONE_SERVER_SOURCE_CHECKED
PDAC	CAMP_PDAC_GSE62452	01_CAMP	20260922T121000Z_sop_v3_discovery_complete	PDAC_CAMP_source_SOP_v3	primary	KEGG:C09213	tryptophan betaine 	NA	author_confirmed_patient_pair	11	11	paired_mean_tumor_minus_normal_author_processed_scale	0.5012709282889642	0.10596894572091	0.9524875839269964	0.037109375	0.25783203125	METAB_PAIRED_PRIMARY	307	DONE	Exact same input/effect/P/CI reused;BH over evaluable;availability fractions verified on server	CAMP_mapping_plus_GSE62452_author_pair_table	11	11	10	8	2	1	0.7272727272727273	0.1818181818181818	0.5012709282889642	0.3406863231387014	0.7454545454545454	8	0.0909090909090909	0.1818181818181818	author_available_value_mask;not_mass_spectrometry_detection	exact_signed_rank_sign_enumeration	wilcox	average_ranks	False	0	2834383083	10000.0	historical_10000_pair_percentile_bootstrap_reused	mean_delta	307	False	NOMINAL_EXPLORATORY	True	8	0.542536049221387	0.341103196517132	False	0.25783203125	0.037109375	results/PDAC/04_ROBUSTNESS/20260921T121509Z_paired_metabolites_v1	True	10000	DONE_SERVER_SOURCE_CHECKED
PDAC	CAMP_PDAC_GSE62452	01_CAMP	20260922T121000Z_sop_v3_discovery_complete	PDAC_CAMP_source_SOP_v3	primary	KEGG:C00299	uridine	NA	author_confirmed_patient_pair	11	11	paired_mean_tumor_minus_normal_author_processed_scale	-0.1761761726509179	-0.2977121906639178	-0.043630073599386	0.0244140625	0.25783203125	METAB_PAIRED_PRIMARY	307	DONE	Exact same input/effect/P/CI reused;BH over evaluable;availability fractions verified on server	CAMP_mapping_plus_GSE62452_author_pair_table	11	11	11	2	9	0	0.1818181818181818	0.8181818181818182	-0.1761761726509179	-0.228724112322098	-0.7575757575757576	11	0.0	0.0	author_available_value_mask;not_mass_spectrometry_detection	exact_signed_rank_sign_enumeration	wilcox	average_ranks	False	0	1845861154	10000.0	historical_10000_pair_percentile_bootstrap_reused	mean_delta	307	False	NOMINAL_EXPLORATORY	True	11	0.0488821045150279	0.898497970966782	False	0.25783203125	0.0244140625	results/PDAC/04_ROBUSTNESS/20260921T121509Z_paired_metabolites_v1	True	10000	DONE_SERVER_SOURCE_CHECKED
