cancer	cohort	stage_id	run_id	analysis_version	analysis_type	metabolite_key	metabolite_name	gene	unit	n	n_reference	effect_type	effect	ci_lower	ci_upper	p_value	q_value	test_family	family_n_evaluable	status	reason	source_id	partition	celltype	n_source_labels_total	n_cells_total	n_cells_eligible	median_donor_mean	donor_mean_q25	donor_mean_q75	mean_detection_fraction	median_detection_fraction	annotation_origin	row_scaled
BRCA	Wu2021	06_EXTERNAL	20260919T140105Z_scRNA117_v1	sc117_v1	descriptive_cell_source	NA	NA	SHMT2	publisher_donor_label	20	NA	equal_donor_mean_log1p_counts_per_10k	0.1444228413079249	NA	NA	NA	NA	NA_descriptive_no_tests	NA	DONE		GSE176078_CELLxGENE_22a27631	ALL	B_cells	20	3206	3206	0.14921159166725478	0.06747697992590894	0.18126196410461579	0.091739878722262	0.08981419670672007	Wu2021_author_celltype_major_via_CELLxGENE	0.5539054193133285
BRCA	Wu2021	06_EXTERNAL	20260919T140105Z_scRNA117_v1	sc117_v1	descriptive_cell_source	NA	NA	SLC6A6	publisher_donor_label	20	NA	equal_donor_mean_log1p_counts_per_10k	0.052236089032035124	NA	NA	NA	NA	NA_descriptive_no_tests	NA	DONE		GSE176078_CELLxGENE_22a27631	ALL	B_cells	20	3206	3206	0.0319880226240879	0.013278825246127498	0.065386708608405	0.03682723305534756	0.020622895622895623	Wu2021_author_celltype_major_via_CELLxGENE	0.3070362194436035
BRCA	Wu2021	06_EXTERNAL	20260919T140105Z_scRNA117_v1	sc117_v1	descriptive_cell_source	NA	NA	SLC6A8	publisher_donor_label	20	NA	equal_donor_mean_log1p_counts_per_10k	0.012643387889036045	NA	NA	NA	NA	NA_descriptive_no_tests	NA	DONE		GSE176078_CELLxGENE_22a27631	ALL	B_cells	20	3206	3206	0.0	0.0	0.02545320331487802	0.00862160667120149	0.0	Wu2021_author_celltype_major_via_CELLxGENE	0.2191480065955399
BRCA	Wu2021	06_EXTERNAL	20260919T140105Z_scRNA117_v1	sc117_v1	descriptive_cell_source	NA	NA	SLC7A11	publisher_donor_label	20	NA	equal_donor_mean_log1p_counts_per_10k	0.0009513373959532878	NA	NA	NA	NA	NA_descriptive_no_tests	NA	DONE		GSE176078_CELLxGENE_22a27631	ALL	B_cells	20	3206	3206	0.0	0.0	0.0	0.0011627906976744186	0.0	Wu2021_author_celltype_major_via_CELLxGENE	0.028393344841317242
BRCA	Wu2021	06_EXTERNAL	20260919T140105Z_scRNA117_v1	sc117_v1	descriptive_cell_source	NA	NA	SOAT1	publisher_donor_label	20	NA	equal_donor_mean_log1p_counts_per_10k	0.05231629407132996	NA	NA	NA	NA	NA_descriptive_no_tests	NA	DONE		GSE176078_CELLxGENE_22a27631	ALL	B_cells	20	3206	3206	0.056653668715336024	0.01814483940751738	0.0725394717800435	0.036653773280967944	0.03409090909090909	Wu2021_author_celltype_major_via_CELLxGENE	0.22454905128037167
BRCA	Wu2021	06_EXTERNAL	20260919T140105Z_scRNA117_v1	sc117_v1	descriptive_cell_source	NA	NA	SOAT2	publisher_donor_label	20	NA	equal_donor_mean_log1p_counts_per_10k	0.0005065495129873027	NA	NA	NA	NA	NA_descriptive_no_tests	NA	DONE		GSE176078_CELLxGENE_22a27631	ALL	B_cells	20	3206	3206	0.0	0.0	0.0	0.00030864197530864197	0.0	Wu2021_author_celltype_major_via_CELLxGENE	0.19569514737423505
BRCA	Wu2021	06_EXTERNAL	20260919T140105Z_scRNA117_v1	sc117_v1	descriptive_cell_source	NA	NA	SORD	publisher_donor_label	20	NA	equal_donor_mean_log1p_counts_per_10k	0.01826344278146149	NA	NA	NA	NA	NA_descriptive_no_tests	NA	DONE		GSE176078_CELLxGENE_22a27631	ALL	B_cells	20	3206	3206	0.015791422349566105	0.0	0.03281876758219915	0.013220458881680228	0.0167167334223409	Wu2021_author_celltype_major_via_CELLxGENE	0.07835652109946267
BRCA	Wu2021	06_EXTERNAL	20260919T140105Z_scRNA117_v1	sc117_v1	descriptive_cell_source	NA	NA	SPHK1	publisher_donor_label	20	NA	equal_donor_mean_log1p_counts_per_10k	0.012696490954467194	NA	NA	NA	NA	NA_descriptive_no_tests	NA	DONE		GSE176078_CELLxGENE_22a27631	ALL	B_cells	20	3206	3206	0.0	0.0	0.020583129501603716	0.010932262263256876	0.0	Wu2021_author_celltype_major_via_CELLxGENE	0.023698763321409605
BRCA	Wu2021	06_EXTERNAL	20260919T140105Z_scRNA117_v1	sc117_v1	descriptive_cell_source	NA	NA	SPHK2	publisher_donor_label	20	NA	equal_donor_mean_log1p_counts_per_10k	0.02554393919024161	NA	NA	NA	NA	NA_descriptive_no_tests	NA	DONE		GSE176078_CELLxGENE_22a27631	ALL	B_cells	20	3206	3206	0.01684113686583223	0.0	0.036237009937653816	0.020739623549162554	0.010111233795444322	Wu2021_author_celltype_major_via_CELLxGENE	0.4198028805029275
BRCA	Wu2021	06_EXTERNAL	20260919T140105Z_scRNA117_v1	sc117_v1	descriptive_cell_source	NA	NA	SQLE	publisher_donor_label	20	NA	equal_donor_mean_log1p_counts_per_10k	0.10770101266562937	NA	NA	NA	NA	NA_descriptive_no_tests	NA	DONE		GSE176078_CELLxGENE_22a27631	ALL	B_cells	20	3206	3206	0.10343656613726432	0.06145030957401174	0.14738860483544597	0.06939283658575732	0.06383419212366581	Wu2021_author_celltype_major_via_CELLxGENE	0.23437970096863273
BRCA	Wu2021	06_EXTERNAL	20260919T140105Z_scRNA117_v1	sc117_v1	descriptive_cell_source	NA	NA	TAT	publisher_donor_label	20	NA	equal_donor_mean_log1p_counts_per_10k	0.0005236344770387013	NA	NA	NA	NA	NA_descriptive_no_tests	NA	DONE		GSE176078_CELLxGENE_22a27631	ALL	B_cells	20	3206	3206	0.0	0.0	0.0	0.000505050505050505	0.0	Wu2021_author_celltype_major_via_CELLxGENE	0.007542129142424264
BRCA	Wu2021	06_EXTERNAL	20260919T140105Z_scRNA117_v1	sc117_v1	descriptive_cell_source	NA	NA	UPB1	publisher_donor_label	20	NA	equal_donor_mean_log1p_counts_per_10k	0.0037604047172617554	NA	NA	NA	NA	NA_descriptive_no_tests	NA	DONE		GSE176078_CELLxGENE_22a27631	ALL	B_cells	20	3206	3206	0.0	0.0	0.0	0.0032188157420565133	0.0	Wu2021_author_celltype_major_via_CELLxGENE	0.7139666977686695
BRCA	Wu2021	06_EXTERNAL	20260919T140105Z_scRNA117_v1	sc117_v1	descriptive_cell_source	NA	NA	UPP1	publisher_donor_label	20	NA	equal_donor_mean_log1p_counts_per_10k	0.06647146790771088	NA	NA	NA	NA	NA_descriptive_no_tests	NA	DONE		GSE176078_CELLxGENE_22a27631	ALL	B_cells	20	3206	3206	0.037449468444626086	0.008502768108218301	0.06258601871166569	0.046032737141688575	0.021464646464646464	Wu2021_author_celltype_major_via_CELLxGENE	0.11891000790255245
BRCA	Wu2021	06_EXTERNAL	20260919T140105Z_scRNA117_v1	sc117_v1	descriptive_cell_source	NA	NA	UPP2	publisher_donor_label	20	NA	equal_donor_mean_log1p_counts_per_10k	0.0	NA	NA	NA	NA	NA_descriptive_no_tests	NA	DONE		GSE176078_CELLxGENE_22a27631	ALL	B_cells	20	3206	3206	0.0	0.0	0.0	0.0	0.0	Wu2021_author_celltype_major_via_CELLxGENE	0.0
BRCA	Wu2021	06_EXTERNAL	20260919T140105Z_scRNA117_v1	sc117_v1	descriptive_cell_source	NA	NA	SHMT2	publisher_donor_label	24	NA	equal_donor_mean_log1p_counts_per_10k	0.07776312930304612	NA	NA	NA	NA	NA_descriptive_no_tests	NA	DONE		GSE176078_CELLxGENE_22a27631	ALL	Endothelial	26	7605	7587	0.07956737113082869	0.04908507520281668	0.10551748193114165	0.09157205865473177	0.07385053573850536	Wu2021_author_celltype_major_via_CELLxGENE	0.2982451969067913
BRCA	Wu2021	06_EXTERNAL	20260919T140105Z_scRNA117_v1	sc117_v1	descriptive_cell_source	NA	NA	SLC6A6	publisher_donor_label	24	NA	equal_donor_mean_log1p_counts_per_10k	0.14123308969873316	NA	NA	NA	NA	NA_descriptive_no_tests	NA	DONE		GSE176078_CELLxGENE_22a27631	ALL	Endothelial	26	7605	7587	0.13206613084148466	0.09713312164445397	0.16123010849040353	0.10634382335353669	0.0929210610418664	Wu2021_author_celltype_major_via_CELLxGENE	0.8301477910194326
BRCA	Wu2021	06_EXTERNAL	20260919T140105Z_scRNA117_v1	sc117_v1	descriptive_cell_source	NA	NA	SLC6A8	publisher_donor_label	24	NA	equal_donor_mean_log1p_counts_per_10k	0.029963788254935047	NA	NA	NA	NA	NA_descriptive_no_tests	NA	DONE		GSE176078_CELLxGENE_22a27631	ALL	Endothelial	26	7605	7587	0.02786411346716469	0.014025660910335068	0.04196212472017861	0.03475443517592038	0.027984344422700584	Wu2021_author_celltype_major_via_CELLxGENE	0.5193627312355219
BRCA	Wu2021	06_EXTERNAL	20260919T140105Z_scRNA117_v1	sc117_v1	descriptive_cell_source	NA	NA	SLC7A11	publisher_donor_label	24	NA	equal_donor_mean_log1p_counts_per_10k	0.015850622045754395	NA	NA	NA	NA	NA_descriptive_no_tests	NA	DONE		GSE176078_CELLxGENE_22a27631	ALL	Endothelial	26	7605	7587	0.009146642922341963	0.0	0.01763720363666812	0.014611727993680185	0.008218270422776043	Wu2021_author_celltype_major_via_CELLxGENE	0.4730731490309533
BRCA	Wu2021	06_EXTERNAL	20260919T140105Z_scRNA117_v1	sc117_v1	descriptive_cell_source	NA	NA	SOAT1	publisher_donor_label	24	NA	equal_donor_mean_log1p_counts_per_10k	0.08620870633679607	NA	NA	NA	NA	NA_descriptive_no_tests	NA	DONE		GSE176078_CELLxGENE_22a27631	ALL	Endothelial	26	7605	7587	0.08236195824563253	0.061615728802154254	0.11070666436949558	0.09411393326421515	0.0799643612874485	Wu2021_author_celltype_major_via_CELLxGENE	0.3700201545935614
BRCA	Wu2021	06_EXTERNAL	20260919T140105Z_scRNA117_v1	sc117_v1	descriptive_cell_source	NA	NA	SOAT2	publisher_donor_label	24	NA	equal_donor_mean_log1p_counts_per_10k	6.41276056210949e-05	NA	NA	NA	NA	NA_descriptive_no_tests	NA	DONE		GSE176078_CELLxGENE_22a27631	ALL	Endothelial	26	7605	7587	0.0	0.0	0.0	0.0001417233560090703	0.0	Wu2021_author_celltype_major_via_CELLxGENE	0.024774401931152632
BRCA	Wu2021	06_EXTERNAL	20260919T140105Z_scRNA117_v1	sc117_v1	descriptive_cell_source	NA	NA	SORD	publisher_donor_label	24	NA	equal_donor_mean_log1p_counts_per_10k	0.015847417323401707	NA	NA	NA	NA	NA_descriptive_no_tests	NA	DONE		GSE176078_CELLxGENE_22a27631	ALL	Endothelial	26	7605	7587	0.013157102259872662	0.0038229471871024153	0.02370268813843106	0.021430581069005583	0.009984052096484817	Wu2021_author_celltype_major_via_CELLxGENE	0.06799093165137365
BRCA	Wu2021	06_EXTERNAL	20260919T140105Z_scRNA117_v1	sc117_v1	descriptive_cell_source	NA	NA	SPHK1	publisher_donor_label	24	NA	equal_donor_mean_log1p_counts_per_10k	0.2650062311752357	NA	NA	NA	NA	NA_descriptive_no_tests	NA	DONE		GSE176078_CELLxGENE_22a27631	ALL	Endothelial	26	7605	7587	0.2608448657390572	0.1943197571843748	0.3422927794040118	0.20814764023644175	0.1798352654057352	Wu2021_author_celltype_major_via_CELLxGENE	0.4946500551879666
BRCA	Wu2021	06_EXTERNAL	20260919T140105Z_scRNA117_v1	sc117_v1	descriptive_cell_source	NA	NA	SPHK2	publisher_donor_label	24	NA	equal_donor_mean_log1p_counts_per_10k	0.03441274740294851	NA	NA	NA	NA	NA_descriptive_no_tests	NA	DONE		GSE176078_CELLxGENE_22a27631	ALL	Endothelial	26	7605	7587	0.03243591494238697	0.018725969394659384	0.04761429960920103	0.041096805840702307	0.029132296126135535	Wu2021_author_celltype_major_via_CELLxGENE	0.5655576603978277
BRCA	Wu2021	06_EXTERNAL	20260919T140105Z_scRNA117_v1	sc117_v1	descriptive_cell_source	NA	NA	SQLE	publisher_donor_label	24	NA	equal_donor_mean_log1p_counts_per_10k	0.13023740828370586	NA	NA	NA	NA	NA_descriptive_no_tests	NA	DONE		GSE176078_CELLxGENE_22a27631	ALL	Endothelial	26	7605	7587	0.12409792059967467	0.09332792982625053	0.14616288344003797	0.12761532426418432	0.11793763507255325	Wu2021_author_celltype_major_via_CELLxGENE	0.28342356355769127
BRCA	Wu2021	06_EXTERNAL	20260919T140105Z_scRNA117_v1	sc117_v1	descriptive_cell_source	NA	NA	TAT	publisher_donor_label	24	NA	equal_donor_mean_log1p_counts_per_10k	0.0012780634574175494	NA	NA	NA	NA	NA_descriptive_no_tests	NA	DONE		GSE176078_CELLxGENE_22a27631	ALL	Endothelial	26	7605	7587	0.0	0.0	0.0	0.0008099740139147523	0.0	Wu2021_author_celltype_major_via_CELLxGENE	0.01840848926252736
BRCA	Wu2021	06_EXTERNAL	20260919T140105Z_scRNA117_v1	sc117_v1	descriptive_cell_source	NA	NA	UPB1	publisher_donor_label	24	NA	equal_donor_mean_log1p_counts_per_10k	0.00526691893195294	NA	NA	NA	NA	NA_descriptive_no_tests	NA	DONE		GSE176078_CELLxGENE_22a27631	ALL	Endothelial	26	7605	7587	0.0011040402223845378	0.0	0.006712985348972519	0.004549859104117124	0.001869158878504673	Wu2021_author_celltype_major_via_CELLxGENE	1.0
BRCA	Wu2021	06_EXTERNAL	20260919T140105Z_scRNA117_v1	sc117_v1	descriptive_cell_source	NA	NA	UPP1	publisher_donor_label	24	NA	equal_donor_mean_log1p_counts_per_10k	0.5590065048367049	NA	NA	NA	NA	NA_descriptive_no_tests	NA	DONE		GSE176078_CELLxGENE_22a27631	ALL	Endothelial	26	7605	7587	0.559331136467933	0.3993677110397414	0.7055506707468253	0.38181024603957764	0.39569975956722103	Wu2021_author_celltype_major_via_CELLxGENE	1.0
BRCA	Wu2021	06_EXTERNAL	20260919T140105Z_scRNA117_v1	sc117_v1	descriptive_cell_source	NA	NA	UPP2	publisher_donor_label	24	NA	equal_donor_mean_log1p_counts_per_10k	0.0	NA	NA	NA	NA	NA_descriptive_no_tests	NA	DONE		GSE176078_CELLxGENE_22a27631	ALL	Endothelial	26	7605	7587	0.0	0.0	0.0	0.0	0.0	Wu2021_author_celltype_major_via_CELLxGENE	0.0
BRCA	Wu2021	06_EXTERNAL	20260919T140105Z_scRNA117_v1	sc117_v1	descriptive_cell_source	NA	NA	SHMT2	publisher_donor_label	23	NA	equal_donor_mean_log1p_counts_per_10k	0.1742129912090142	NA	NA	NA	NA	NA_descriptive_no_tests	NA	DONE		GSE176078_CELLxGENE_22a27631	ALL	Fibroblasts	26	6573	6537	0.14275345114850532	0.12060614582112449	0.24105342303528188	0.18522233117642312	0.1437125748502994	Wu2021_author_celltype_major_via_CELLxGENE	0.6681596835483607
BRCA	Wu2021	06_EXTERNAL	20260919T140105Z_scRNA117_v1	sc117_v1	descriptive_cell_source	NA	NA	SLC6A6	publisher_donor_label	23	NA	equal_donor_mean_log1p_counts_per_10k	0.1701300554269945	NA	NA	NA	NA	NA_descriptive_no_tests	NA	DONE		GSE176078_CELLxGENE_22a27631	ALL	Fibroblasts	26	6573	6537	0.14583714664780628	0.09907764117243784	0.20227346425152665	0.15842738760577874	0.1358695652173913	Wu2021_author_celltype_major_via_CELLxGENE	1.0
BRCA	Wu2021	06_EXTERNAL	20260919T140105Z_scRNA117_v1	sc117_v1	descriptive_cell_source	NA	NA	SLC6A8	publisher_donor_label	23	NA	equal_donor_mean_log1p_counts_per_10k	0.04075036645179144	NA	NA	NA	NA	NA_descriptive_no_tests	NA	DONE		GSE176078_CELLxGENE_22a27631	ALL	Fibroblasts	26	6573	6537	0.031555342292648524	0.0153647897368564	0.05834014440959251	0.0525611504813632	0.03214285714285714	Wu2021_author_celltype_major_via_CELLxGENE	0.706326631305207
BRCA	Wu2021	06_EXTERNAL	20260919T140105Z_scRNA117_v1	sc117_v1	descriptive_cell_source	NA	NA	SLC7A11	publisher_donor_label	23	NA	equal_donor_mean_log1p_counts_per_10k	0.00544626105418077	NA	NA	NA	NA	NA_descriptive_no_tests	NA	DONE		GSE176078_CELLxGENE_22a27631	ALL	Fibroblasts	26	6573	6537	0.001851913054760567	0.0	0.0032800465008540926	0.007834838069911596	0.0021668472372697724	Wu2021_author_celltype_major_via_CELLxGENE	0.16254755554126857
BRCA	Wu2021	06_EXTERNAL	20260919T140105Z_scRNA117_v1	sc117_v1	descriptive_cell_source	NA	NA	SOAT1	publisher_donor_label	23	NA	equal_donor_mean_log1p_counts_per_10k	0.09827305271807042	NA	NA	NA	NA	NA_descriptive_no_tests	NA	DONE		GSE176078_CELLxGENE_22a27631	ALL	Fibroblasts	26	6573	6537	0.10247746624026391	0.06893282451374418	0.1168382143559997	0.12241430679722137	0.08934707903780069	Wu2021_author_celltype_major_via_CELLxGENE	0.42180206274132415
BRCA	Wu2021	06_EXTERNAL	20260919T140105Z_scRNA117_v1	sc117_v1	descriptive_cell_source	NA	NA	SOAT2	publisher_donor_label	23	NA	equal_donor_mean_log1p_counts_per_10k	0.0025884623087695734	NA	NA	NA	NA	NA_descriptive_no_tests	NA	DONE		GSE176078_CELLxGENE_22a27631	ALL	Fibroblasts	26	6573	6537	0.0	0.0	0.0011666566880380318	0.0027395215819048468	0.0	Wu2021_author_celltype_major_via_CELLxGENE	1.0
BRCA	Wu2021	06_EXTERNAL	20260919T140105Z_scRNA117_v1	sc117_v1	descriptive_cell_source	NA	NA	SORD	publisher_donor_label	23	NA	equal_donor_mean_log1p_counts_per_10k	0.03648863234488427	NA	NA	NA	NA	NA_descriptive_no_tests	NA	DONE		GSE176078_CELLxGENE_22a27631	ALL	Fibroblasts	26	6573	6537	0.03808801355147997	0.02587184882133254	0.05287551060699343	0.046562533366434254	0.03773584905660377	Wu2021_author_celltype_major_via_CELLxGENE	0.15654892259003064
BRCA	Wu2021	06_EXTERNAL	20260919T140105Z_scRNA117_v1	sc117_v1	descriptive_cell_source	NA	NA	SPHK1	publisher_donor_label	23	NA	equal_donor_mean_log1p_counts_per_10k	0.5357448733621055	NA	NA	NA	NA	NA_descriptive_no_tests	NA	DONE		GSE176078_CELLxGENE_22a27631	ALL	Fibroblasts	26	6573	6537	0.4837809861083397	0.2520040606661408	0.7809506469700971	0.3858104261588389	0.3142857142857143	Wu2021_author_celltype_major_via_CELLxGENE	1.0
BRCA	Wu2021	06_EXTERNAL	20260919T140105Z_scRNA117_v1	sc117_v1	descriptive_cell_source	NA	NA	SPHK2	publisher_donor_label	23	NA	equal_donor_mean_log1p_counts_per_10k	0.034214651089675	NA	NA	NA	NA	NA_descriptive_no_tests	NA	DONE		GSE176078_CELLxGENE_22a27631	ALL	Fibroblasts	26	6573	6537	0.030899955836383372	0.016653553081698403	0.048313003585197495	0.04233900309419924	0.03260869565217391	Wu2021_author_celltype_major_via_CELLxGENE	0.5623020386900766
BRCA	Wu2021	06_EXTERNAL	20260919T140105Z_scRNA117_v1	sc117_v1	descriptive_cell_source	NA	NA	SQLE	publisher_donor_label	23	NA	equal_donor_mean_log1p_counts_per_10k	0.11848574421709168	NA	NA	NA	NA	NA_descriptive_no_tests	NA	DONE		GSE176078_CELLxGENE_22a27631	ALL	Fibroblasts	26	6573	6537	0.10256596382906592	0.07920210145457737	0.14356964782468223	0.13710976769603606	0.09239130434782608	Wu2021_author_celltype_major_via_CELLxGENE	0.2578495095943541
BRCA	Wu2021	06_EXTERNAL	20260919T140105Z_scRNA117_v1	sc117_v1	descriptive_cell_source	NA	NA	TAT	publisher_donor_label	23	NA	equal_donor_mean_log1p_counts_per_10k	0.004446681962188113	NA	NA	NA	NA	NA_descriptive_no_tests	NA	DONE		GSE176078_CELLxGENE_22a27631	ALL	Fibroblasts	26	6573	6537	0.0	0.0	0.0006220767911355071	0.0036046650148387578	0.0	Wu2021_author_celltype_major_via_CELLxGENE	0.06404744355981844
BRCA	Wu2021	06_EXTERNAL	20260919T140105Z_scRNA117_v1	sc117_v1	descriptive_cell_source	NA	NA	UPB1	publisher_donor_label	23	NA	equal_donor_mean_log1p_counts_per_10k	0.002827815482608187	NA	NA	NA	NA	NA_descriptive_no_tests	NA	DONE		GSE176078_CELLxGENE_22a27631	ALL	Fibroblasts	26	6573	6537	0.0	0.0	0.0023134121728379865	0.0025409832942729495	0.0	Wu2021_author_celltype_major_via_CELLxGENE	0.5369012736179681
BRCA	Wu2021	06_EXTERNAL	20260919T140105Z_scRNA117_v1	sc117_v1	descriptive_cell_source	NA	NA	UPP1	publisher_donor_label	23	NA	equal_donor_mean_log1p_counts_per_10k	0.12500246039845533	NA	NA	NA	NA	NA_descriptive_no_tests	NA	DONE		GSE176078_CELLxGENE_22a27631	ALL	Fibroblasts	26	6573	6537	0.07058229017737075	0.05220988071302229	0.1486374024179226	0.12806197133068906	0.06191950464396285	Wu2021_author_celltype_major_via_CELLxGENE	0.22361539502115563
BRCA	Wu2021	06_EXTERNAL	20260919T140105Z_scRNA117_v1	sc117_v1	descriptive_cell_source	NA	NA	UPP2	publisher_donor_label	23	NA	equal_donor_mean_log1p_counts_per_10k	0.00028650205582320375	NA	NA	NA	NA	NA_descriptive_no_tests	NA	DONE		GSE176078_CELLxGENE_22a27631	ALL	Fibroblasts	26	6573	6537	0.0	0.0	0.0	0.0007232931543407448	0.0	Wu2021_author_celltype_major_via_CELLxGENE	0.6077663371916736
BRCA	Wu2021	06_EXTERNAL	20260919T140105Z_scRNA117_v1	sc117_v1	descriptive_cell_source	NA	NA	SHMT2	publisher_donor_label	20	NA	equal_donor_mean_log1p_counts_per_10k	0.26073556291787975	NA	NA	NA	NA	NA_descriptive_no_tests	NA	DONE		GSE176078_CELLxGENE_22a27631	ALL	Malignant_epithelial	20	24489	24489	0.19134635967738972	0.14429991496307193	0.360096654653253	0.3325361491556528	0.3024837547952713	Wu2021_author_celltype_major_via_CELLxGENE	1.0
BRCA	Wu2021	06_EXTERNAL	20260919T140105Z_scRNA117_v1	sc117_v1	descriptive_cell_source	NA	NA	SLC6A6	publisher_donor_label	20	NA	equal_donor_mean_log1p_counts_per_10k	0.033569556571996034	NA	NA	NA	NA	NA_descriptive_no_tests	NA	DONE		GSE176078_CELLxGENE_22a27631	ALL	Malignant_epithelial	20	24489	24489	0.02493003385964197	0.009615852648959203	0.05170246150133804	0.05980496805739703	0.04060705496308449	Wu2021_author_celltype_major_via_CELLxGENE	0.19731702601132242
BRCA	Wu2021	06_EXTERNAL	20260919T140105Z_scRNA117_v1	sc117_v1	descriptive_cell_source	NA	NA	SLC6A8	publisher_donor_label	20	NA	equal_donor_mean_log1p_counts_per_10k	0.057693373923180066	NA	NA	NA	NA	NA_descriptive_no_tests	NA	DONE		GSE176078_CELLxGENE_22a27631	ALL	Malignant_epithelial	20	24489	24489	0.04942461559384436	0.033687957205142983	0.07237231414617765	0.09965765814830138	0.08474665941108894	Wu2021_author_celltype_major_via_CELLxGENE	1.0
BRCA	Wu2021	06_EXTERNAL	20260919T140105Z_scRNA117_v1	sc117_v1	descriptive_cell_source	NA	NA	SLC7A11	publisher_donor_label	20	NA	equal_donor_mean_log1p_counts_per_10k	0.03350564723071444	NA	NA	NA	NA	NA_descriptive_no_tests	NA	DONE		GSE176078_CELLxGENE_22a27631	ALL	Malignant_epithelial	20	24489	24489	0.013834447531716136	0.007049410779711113	0.02436371292546831	0.045730349791350725	0.019713679196437815	Wu2021_author_celltype_major_via_CELLxGENE	1.0
BRCA	Wu2021	06_EXTERNAL	20260919T140105Z_scRNA117_v1	sc117_v1	descriptive_cell_source	NA	NA	SOAT1	publisher_donor_label	20	NA	equal_donor_mean_log1p_counts_per_10k	0.06378855161957572	NA	NA	NA	NA	NA_descriptive_no_tests	NA	DONE		GSE176078_CELLxGENE_22a27631	ALL	Malignant_epithelial	20	24489	24489	0.05127689772218548	0.020212873621408563	0.0955535816622627	0.10582716374610361	0.06868883970177073	Wu2021_author_celltype_major_via_CELLxGENE	0.2737896290818182
BRCA	Wu2021	06_EXTERNAL	20260919T140105Z_scRNA117_v1	sc117_v1	descriptive_cell_source	NA	NA	SOAT2	publisher_donor_label	20	NA	equal_donor_mean_log1p_counts_per_10k	9.415304197494558e-05	NA	NA	NA	NA	NA_descriptive_no_tests	NA	DONE		GSE176078_CELLxGENE_22a27631	ALL	Malignant_epithelial	20	24489	24489	0.0	0.0	5.547816922666038e-05	0.00022925428347949723	0.0	Wu2021_author_celltype_major_via_CELLxGENE	0.036374121290452144
BRCA	Wu2021	06_EXTERNAL	20260919T140105Z_scRNA117_v1	sc117_v1	descriptive_cell_source	NA	NA	SORD	publisher_donor_label	20	NA	equal_donor_mean_log1p_counts_per_10k	0.23308133803284234	NA	NA	NA	NA	NA_descriptive_no_tests	NA	DONE		GSE176078_CELLxGENE_22a27631	ALL	Malignant_epithelial	20	24489	24489	0.1453119999807736	0.11262566220336914	0.3255559568400562	0.29118123329405676	0.24570365240927472	Wu2021_author_celltype_major_via_CELLxGENE	1.0
BRCA	Wu2021	06_EXTERNAL	20260919T140105Z_scRNA117_v1	sc117_v1	descriptive_cell_source	NA	NA	SPHK1	publisher_donor_label	20	NA	equal_donor_mean_log1p_counts_per_10k	0.13928595485914624	NA	NA	NA	NA	NA_descriptive_no_tests	NA	DONE		GSE176078_CELLxGENE_22a27631	ALL	Malignant_epithelial	20	24489	24489	0.02846374188899123	0.006670981583072708	0.15381449820861873	0.13976350456630302	0.039484961820165185	Wu2021_author_celltype_major_via_CELLxGENE	0.25998560468725934
BRCA	Wu2021	06_EXTERNAL	20260919T140105Z_scRNA117_v1	sc117_v1	descriptive_cell_source	NA	NA	SPHK2	publisher_donor_label	20	NA	equal_donor_mean_log1p_counts_per_10k	0.06084746050250959	NA	NA	NA	NA	NA_descriptive_no_tests	NA	DONE		GSE176078_CELLxGENE_22a27631	ALL	Malignant_epithelial	20	24489	24489	0.057028832753159286	0.04773276973745559	0.07057538104011479	0.11006751386203631	0.10767801979937164	Wu2021_author_celltype_major_via_CELLxGENE	1.0
BRCA	Wu2021	06_EXTERNAL	20260919T140105Z_scRNA117_v1	sc117_v1	descriptive_cell_source	NA	NA	SQLE	publisher_donor_label	20	NA	equal_donor_mean_log1p_counts_per_10k	0.45951510399803375	NA	NA	NA	NA	NA_descriptive_no_tests	NA	DONE		GSE176078_CELLxGENE_22a27631	ALL	Malignant_epithelial	20	24489	24489	0.36914584209134005	0.2325675188906658	0.4407895228448879	0.4184960056008406	0.40369320067068665	Wu2021_author_celltype_major_via_CELLxGENE	1.0
BRCA	Wu2021	06_EXTERNAL	20260919T140105Z_scRNA117_v1	sc117_v1	descriptive_cell_source	NA	NA	TAT	publisher_donor_label	20	NA	equal_donor_mean_log1p_counts_per_10k	0.022581249471325567	NA	NA	NA	NA	NA_descriptive_no_tests	NA	DONE		GSE176078_CELLxGENE_22a27631	ALL	Malignant_epithelial	20	24489	24489	0.00012015340257925158	0.0	0.002189721509819226	0.014978677067890422	0.0006500913455800674	Wu2021_author_celltype_major_via_CELLxGENE	0.32524729974464517
BRCA	Wu2021	06_EXTERNAL	20260919T140105Z_scRNA117_v1	sc117_v1	descriptive_cell_source	NA	NA	UPB1	publisher_donor_label	20	NA	equal_donor_mean_log1p_counts_per_10k	0.002324191663810804	NA	NA	NA	NA	NA_descriptive_no_tests	NA	DONE		GSE176078_CELLxGENE_22a27631	ALL	Malignant_epithelial	20	24489	24489	0.0011844949429991496	0.0	0.002750708487270932	0.00402827553125969	0.002400678739964454	Wu2021_author_celltype_major_via_CELLxGENE	0.4412810779582328
BRCA	Wu2021	06_EXTERNAL	20260919T140105Z_scRNA117_v1	sc117_v1	descriptive_cell_source	NA	NA	UPP1	publisher_donor_label	20	NA	equal_donor_mean_log1p_counts_per_10k	0.11069534175293445	NA	NA	NA	NA	NA_descriptive_no_tests	NA	DONE		GSE176078_CELLxGENE_22a27631	ALL	Malignant_epithelial	20	24489	24489	0.0428248092401495	0.020503582133732046	0.09308402526546834	0.13170824683788662	0.053130021010999874	Wu2021_author_celltype_major_via_CELLxGENE	0.19802156288909437
BRCA	Wu2021	06_EXTERNAL	20260919T140105Z_scRNA117_v1	sc117_v1	descriptive_cell_source	NA	NA	UPP2	publisher_donor_label	20	NA	equal_donor_mean_log1p_counts_per_10k	0.0004714016527257041	NA	NA	NA	NA	NA_descriptive_no_tests	NA	DONE		GSE176078_CELLxGENE_22a27631	ALL	Malignant_epithelial	20	24489	24489	0.0	0.0	0.00053738526989551	0.0007532647747341754	0.0	Wu2021_author_celltype_major_via_CELLxGENE	1.0
BRCA	Wu2021	06_EXTERNAL	20260919T140105Z_scRNA117_v1	sc117_v1	descriptive_cell_source	NA	NA	SHMT2	publisher_donor_label	26	NA	equal_donor_mean_log1p_counts_per_10k	0.15567771353843643	NA	NA	NA	NA	NA_descriptive_no_tests	NA	DONE		GSE176078_CELLxGENE_22a27631	ALL	Myeloid	26	9675	9675	0.1516253570296846	0.10495476920512029	0.21932297635478143	0.1849395229218553	0.16368421052631577	Wu2021_author_celltype_major_via_CELLxGENE	0.5970712694358002
BRCA	Wu2021	06_EXTERNAL	20260919T140105Z_scRNA117_v1	sc117_v1	descriptive_cell_source	NA	NA	SLC6A6	publisher_donor_label	26	NA	equal_donor_mean_log1p_counts_per_10k	0.1427251135036714	NA	NA	NA	NA	NA_descriptive_no_tests	NA	DONE		GSE176078_CELLxGENE_22a27631	ALL	Myeloid	26	9675	9675	0.1392209171495165	0.09757851722847817	0.1849542270237994	0.16249757116597122	0.1354879160966712	Wu2021_author_celltype_major_via_CELLxGENE	0.8389176923822081
BRCA	Wu2021	06_EXTERNAL	20260919T140105Z_scRNA117_v1	sc117_v1	descriptive_cell_source	NA	NA	SLC6A8	publisher_donor_label	26	NA	equal_donor_mean_log1p_counts_per_10k	0.030873938380764077	NA	NA	NA	NA	NA_descriptive_no_tests	NA	DONE		GSE176078_CELLxGENE_22a27631	ALL	Myeloid	26	9675	9675	0.02270193341570581	0.009168844967758535	0.0378455004690521	0.03753177044970553	0.022317329390708893	Wu2021_author_celltype_major_via_CELLxGENE	0.5351383751949285
BRCA	Wu2021	06_EXTERNAL	20260919T140105Z_scRNA117_v1	sc117_v1	descriptive_cell_source	NA	NA	SLC7A11	publisher_donor_label	26	NA	equal_donor_mean_log1p_counts_per_10k	0.028075495556292646	NA	NA	NA	NA	NA_descriptive_no_tests	NA	DONE		GSE176078_CELLxGENE_22a27631	ALL	Myeloid	26	9675	9675	0.015142785400758876	0.006041633292482789	0.039153441447548384	0.023175410137575254	0.018754375048611653	Wu2021_author_celltype_major_via_CELLxGENE	0.8379332404167374
BRCA	Wu2021	06_EXTERNAL	20260919T140105Z_scRNA117_v1	sc117_v1	descriptive_cell_source	NA	NA	SOAT1	publisher_donor_label	26	NA	equal_donor_mean_log1p_counts_per_10k	0.23298381254796682	NA	NA	NA	NA	NA_descriptive_no_tests	NA	DONE		GSE176078_CELLxGENE_22a27631	ALL	Myeloid	26	9675	9675	0.224628751249203	0.18995354619863603	0.27520345112329286	0.2379044826146205	0.20895929143246467	Wu2021_author_celltype_major_via_CELLxGENE	1.0
BRCA	Wu2021	06_EXTERNAL	20260919T140105Z_scRNA117_v1	sc117_v1	descriptive_cell_source	NA	NA	SOAT2	publisher_donor_label	26	NA	equal_donor_mean_log1p_counts_per_10k	0.0	NA	NA	NA	NA	NA_descriptive_no_tests	NA	DONE		GSE176078_CELLxGENE_22a27631	ALL	Myeloid	26	9675	9675	0.0	0.0	0.0	0.0	0.0	Wu2021_author_celltype_major_via_CELLxGENE	0.0
BRCA	Wu2021	06_EXTERNAL	20260919T140105Z_scRNA117_v1	sc117_v1	descriptive_cell_source	NA	NA	SORD	publisher_donor_label	26	NA	equal_donor_mean_log1p_counts_per_10k	0.0574506972951737	NA	NA	NA	NA	NA_descriptive_no_tests	NA	DONE		GSE176078_CELLxGENE_22a27631	ALL	Myeloid	26	9675	9675	0.06383820520956897	0.02847624765506218	0.07856458655523536	0.07847175753494953	0.07648920629767894	Wu2021_author_celltype_major_via_CELLxGENE	0.24648347130682172
BRCA	Wu2021	06_EXTERNAL	20260919T140105Z_scRNA117_v1	sc117_v1	descriptive_cell_source	NA	NA	SPHK1	publisher_donor_label	26	NA	equal_donor_mean_log1p_counts_per_10k	0.16369734128455718	NA	NA	NA	NA	NA_descriptive_no_tests	NA	DONE		GSE176078_CELLxGENE_22a27631	ALL	Myeloid	26	9675	9675	0.167823750389886	0.09473336239283243	0.22536535321095688	0.17103654676458296	0.1353241563055062	Wu2021_author_celltype_major_via_CELLxGENE	0.30555092437425047
BRCA	Wu2021	06_EXTERNAL	20260919T140105Z_scRNA117_v1	sc117_v1	descriptive_cell_source	NA	NA	SPHK2	publisher_donor_label	26	NA	equal_donor_mean_log1p_counts_per_10k	0.033264568757380646	NA	NA	NA	NA	NA_descriptive_no_tests	NA	DONE		GSE176078_CELLxGENE_22a27631	ALL	Myeloid	26	9675	9675	0.03594017403953223	0.02282280170405638	0.04376769960393718	0.047088330747090096	0.03768176426657295	Wu2021_author_celltype_major_via_CELLxGENE	0.546687872964044
BRCA	Wu2021	06_EXTERNAL	20260919T140105Z_scRNA117_v1	sc117_v1	descriptive_cell_source	NA	NA	SQLE	publisher_donor_label	26	NA	equal_donor_mean_log1p_counts_per_10k	0.06007725196088039	NA	NA	NA	NA	NA_descriptive_no_tests	NA	DONE		GSE176078_CELLxGENE_22a27631	ALL	Myeloid	26	9675	9675	0.055021464353171706	0.041565756516869994	0.0762659959907066	0.07238503052309705	0.0676706061761342	Wu2021_author_celltype_major_via_CELLxGENE	0.13074053809804123
BRCA	Wu2021	06_EXTERNAL	20260919T140105Z_scRNA117_v1	sc117_v1	descriptive_cell_source	NA	NA	TAT	publisher_donor_label	26	NA	equal_donor_mean_log1p_counts_per_10k	0.0008086883527369455	NA	NA	NA	NA	NA_descriptive_no_tests	NA	DONE		GSE176078_CELLxGENE_22a27631	ALL	Myeloid	26	9675	9675	0.0	0.0	0.0	0.000771158665895508	0.0	Wu2021_author_celltype_major_via_CELLxGENE	0.011647880840102272
BRCA	Wu2021	06_EXTERNAL	20260919T140105Z_scRNA117_v1	sc117_v1	descriptive_cell_source	NA	NA	UPB1	publisher_donor_label	26	NA	equal_donor_mean_log1p_counts_per_10k	0.0019205538919845311	NA	NA	NA	NA	NA_descriptive_no_tests	NA	DONE		GSE176078_CELLxGENE_22a27631	ALL	Myeloid	26	9675	9675	0.0	0.0	0.0013744923906993684	0.002189404960710407	0.0	Wu2021_author_celltype_major_via_CELLxGENE	0.3646446654671378
BRCA	Wu2021	06_EXTERNAL	20260919T140105Z_scRNA117_v1	sc117_v1	descriptive_cell_source	NA	NA	UPP1	publisher_donor_label	26	NA	equal_donor_mean_log1p_counts_per_10k	0.4810257707326053	NA	NA	NA	NA	NA_descriptive_no_tests	NA	DONE		GSE176078_CELLxGENE_22a27631	ALL	Myeloid	26	9675	9675	0.4793631319532371	0.289950837484072	0.6624160228983642	0.3731288255567376	0.35024509803921566	Wu2021_author_celltype_major_via_CELLxGENE	0.8605012044951443
BRCA	Wu2021	06_EXTERNAL	20260919T140105Z_scRNA117_v1	sc117_v1	descriptive_cell_source	NA	NA	UPP2	publisher_donor_label	26	NA	equal_donor_mean_log1p_counts_per_10k	0.0	NA	NA	NA	NA	NA_descriptive_no_tests	NA	DONE		GSE176078_CELLxGENE_22a27631	ALL	Myeloid	26	9675	9675	0.0	0.0	0.0	0.0	0.0	Wu2021_author_celltype_major_via_CELLxGENE	0.0
BRCA	Wu2021	06_EXTERNAL	20260919T140105Z_scRNA117_v1	sc117_v1	descriptive_cell_source	NA	NA	SHMT2	publisher_donor_label	10	NA	equal_donor_mean_log1p_counts_per_10k	0.17309954793401286	NA	NA	NA	NA	NA_descriptive_no_tests	NA	DONE		GSE176078_CELLxGENE_22a27631	ALL	Nonmalignant_epithelial	13	4355	4326	0.16080111755344384	0.1517864687838552	0.19106386931641867	0.259339276488351	0.2531790437436419	Wu2021_author_celltype_major_via_CELLxGENE	0.6638892907314358
BRCA	Wu2021	06_EXTERNAL	20260919T140105Z_scRNA117_v1	sc117_v1	descriptive_cell_source	NA	NA	SLC6A6	publisher_donor_label	10	NA	equal_donor_mean_log1p_counts_per_10k	0.042148126188822584	NA	NA	NA	NA	NA_descriptive_no_tests	NA	DONE		GSE176078_CELLxGENE_22a27631	ALL	Nonmalignant_epithelial	13	4355	4326	0.04957610408755145	0.03529794669000728	0.05700197320752712	0.06448733644047035	0.07482979888880195	Wu2021_author_celltype_major_via_CELLxGENE	0.24774062456535748
BRCA	Wu2021	06_EXTERNAL	20260919T140105Z_scRNA117_v1	sc117_v1	descriptive_cell_source	NA	NA	SLC6A8	publisher_donor_label	10	NA	equal_donor_mean_log1p_counts_per_10k	0.03966334691565064	NA	NA	NA	NA	NA_descriptive_no_tests	NA	DONE		GSE176078_CELLxGENE_22a27631	ALL	Nonmalignant_epithelial	13	4355	4326	0.03620027354464178	0.024978139336923118	0.058465433488007076	0.07264517328227957	0.06621250219285421	Wu2021_author_celltype_major_via_CELLxGENE	0.6874853075582513
BRCA	Wu2021	06_EXTERNAL	20260919T140105Z_scRNA117_v1	sc117_v1	descriptive_cell_source	NA	NA	SLC7A11	publisher_donor_label	10	NA	equal_donor_mean_log1p_counts_per_10k	0.014905661466447992	NA	NA	NA	NA	NA_descriptive_no_tests	NA	DONE		GSE176078_CELLxGENE_22a27631	ALL	Nonmalignant_epithelial	13	4355	4326	0.008248318140610453	0.00137894627676229	0.015559140014320783	0.019816511150170992	0.01120269063881911	Wu2021_author_celltype_major_via_CELLxGENE	0.444870124842238
BRCA	Wu2021	06_EXTERNAL	20260919T140105Z_scRNA117_v1	sc117_v1	descriptive_cell_source	NA	NA	SOAT1	publisher_donor_label	10	NA	equal_donor_mean_log1p_counts_per_10k	0.04243323337786273	NA	NA	NA	NA	NA_descriptive_no_tests	NA	DONE		GSE176078_CELLxGENE_22a27631	ALL	Nonmalignant_epithelial	13	4355	4326	0.042332475546972864	0.03453617003109839	0.05116691890554044	0.06096310218932601	0.054988662131519275	Wu2021_author_celltype_major_via_CELLxGENE	0.18212953472519267
BRCA	Wu2021	06_EXTERNAL	20260919T140105Z_scRNA117_v1	sc117_v1	descriptive_cell_source	NA	NA	SOAT2	publisher_donor_label	10	NA	equal_donor_mean_log1p_counts_per_10k	0.0	NA	NA	NA	NA	NA_descriptive_no_tests	NA	DONE		GSE176078_CELLxGENE_22a27631	ALL	Nonmalignant_epithelial	13	4355	4326	0.0	0.0	0.0	0.0	0.0	Wu2021_author_celltype_major_via_CELLxGENE	0.0
BRCA	Wu2021	06_EXTERNAL	20260919T140105Z_scRNA117_v1	sc117_v1	descriptive_cell_source	NA	NA	SORD	publisher_donor_label	10	NA	equal_donor_mean_log1p_counts_per_10k	0.154056594708804	NA	NA	NA	NA	NA_descriptive_no_tests	NA	DONE		GSE176078_CELLxGENE_22a27631	ALL	Nonmalignant_epithelial	13	4355	4326	0.11114228276523216	0.07918404187957107	0.18470234527529236	0.1945574303247972	0.1334562563580875	Wu2021_author_celltype_major_via_CELLxGENE	0.6609563683176414
BRCA	Wu2021	06_EXTERNAL	20260919T140105Z_scRNA117_v1	sc117_v1	descriptive_cell_source	NA	NA	SPHK1	publisher_donor_label	10	NA	equal_donor_mean_log1p_counts_per_10k	0.2425772780363793	NA	NA	NA	NA	NA_descriptive_no_tests	NA	DONE		GSE176078_CELLxGENE_22a27631	ALL	Nonmalignant_epithelial	13	4355	4326	0.18004406597834693	0.13132487447309832	0.31912763229488667	0.22924629553329937	0.21021956595456087	Wu2021_author_celltype_major_via_CELLxGENE	0.45278506635829874
BRCA	Wu2021	06_EXTERNAL	20260919T140105Z_scRNA117_v1	sc117_v1	descriptive_cell_source	NA	NA	SPHK2	publisher_donor_label	10	NA	equal_donor_mean_log1p_counts_per_10k	0.044380926375419086	NA	NA	NA	NA	NA_descriptive_no_tests	NA	DONE		GSE176078_CELLxGENE_22a27631	ALL	Nonmalignant_epithelial	13	4355	4326	0.039838779164608484	0.02892396771610569	0.04833773729064865	0.06788851764335817	0.07723704866562009	Wu2021_author_celltype_major_via_CELLxGENE	0.7293800925938171
BRCA	Wu2021	06_EXTERNAL	20260919T140105Z_scRNA117_v1	sc117_v1	descriptive_cell_source	NA	NA	SQLE	publisher_donor_label	10	NA	equal_donor_mean_log1p_counts_per_10k	0.12250804498205166	NA	NA	NA	NA	NA_descriptive_no_tests	NA	DONE		GSE176078_CELLxGENE_22a27631	ALL	Nonmalignant_epithelial	13	4355	4326	0.11246828780848564	0.1014936232557476	0.13488387926438863	0.18322447387364238	0.1447760069326702	Wu2021_author_celltype_major_via_CELLxGENE	0.266602868798358
BRCA	Wu2021	06_EXTERNAL	20260919T140105Z_scRNA117_v1	sc117_v1	descriptive_cell_source	NA	NA	TAT	publisher_donor_label	10	NA	equal_donor_mean_log1p_counts_per_10k	0.06942793833816384	NA	NA	NA	NA	NA_descriptive_no_tests	NA	DONE		GSE176078_CELLxGENE_22a27631	ALL	Nonmalignant_epithelial	13	4355	4326	0.042535743116573384	0.0017329319705144195	0.09136776386099019	0.04619901503519761	0.02528344671201814	Wu2021_author_celltype_major_via_CELLxGENE	1.0
BRCA	Wu2021	06_EXTERNAL	20260919T140105Z_scRNA117_v1	sc117_v1	descriptive_cell_source	NA	NA	UPB1	publisher_donor_label	10	NA	equal_donor_mean_log1p_counts_per_10k	0.0011117352633782831	NA	NA	NA	NA	NA_descriptive_no_tests	NA	DONE		GSE176078_CELLxGENE_22a27631	ALL	Nonmalignant_epithelial	13	4355	4326	0.0	0.0	0.0017910859986096182	0.001338210880268401	0.0	Wu2021_author_celltype_major_via_CELLxGENE	0.2110788637040943
BRCA	Wu2021	06_EXTERNAL	20260919T140105Z_scRNA117_v1	sc117_v1	descriptive_cell_source	NA	NA	UPP1	publisher_donor_label	10	NA	equal_donor_mean_log1p_counts_per_10k	0.059006155700169496	NA	NA	NA	NA	NA_descriptive_no_tests	NA	DONE		GSE176078_CELLxGENE_22a27631	ALL	Nonmalignant_epithelial	13	4355	4326	0.052038444738592995	0.04424539635729557	0.05950346637295676	0.07803026648078776	0.06596943965785704	Wu2021_author_celltype_major_via_CELLxGENE	0.10555540085782379
BRCA	Wu2021	06_EXTERNAL	20260919T140105Z_scRNA117_v1	sc117_v1	descriptive_cell_source	NA	NA	UPP2	publisher_donor_label	10	NA	equal_donor_mean_log1p_counts_per_10k	1.828542883118148e-05	NA	NA	NA	NA	NA_descriptive_no_tests	NA	DONE		GSE176078_CELLxGENE_22a27631	ALL	Nonmalignant_epithelial	13	4355	4326	0.0	0.0	0.0	5.08646998982706e-05	0.0	Wu2021_author_celltype_major_via_CELLxGENE	0.0387894881688534
BRCA	Wu2021	06_EXTERNAL	20260919T140105Z_scRNA117_v1	sc117_v1	descriptive_cell_source	NA	NA	SHMT2	publisher_donor_label	24	NA	equal_donor_mean_log1p_counts_per_10k	0.1546563242052176	NA	NA	NA	NA	NA_descriptive_no_tests	NA	DONE		GSE176078_CELLxGENE_22a27631	ALL	Perivascular	26	5423	5400	0.1261143208185645	0.09791383659848837	0.22623267877459813	0.14600789916869325	0.11555555555555555	Wu2021_author_celltype_major_via_CELLxGENE	0.5931539314179692
BRCA	Wu2021	06_EXTERNAL	20260919T140105Z_scRNA117_v1	sc117_v1	descriptive_cell_source	NA	NA	SLC6A6	publisher_donor_label	24	NA	equal_donor_mean_log1p_counts_per_10k	0.004577930647456904	NA	NA	NA	NA	NA_descriptive_no_tests	NA	DONE		GSE176078_CELLxGENE_22a27631	ALL	Perivascular	26	5423	5400	0.0	0.0	0.005830189948886486	0.005285245729673098	0.0	Wu2021_author_celltype_major_via_CELLxGENE	0.026908418009781714
BRCA	Wu2021	06_EXTERNAL	20260919T140105Z_scRNA117_v1	sc117_v1	descriptive_cell_source	NA	NA	SLC6A8	publisher_donor_label	24	NA	equal_donor_mean_log1p_counts_per_10k	0.02255626320144033	NA	NA	NA	NA	NA_descriptive_no_tests	NA	DONE		GSE176078_CELLxGENE_22a27631	ALL	Perivascular	26	5423	5400	0.02180536136315747	0.0	0.03409189478199465	0.025483649727949365	0.01701393247144471	Wu2021_author_celltype_major_via_CELLxGENE	0.3909680032142766
BRCA	Wu2021	06_EXTERNAL	20260919T140105Z_scRNA117_v1	sc117_v1	descriptive_cell_source	NA	NA	SLC7A11	publisher_donor_label	24	NA	equal_donor_mean_log1p_counts_per_10k	0.007919338241146366	NA	NA	NA	NA	NA_descriptive_no_tests	NA	DONE		GSE176078_CELLxGENE_22a27631	ALL	Perivascular	26	5423	5400	0.0	0.0	0.007797577895540072	0.006852741522657594	0.0	Wu2021_author_celltype_major_via_CELLxGENE	0.23635831257384865
BRCA	Wu2021	06_EXTERNAL	20260919T140105Z_scRNA117_v1	sc117_v1	descriptive_cell_source	NA	NA	SOAT1	publisher_donor_label	24	NA	equal_donor_mean_log1p_counts_per_10k	0.04694428415216678	NA	NA	NA	NA	NA_descriptive_no_tests	NA	DONE		GSE176078_CELLxGENE_22a27631	ALL	Perivascular	26	5423	5400	0.04371792973590595	0.030505644372942148	0.06018945239315425	0.05096983509854602	0.03692329071706504	Wu2021_author_celltype_major_via_CELLxGENE	0.2014916128239673
BRCA	Wu2021	06_EXTERNAL	20260919T140105Z_scRNA117_v1	sc117_v1	descriptive_cell_source	NA	NA	SOAT2	publisher_donor_label	24	NA	equal_donor_mean_log1p_counts_per_10k	0.00012636468425269393	NA	NA	NA	NA	NA_descriptive_no_tests	NA	DONE		GSE176078_CELLxGENE_22a27631	ALL	Perivascular	26	5423	5400	0.0	0.0	0.0	0.00026371308016877635	0.0	Wu2021_author_celltype_major_via_CELLxGENE	0.04881843704058843
BRCA	Wu2021	06_EXTERNAL	20260919T140105Z_scRNA117_v1	sc117_v1	descriptive_cell_source	NA	NA	SORD	publisher_donor_label	24	NA	equal_donor_mean_log1p_counts_per_10k	0.03405843451088281	NA	NA	NA	NA	NA_descriptive_no_tests	NA	DONE		GSE176078_CELLxGENE_22a27631	ALL	Perivascular	26	5423	5400	0.03564326508741705	0.012979789747146808	0.0503633039633652	0.03506696880863066	0.030017921146953404	Wu2021_author_celltype_major_via_CELLxGENE	0.1461225287203551
BRCA	Wu2021	06_EXTERNAL	20260919T140105Z_scRNA117_v1	sc117_v1	descriptive_cell_source	NA	NA	SPHK1	publisher_donor_label	24	NA	equal_donor_mean_log1p_counts_per_10k	0.1459554052847962	NA	NA	NA	NA	NA_descriptive_no_tests	NA	DONE		GSE176078_CELLxGENE_22a27631	ALL	Perivascular	26	5423	5400	0.12724468214682547	0.04164825807542343	0.1812693350615454	0.12336907549656102	0.07219662058371736	Wu2021_author_celltype_major_via_CELLxGENE	0.2724345346859645
BRCA	Wu2021	06_EXTERNAL	20260919T140105Z_scRNA117_v1	sc117_v1	descriptive_cell_source	NA	NA	SPHK2	publisher_donor_label	24	NA	equal_donor_mean_log1p_counts_per_10k	0.03042774983853974	NA	NA	NA	NA	NA_descriptive_no_tests	NA	DONE		GSE176078_CELLxGENE_22a27631	ALL	Perivascular	26	5423	5400	0.031370312631438156	0.01467365276940357	0.04436677648166529	0.035845067762496734	0.022909407665505227	Wu2021_author_celltype_major_via_CELLxGENE	0.5000660600664638
BRCA	Wu2021	06_EXTERNAL	20260919T140105Z_scRNA117_v1	sc117_v1	descriptive_cell_source	NA	NA	SQLE	publisher_donor_label	24	NA	equal_donor_mean_log1p_counts_per_10k	0.07126994659710047	NA	NA	NA	NA	NA_descriptive_no_tests	NA	DONE		GSE176078_CELLxGENE_22a27631	ALL	Perivascular	26	5423	5400	0.0584856496678159	0.027943320080022017	0.09290309343059935	0.066578204658431	0.06440092165898617	Wu2021_author_celltype_major_via_CELLxGENE	0.15509815885704895
BRCA	Wu2021	06_EXTERNAL	20260919T140105Z_scRNA117_v1	sc117_v1	descriptive_cell_source	NA	NA	TAT	publisher_donor_label	24	NA	equal_donor_mean_log1p_counts_per_10k	0.0033759292603001228	NA	NA	NA	NA	NA_descriptive_no_tests	NA	DONE		GSE176078_CELLxGENE_22a27631	ALL	Perivascular	26	5423	5400	0.0	0.0	0.0	0.0011838750130208694	0.0	Wu2021_author_celltype_major_via_CELLxGENE	0.04862493890941865
BRCA	Wu2021	06_EXTERNAL	20260919T140105Z_scRNA117_v1	sc117_v1	descriptive_cell_source	NA	NA	UPB1	publisher_donor_label	24	NA	equal_donor_mean_log1p_counts_per_10k	0.003351252036183018	NA	NA	NA	NA	NA_descriptive_no_tests	NA	DONE		GSE176078_CELLxGENE_22a27631	ALL	Perivascular	26	5423	5400	0.0	0.0	0.0005196101912482821	0.0023868030813869595	0.0	Wu2021_author_celltype_major_via_CELLxGENE	0.6362832007631457
BRCA	Wu2021	06_EXTERNAL	20260919T140105Z_scRNA117_v1	sc117_v1	descriptive_cell_source	NA	NA	UPP1	publisher_donor_label	24	NA	equal_donor_mean_log1p_counts_per_10k	0.11183494602089612	NA	NA	NA	NA	NA_descriptive_no_tests	NA	DONE		GSE176078_CELLxGENE_22a27631	ALL	Perivascular	26	5423	5400	0.09055463466082245	0.05321791818067222	0.1500860169348101	0.10507795827493571	0.07321231529954453	Wu2021_author_celltype_major_via_CELLxGENE	0.20006018723085334
BRCA	Wu2021	06_EXTERNAL	20260919T140105Z_scRNA117_v1	sc117_v1	descriptive_cell_source	NA	NA	UPP2	publisher_donor_label	24	NA	equal_donor_mean_log1p_counts_per_10k	0.0	NA	NA	NA	NA	NA_descriptive_no_tests	NA	DONE		GSE176078_CELLxGENE_22a27631	ALL	Perivascular	26	5423	5400	0.0	0.0	0.0	0.0	0.0	Wu2021_author_celltype_major_via_CELLxGENE	0.0
BRCA	Wu2021	06_EXTERNAL	20260919T140105Z_scRNA117_v1	sc117_v1	descriptive_cell_source	NA	NA	SHMT2	publisher_donor_label	14	NA	equal_donor_mean_log1p_counts_per_10k	0.15749321658704335	NA	NA	NA	NA	NA_descriptive_no_tests	NA	DONE		GSE176078_CELLxGENE_22a27631	ALL	Plasma_cells	14	3524	3524	0.11811516018427692	0.10358842294605779	0.20218806326887667	0.20083838714866573	0.17610119047619047	Wu2021_author_celltype_major_via_CELLxGENE	0.6040342745137792
BRCA	Wu2021	06_EXTERNAL	20260919T140105Z_scRNA117_v1	sc117_v1	descriptive_cell_source	NA	NA	SLC6A6	publisher_donor_label	14	NA	equal_donor_mean_log1p_counts_per_10k	0.012240519444386363	NA	NA	NA	NA	NA_descriptive_no_tests	NA	DONE		GSE176078_CELLxGENE_22a27631	ALL	Plasma_cells	14	3524	3524	0.009551601417251865	0.004549436749002265	0.015739155279881144	0.017932854065179183	0.011106442577030813	Wu2021_author_celltype_major_via_CELLxGENE	0.07194801302841461
BRCA	Wu2021	06_EXTERNAL	20260919T140105Z_scRNA117_v1	sc117_v1	descriptive_cell_source	NA	NA	SLC6A8	publisher_donor_label	14	NA	equal_donor_mean_log1p_counts_per_10k	0.0025977338614549305	NA	NA	NA	NA	NA_descriptive_no_tests	NA	DONE		GSE176078_CELLxGENE_22a27631	ALL	Plasma_cells	14	3524	3524	0.0	0.0	0.005502402226226946	0.004843312231677076	0.0	Wu2021_author_celltype_major_via_CELLxGENE	0.04502655478103673
BRCA	Wu2021	06_EXTERNAL	20260919T140105Z_scRNA117_v1	sc117_v1	descriptive_cell_source	NA	NA	SLC7A11	publisher_donor_label	14	NA	equal_donor_mean_log1p_counts_per_10k	0.004707805610918591	NA	NA	NA	NA	NA_descriptive_no_tests	NA	DONE		GSE176078_CELLxGENE_22a27631	ALL	Plasma_cells	14	3524	3524	0.0019219521390743623	0.0	0.007619803114718087	0.009590021160468365	0.0021551724137931034	Wu2021_author_celltype_major_via_CELLxGENE	0.140507824800438
BRCA	Wu2021	06_EXTERNAL	20260919T140105Z_scRNA117_v1	sc117_v1	descriptive_cell_source	NA	NA	SOAT1	publisher_donor_label	14	NA	equal_donor_mean_log1p_counts_per_10k	0.02511944478054771	NA	NA	NA	NA	NA_descriptive_no_tests	NA	DONE		GSE176078_CELLxGENE_22a27631	ALL	Plasma_cells	14	3524	3524	0.02456123088599506	0.01926170953200201	0.02783491064902041	0.03703021105627859	0.03007785615966965	Wu2021_author_celltype_major_via_CELLxGENE	0.10781626631410755
BRCA	Wu2021	06_EXTERNAL	20260919T140105Z_scRNA117_v1	sc117_v1	descriptive_cell_source	NA	NA	SOAT2	publisher_donor_label	14	NA	equal_donor_mean_log1p_counts_per_10k	0.0	NA	NA	NA	NA	NA_descriptive_no_tests	NA	DONE		GSE176078_CELLxGENE_22a27631	ALL	Plasma_cells	14	3524	3524	0.0	0.0	0.0	0.0	0.0	Wu2021_author_celltype_major_via_CELLxGENE	0.0
BRCA	Wu2021	06_EXTERNAL	20260919T140105Z_scRNA117_v1	sc117_v1	descriptive_cell_source	NA	NA	SORD	publisher_donor_label	14	NA	equal_donor_mean_log1p_counts_per_10k	0.013757642636387775	NA	NA	NA	NA	NA_descriptive_no_tests	NA	DONE		GSE176078_CELLxGENE_22a27631	ALL	Plasma_cells	14	3524	3524	0.007689569937224666	0.0008693814563257569	0.01850964390602431	0.021722535168466735	0.0196078431372549	Wu2021_author_celltype_major_via_CELLxGENE	0.05902507147290007
BRCA	Wu2021	06_EXTERNAL	20260919T140105Z_scRNA117_v1	sc117_v1	descriptive_cell_source	NA	NA	SPHK1	publisher_donor_label	14	NA	equal_donor_mean_log1p_counts_per_10k	0.016971453666625766	NA	NA	NA	NA	NA_descriptive_no_tests	NA	DONE		GSE176078_CELLxGENE_22a27631	ALL	Plasma_cells	14	3524	3524	0.005478573654982508	0.0	0.02155320779365103	0.020054899332679444	0.00975378787878788	Wu2021_author_celltype_major_via_CELLxGENE	0.031678238113824815
BRCA	Wu2021	06_EXTERNAL	20260919T140105Z_scRNA117_v1	sc117_v1	descriptive_cell_source	NA	NA	SPHK2	publisher_donor_label	14	NA	equal_donor_mean_log1p_counts_per_10k	0.019630567294705838	NA	NA	NA	NA	NA_descriptive_no_tests	NA	DONE		GSE176078_CELLxGENE_22a27631	ALL	Plasma_cells	14	3524	3524	0.018796571467728198	0.001440769325428285	0.02231282328175658	0.036033920241485586	0.026089863336938357	Wu2021_author_celltype_major_via_CELLxGENE	0.3226193358372974
BRCA	Wu2021	06_EXTERNAL	20260919T140105Z_scRNA117_v1	sc117_v1	descriptive_cell_source	NA	NA	SQLE	publisher_donor_label	14	NA	equal_donor_mean_log1p_counts_per_10k	0.05941019956826966	NA	NA	NA	NA	NA_descriptive_no_tests	NA	DONE		GSE176078_CELLxGENE_22a27631	ALL	Plasma_cells	14	3524	3524	0.039025943510747195	0.02526090380710458	0.07067909455050146	0.08140831834165396	0.06583606601622066	Wu2021_author_celltype_major_via_CELLxGENE	0.129288893991445
BRCA	Wu2021	06_EXTERNAL	20260919T140105Z_scRNA117_v1	sc117_v1	descriptive_cell_source	NA	NA	TAT	publisher_donor_label	14	NA	equal_donor_mean_log1p_counts_per_10k	0.003932087657515399	NA	NA	NA	NA	NA_descriptive_no_tests	NA	DONE		GSE176078_CELLxGENE_22a27631	ALL	Plasma_cells	14	3524	3524	0.0	0.0	0.0	0.002232142857142857	0.0	Wu2021_author_celltype_major_via_CELLxGENE	0.05663552384867337
BRCA	Wu2021	06_EXTERNAL	20260919T140105Z_scRNA117_v1	sc117_v1	descriptive_cell_source	NA	NA	UPB1	publisher_donor_label	14	NA	equal_donor_mean_log1p_counts_per_10k	0.0	NA	NA	NA	NA	NA_descriptive_no_tests	NA	DONE		GSE176078_CELLxGENE_22a27631	ALL	Plasma_cells	14	3524	3524	0.0	0.0	0.0	0.0	0.0	Wu2021_author_celltype_major_via_CELLxGENE	0.0
BRCA	Wu2021	06_EXTERNAL	20260919T140105Z_scRNA117_v1	sc117_v1	descriptive_cell_source	NA	NA	UPP1	publisher_donor_label	14	NA	equal_donor_mean_log1p_counts_per_10k	0.05578786072424978	NA	NA	NA	NA	NA_descriptive_no_tests	NA	DONE		GSE176078_CELLxGENE_22a27631	ALL	Plasma_cells	14	3524	3524	0.0491484955380673	0.026808403051114312	0.05771712549939453	0.06899085367647387	0.05570409982174688	Wu2021_author_celltype_major_via_CELLxGENE	0.09979823175858438
BRCA	Wu2021	06_EXTERNAL	20260919T140105Z_scRNA117_v1	sc117_v1	descriptive_cell_source	NA	NA	UPP2	publisher_donor_label	14	NA	equal_donor_mean_log1p_counts_per_10k	0.0	NA	NA	NA	NA	NA_descriptive_no_tests	NA	DONE		GSE176078_CELLxGENE_22a27631	ALL	Plasma_cells	14	3524	3524	0.0	0.0	0.0	0.0	0.0	Wu2021_author_celltype_major_via_CELLxGENE	0.0
BRCA	Wu2021	06_EXTERNAL	20260919T140105Z_scRNA117_v1	sc117_v1	descriptive_cell_source	NA	NA	SHMT2	publisher_donor_label	26	NA	equal_donor_mean_log1p_counts_per_10k	0.10962387745075944	NA	NA	NA	NA	NA_descriptive_no_tests	NA	DONE		GSE176078_CELLxGENE_22a27631	ALL	T_NK_cells	26	35214	35214	0.08690909911896437	0.058639130923932914	0.15448145309466443	0.0707270919734064	0.05120769108533291	Wu2021_author_celltype_major_via_CELLxGENE	0.4204408337089257
BRCA	Wu2021	06_EXTERNAL	20260919T140105Z_scRNA117_v1	sc117_v1	descriptive_cell_source	NA	NA	SLC6A6	publisher_donor_label	26	NA	equal_donor_mean_log1p_counts_per_10k	0.08953300195084903	NA	NA	NA	NA	NA_descriptive_no_tests	NA	DONE		GSE176078_CELLxGENE_22a27631	ALL	T_NK_cells	26	35214	35214	0.0887760920204094	0.05751136155302336	0.10772484244486405	0.05691706522774387	0.04952658935850522	Wu2021_author_celltype_major_via_CELLxGENE	0.526262110043625
BRCA	Wu2021	06_EXTERNAL	20260919T140105Z_scRNA117_v1	sc117_v1	descriptive_cell_source	NA	NA	SLC6A8	publisher_donor_label	26	NA	equal_donor_mean_log1p_counts_per_10k	0.005703261764702604	NA	NA	NA	NA	NA_descriptive_no_tests	NA	DONE		GSE176078_CELLxGENE_22a27631	ALL	T_NK_cells	26	35214	35214	0.0026170312137748478	8.7176126471348e-05	0.008098119042381132	0.004127931607964943	0.0017917931260766139	Wu2021_author_celltype_major_via_CELLxGENE	0.09885471028781606
BRCA	Wu2021	06_EXTERNAL	20260919T140105Z_scRNA117_v1	sc117_v1	descriptive_cell_source	NA	NA	SLC7A11	publisher_donor_label	26	NA	equal_donor_mean_log1p_counts_per_10k	0.0008627182026351942	NA	NA	NA	NA	NA_descriptive_no_tests	NA	DONE		GSE176078_CELLxGENE_22a27631	ALL	T_NK_cells	26	35214	35214	0.0	0.0	0.0009232991764115061	0.0006686119612996015	0.0	Wu2021_author_celltype_major_via_CELLxGENE	0.025748441649091684
BRCA	Wu2021	06_EXTERNAL	20260919T140105Z_scRNA117_v1	sc117_v1	descriptive_cell_source	NA	NA	SOAT1	publisher_donor_label	26	NA	equal_donor_mean_log1p_counts_per_10k	0.08076585689040867	NA	NA	NA	NA	NA_descriptive_no_tests	NA	DONE		GSE176078_CELLxGENE_22a27631	ALL	T_NK_cells	26	35214	35214	0.08401563901861117	0.06737994750850068	0.1023005182406589	0.05138767301753996	0.04690782310306523	Wu2021_author_celltype_major_via_CELLxGENE	0.3466586627076527
BRCA	Wu2021	06_EXTERNAL	20260919T140105Z_scRNA117_v1	sc117_v1	descriptive_cell_source	NA	NA	SOAT2	publisher_donor_label	26	NA	equal_donor_mean_log1p_counts_per_10k	0.0007561114845535853	NA	NA	NA	NA	NA_descriptive_no_tests	NA	DONE		GSE176078_CELLxGENE_22a27631	ALL	T_NK_cells	26	35214	35214	0.0	0.0	0.0010381099653486055	0.000510000080553749	0.0	Wu2021_author_celltype_major_via_CELLxGENE	0.2921083617836952
BRCA	Wu2021	06_EXTERNAL	20260919T140105Z_scRNA117_v1	sc117_v1	descriptive_cell_source	NA	NA	SORD	publisher_donor_label	26	NA	equal_donor_mean_log1p_counts_per_10k	0.01958075004902298	NA	NA	NA	NA	NA_descriptive_no_tests	NA	DONE		GSE176078_CELLxGENE_22a27631	ALL	T_NK_cells	26	35214	35214	0.015321847391856032	0.010219879219829224	0.020631846430812104	0.013633403305296932	0.010571768910065515	Wu2021_author_celltype_major_via_CELLxGENE	0.08400822740370521
BRCA	Wu2021	06_EXTERNAL	20260919T140105Z_scRNA117_v1	sc117_v1	descriptive_cell_source	NA	NA	SPHK1	publisher_donor_label	26	NA	equal_donor_mean_log1p_counts_per_10k	0.012350499195878365	NA	NA	NA	NA	NA_descriptive_no_tests	NA	DONE		GSE176078_CELLxGENE_22a27631	ALL	T_NK_cells	26	35214	35214	0.010603002924073734	0.005439007099648058	0.019361933554368202	0.007703955231742963	0.0055964773823393085	Wu2021_author_celltype_major_via_CELLxGENE	0.023052948912738732
BRCA	Wu2021	06_EXTERNAL	20260919T140105Z_scRNA117_v1	sc117_v1	descriptive_cell_source	NA	NA	SPHK2	publisher_donor_label	26	NA	equal_donor_mean_log1p_counts_per_10k	0.035377776454188645	NA	NA	NA	NA	NA_descriptive_no_tests	NA	DONE		GSE176078_CELLxGENE_22a27631	ALL	T_NK_cells	26	35214	35214	0.034007424671169545	0.018736600986360374	0.04810542094727391	0.023584339607902852	0.02334784488302631	Wu2021_author_celltype_major_via_CELLxGENE	0.5814174685684629
BRCA	Wu2021	06_EXTERNAL	20260919T140105Z_scRNA117_v1	sc117_v1	descriptive_cell_source	NA	NA	SQLE	publisher_donor_label	26	NA	equal_donor_mean_log1p_counts_per_10k	0.07705769435811159	NA	NA	NA	NA	NA_descriptive_no_tests	NA	DONE		GSE176078_CELLxGENE_22a27631	ALL	T_NK_cells	26	35214	35214	0.07265672721034536	0.050086142256188314	0.09479482663074555	0.049065849237968466	0.04086080782404075	Wu2021_author_celltype_major_via_CELLxGENE	0.16769349622605928
BRCA	Wu2021	06_EXTERNAL	20260919T140105Z_scRNA117_v1	sc117_v1	descriptive_cell_source	NA	NA	TAT	publisher_donor_label	26	NA	equal_donor_mean_log1p_counts_per_10k	0.001036800393078867	NA	NA	NA	NA	NA_descriptive_no_tests	NA	DONE		GSE176078_CELLxGENE_22a27631	ALL	T_NK_cells	26	35214	35214	0.0	0.0	0.0	0.0005169903355209315	0.0	Wu2021_author_celltype_major_via_CELLxGENE	0.014933475167141495
BRCA	Wu2021	06_EXTERNAL	20260919T140105Z_scRNA117_v1	sc117_v1	descriptive_cell_source	NA	NA	UPB1	publisher_donor_label	26	NA	equal_donor_mean_log1p_counts_per_10k	0.0008892896688374496	NA	NA	NA	NA	NA_descriptive_no_tests	NA	DONE		GSE176078_CELLxGENE_22a27631	ALL	T_NK_cells	26	35214	35214	0.0	0.0	0.00130525261667003	0.0006442810248950714	0.0	Wu2021_author_celltype_major_via_CELLxGENE	0.16884438137870936
BRCA	Wu2021	06_EXTERNAL	20260919T140105Z_scRNA117_v1	sc117_v1	descriptive_cell_source	NA	NA	UPP1	publisher_donor_label	26	NA	equal_donor_mean_log1p_counts_per_10k	0.21480771432733375	NA	NA	NA	NA	NA_descriptive_no_tests	NA	DONE		GSE176078_CELLxGENE_22a27631	ALL	T_NK_cells	26	35214	35214	0.20508831861896648	0.1333033028255544	0.29000922092256615	0.12695313915141274	0.12211170169003985	Wu2021_author_celltype_major_via_CELLxGENE	0.3842669315450678
BRCA	Wu2021	06_EXTERNAL	20260919T140105Z_scRNA117_v1	sc117_v1	descriptive_cell_source	NA	NA	UPP2	publisher_donor_label	26	NA	equal_donor_mean_log1p_counts_per_10k	5.5774545130533634e-05	NA	NA	NA	NA	NA_descriptive_no_tests	NA	DONE		GSE176078_CELLxGENE_22a27631	ALL	T_NK_cells	26	35214	35214	0.0	0.0	0.0	4.8254737685186485e-05	0.0	Wu2021_author_celltype_major_via_CELLxGENE	0.11831639708524276
BRCA	Wu2021	06_EXTERNAL	20260922T023000Z_sc39_v1	sc39_v1	descriptive_cell_source	NA	NA	SLC13A3	publisher_donor_label	20	NA	equal_donor_mean_log1p_counts_per_10k	0.0	NA	NA	NA	NA	NA_descriptive_no_tests	NA	DONE		GSE176078_CELLxGENE_22a27631	ALL	B_cells	20	3206	3206	0.0	0.0	0.0	0.0	0.0	Wu2021_author_celltype_major_via_CELLxGENE	0.0
BRCA	Wu2021	06_EXTERNAL	20260922T023000Z_sc39_v1	sc39_v1	descriptive_cell_source	NA	NA	SLC22A2	publisher_donor_label	20	NA	equal_donor_mean_log1p_counts_per_10k	0.0	NA	NA	NA	NA	NA_descriptive_no_tests	NA	DONE		GSE176078_CELLxGENE_22a27631	ALL	B_cells	20	3206	3206	0.0	0.0	0.0	0.0	0.0	Wu2021_author_celltype_major_via_CELLxGENE	0.0
BRCA	Wu2021	06_EXTERNAL	20260922T023000Z_sc39_v1	sc39_v1	descriptive_cell_source	NA	NA	SLC22A4	publisher_donor_label	20	NA	equal_donor_mean_log1p_counts_per_10k	0.0017234623757179195	NA	NA	NA	NA	NA_descriptive_no_tests	NA	DONE		GSE176078_CELLxGENE_22a27631	ALL	B_cells	20	3206	3206	0.0	0.0	0.0	0.0010504084102714827	0.0	Wu2021_author_celltype_major_via_CELLxGENE	0.05969080875947021
BRCA	Wu2021	06_EXTERNAL	20260922T023000Z_sc39_v1	sc39_v1	descriptive_cell_source	NA	NA	SLC25A10	publisher_donor_label	20	NA	equal_donor_mean_log1p_counts_per_10k	0.009877030223754791	NA	NA	NA	NA	NA_descriptive_no_tests	NA	DONE		GSE176078_CELLxGENE_22a27631	ALL	B_cells	20	3206	3206	0.0	0.0	0.009478811616055013	0.005454701041716065	0.0	Wu2021_author_celltype_major_via_CELLxGENE	0.09521828157582433
BRCA	Wu2021	06_EXTERNAL	20260922T023000Z_sc39_v1	sc39_v1	descriptive_cell_source	NA	NA	SLC25A20	publisher_donor_label	20	NA	equal_donor_mean_log1p_counts_per_10k	0.020369276386810874	NA	NA	NA	NA	NA_descriptive_no_tests	NA	DONE		GSE176078_CELLxGENE_22a27631	ALL	B_cells	20	3206	3206	0.017970432428036837	0.0029153981713330303	0.031777215382193476	0.01484409726165043	0.011912347776833757	Wu2021_author_celltype_major_via_CELLxGENE	0.38007173753946566
BRCA	Wu2021	06_EXTERNAL	20260922T023000Z_sc39_v1	sc39_v1	descriptive_cell_source	NA	NA	SLC29A2	publisher_donor_label	20	NA	equal_donor_mean_log1p_counts_per_10k	0.004917289301178849	NA	NA	NA	NA	NA_descriptive_no_tests	NA	DONE		GSE176078_CELLxGENE_22a27631	ALL	B_cells	20	3206	3206	0.0	0.0	0.00745472066062159	0.0036391551179238727	0.0	Wu2021_author_celltype_major_via_CELLxGENE	0.08269095276334988
BRCA	Wu2021	06_EXTERNAL	20260922T023000Z_sc39_v1	sc39_v1	descriptive_cell_source	NA	NA	SLC47A1	publisher_donor_label	20	NA	equal_donor_mean_log1p_counts_per_10k	0.0	NA	NA	NA	NA	NA_descriptive_no_tests	NA	DONE		GSE176078_CELLxGENE_22a27631	ALL	B_cells	20	3206	3206	0.0	0.0	0.0	0.0	0.0	Wu2021_author_celltype_major_via_CELLxGENE	0.0
BRCA	Wu2021	06_EXTERNAL	20260922T023000Z_sc39_v1	sc39_v1	descriptive_cell_source	NA	NA	SLC47A2	publisher_donor_label	20	NA	equal_donor_mean_log1p_counts_per_10k	0.0	NA	NA	NA	NA	NA_descriptive_no_tests	NA	DONE		GSE176078_CELLxGENE_22a27631	ALL	B_cells	20	3206	3206	0.0	0.0	0.0	0.0	0.0	Wu2021_author_celltype_major_via_CELLxGENE	0.0
BRCA	Wu2021	06_EXTERNAL	20260922T023000Z_sc39_v1	sc39_v1	descriptive_cell_source	NA	NA	SLC5A10	publisher_donor_label	20	NA	equal_donor_mean_log1p_counts_per_10k	0.004800441906265059	NA	NA	NA	NA	NA_descriptive_no_tests	NA	DONE		GSE176078_CELLxGENE_22a27631	ALL	B_cells	20	3206	3206	0.0	0.0	0.0	0.0020932126468369916	0.0	Wu2021_author_celltype_major_via_CELLxGENE	1.0
BRCA	Wu2021	06_EXTERNAL	20260922T023000Z_sc39_v1	sc39_v1	descriptive_cell_source	NA	NA	SUCLA2	publisher_donor_label	20	NA	equal_donor_mean_log1p_counts_per_10k	0.03542088279637632	NA	NA	NA	NA	NA_descriptive_no_tests	NA	DONE		GSE176078_CELLxGENE_22a27631	ALL	B_cells	20	3206	3206	0.0386413415257916	0.022875415202527727	0.04874439340779886	0.022945165757376432	0.02449142800019993	Wu2021_author_celltype_major_via_CELLxGENE	0.2026221605931541
BRCA	Wu2021	06_EXTERNAL	20260922T023000Z_sc39_v1	sc39_v1	descriptive_cell_source	NA	NA	SUCLG1	publisher_donor_label	20	NA	equal_donor_mean_log1p_counts_per_10k	0.12595425146942246	NA	NA	NA	NA	NA_descriptive_no_tests	NA	DONE		GSE176078_CELLxGENE_22a27631	ALL	B_cells	20	3206	3206	0.1415679645179823	0.07853000190528674	0.16277061468540646	0.08483133091564121	0.08516682785299806	Wu2021_author_celltype_major_via_CELLxGENE	0.2265465187767522
BRCA	Wu2021	06_EXTERNAL	20260922T023000Z_sc39_v1	sc39_v1	descriptive_cell_source	NA	NA	SUCLG2	publisher_donor_label	20	NA	equal_donor_mean_log1p_counts_per_10k	0.1091264309057473	NA	NA	NA	NA	NA_descriptive_no_tests	NA	DONE		GSE176078_CELLxGENE_22a27631	ALL	B_cells	20	3206	3206	0.11892999561908874	0.07201454038232839	0.15891101092833537	0.07301905482282589	0.07142857142857142	Wu2021_author_celltype_major_via_CELLxGENE	0.4120959129755746
BRCA	Wu2021	06_EXTERNAL	20260922T023000Z_sc39_v1	sc39_v1	descriptive_cell_source	NA	NA	SLC13A3	publisher_donor_label	24	NA	equal_donor_mean_log1p_counts_per_10k	0.0012072731595587887	NA	NA	NA	NA	NA_descriptive_no_tests	NA	DONE		GSE176078_CELLxGENE_22a27631	ALL	Endothelial	26	7605	7587	0.0	0.0	7.701113125578194e-05	0.0011906796227557927	0.0	Wu2021_author_celltype_major_via_CELLxGENE	0.0753273741541752
BRCA	Wu2021	06_EXTERNAL	20260922T023000Z_sc39_v1	sc39_v1	descriptive_cell_source	NA	NA	SLC22A2	publisher_donor_label	24	NA	equal_donor_mean_log1p_counts_per_10k	0.0	NA	NA	NA	NA	NA_descriptive_no_tests	NA	DONE		GSE176078_CELLxGENE_22a27631	ALL	Endothelial	26	7605	7587	0.0	0.0	0.0	0.0	0.0	Wu2021_author_celltype_major_via_CELLxGENE	0.0
BRCA	Wu2021	06_EXTERNAL	20260922T023000Z_sc39_v1	sc39_v1	descriptive_cell_source	NA	NA	SLC22A4	publisher_donor_label	24	NA	equal_donor_mean_log1p_counts_per_10k	0.028873161740239715	NA	NA	NA	NA	NA_descriptive_no_tests	NA	DONE		GSE176078_CELLxGENE_22a27631	ALL	Endothelial	26	7605	7587	0.029603738419757282	0.011538347107836043	0.03941195353442901	0.03397011713659579	0.026179713718238476	Wu2021_author_celltype_major_via_CELLxGENE	1.0
BRCA	Wu2021	06_EXTERNAL	20260922T023000Z_sc39_v1	sc39_v1	descriptive_cell_source	NA	NA	SLC25A10	publisher_donor_label	24	NA	equal_donor_mean_log1p_counts_per_10k	0.005862757303585591	NA	NA	NA	NA	NA_descriptive_no_tests	NA	DONE		GSE176078_CELLxGENE_22a27631	ALL	Endothelial	26	7605	7587	0.0	0.0	0.00816120976800932	0.0077143321822153235	0.0	Wu2021_author_celltype_major_via_CELLxGENE	0.05651918269936327
BRCA	Wu2021	06_EXTERNAL	20260922T023000Z_sc39_v1	sc39_v1	descriptive_cell_source	NA	NA	SLC25A20	publisher_donor_label	24	NA	equal_donor_mean_log1p_counts_per_10k	0.046653752000668826	NA	NA	NA	NA	NA_descriptive_no_tests	NA	DONE		GSE176078_CELLxGENE_22a27631	ALL	Endothelial	26	7605	7587	0.03913950859554109	0.021615011720955896	0.07319401774918297	0.054604153048553206	0.04409015942825728	Wu2021_author_celltype_major_via_CELLxGENE	0.870515586754516
BRCA	Wu2021	06_EXTERNAL	20260922T023000Z_sc39_v1	sc39_v1	descriptive_cell_source	NA	NA	SLC29A2	publisher_donor_label	24	NA	equal_donor_mean_log1p_counts_per_10k	0.0032867790675970283	NA	NA	NA	NA	NA_descriptive_no_tests	NA	DONE		GSE176078_CELLxGENE_22a27631	ALL	Endothelial	26	7605	7587	0.0	0.0	0.0031287936324401874	0.0033183090744700098	0.0	Wu2021_author_celltype_major_via_CELLxGENE	0.05527169055460626
BRCA	Wu2021	06_EXTERNAL	20260922T023000Z_sc39_v1	sc39_v1	descriptive_cell_source	NA	NA	SLC47A1	publisher_donor_label	24	NA	equal_donor_mean_log1p_counts_per_10k	0.0006449286435172731	NA	NA	NA	NA	NA_descriptive_no_tests	NA	DONE		GSE176078_CELLxGENE_22a27631	ALL	Endothelial	26	7605	7587	0.0	0.0	0.0	0.001052082099648277	0.0	Wu2021_author_celltype_major_via_CELLxGENE	0.031639964273266374
BRCA	Wu2021	06_EXTERNAL	20260922T023000Z_sc39_v1	sc39_v1	descriptive_cell_source	NA	NA	SLC47A2	publisher_donor_label	24	NA	equal_donor_mean_log1p_counts_per_10k	7.066970614623275e-06	NA	NA	NA	NA	NA_descriptive_no_tests	NA	DONE		GSE176078_CELLxGENE_22a27631	ALL	Endothelial	26	7605	7587	0.0	0.0	0.0	1.499880009599232e-05	0.0	Wu2021_author_celltype_major_via_CELLxGENE	0.0035264108902642376
BRCA	Wu2021	06_EXTERNAL	20260922T023000Z_sc39_v1	sc39_v1	descriptive_cell_source	NA	NA	SLC5A10	publisher_donor_label	24	NA	equal_donor_mean_log1p_counts_per_10k	0.002048324614721745	NA	NA	NA	NA	NA_descriptive_no_tests	NA	DONE		GSE176078_CELLxGENE_22a27631	ALL	Endothelial	26	7605	7587	0.0	0.0	0.0001314082944814854	0.0018663572389881408	0.0	Wu2021_author_celltype_major_via_CELLxGENE	0.42669501156725925
BRCA	Wu2021	06_EXTERNAL	20260922T023000Z_sc39_v1	sc39_v1	descriptive_cell_source	NA	NA	SUCLA2	publisher_donor_label	24	NA	equal_donor_mean_log1p_counts_per_10k	0.08983887475321357	NA	NA	NA	NA	NA_descriptive_no_tests	NA	DONE		GSE176078_CELLxGENE_22a27631	ALL	Endothelial	26	7605	7587	0.08369249824142917	0.0573380741193414	0.11990064026710762	0.09626524666610008	0.07331495757784573	Wu2021_author_celltype_major_via_CELLxGENE	0.5139156754618256
BRCA	Wu2021	06_EXTERNAL	20260922T023000Z_sc39_v1	sc39_v1	descriptive_cell_source	NA	NA	SUCLG1	publisher_donor_label	24	NA	equal_donor_mean_log1p_counts_per_10k	0.22758780321182562	NA	NA	NA	NA	NA_descriptive_no_tests	NA	DONE		GSE176078_CELLxGENE_22a27631	ALL	Endothelial	26	7605	7587	0.2117713306668281	0.11765416630717662	0.3210942709919613	0.2268100913566693	0.1988206497552292	Wu2021_author_celltype_major_via_CELLxGENE	0.4093488225461332
BRCA	Wu2021	06_EXTERNAL	20260922T023000Z_sc39_v1	sc39_v1	descriptive_cell_source	NA	NA	SUCLG2	publisher_donor_label	24	NA	equal_donor_mean_log1p_counts_per_10k	0.15465784705023544	NA	NA	NA	NA	NA_descriptive_no_tests	NA	DONE		GSE176078_CELLxGENE_22a27631	ALL	Endothelial	26	7605	7587	0.14526001537537953	0.12257311014263174	0.19509951129245884	0.1588378420879439	0.13950076895776647	Wu2021_author_celltype_major_via_CELLxGENE	0.5840369390807859
BRCA	Wu2021	06_EXTERNAL	20260922T023000Z_sc39_v1	sc39_v1	descriptive_cell_source	NA	NA	SLC13A3	publisher_donor_label	23	NA	equal_donor_mean_log1p_counts_per_10k	0.01564162220803189	NA	NA	NA	NA	NA_descriptive_no_tests	NA	DONE		GSE176078_CELLxGENE_22a27631	ALL	Fibroblasts	26	6573	6537	0.012483790177956752	0.0009384077049435926	0.023144576298082274	0.019559291953116537	0.011235955056179775	Wu2021_author_celltype_major_via_CELLxGENE	0.9759533864509634
BRCA	Wu2021	06_EXTERNAL	20260922T023000Z_sc39_v1	sc39_v1	descriptive_cell_source	NA	NA	SLC22A2	publisher_donor_label	23	NA	equal_donor_mean_log1p_counts_per_10k	0.0006665556943130268	NA	NA	NA	NA	NA_descriptive_no_tests	NA	DONE		GSE176078_CELLxGENE_22a27631	ALL	Fibroblasts	26	6573	6537	0.0	0.0	0.0	0.001116488624405213	0.0	Wu2021_author_celltype_major_via_CELLxGENE	0.6747639744314802
BRCA	Wu2021	06_EXTERNAL	20260922T023000Z_sc39_v1	sc39_v1	descriptive_cell_source	NA	NA	SLC22A4	publisher_donor_label	23	NA	equal_donor_mean_log1p_counts_per_10k	0.006395939201974859	NA	NA	NA	NA	NA_descriptive_no_tests	NA	DONE		GSE176078_CELLxGENE_22a27631	ALL	Fibroblasts	26	6573	6537	0.006915365606810986	0.0	0.009211674611906622	0.01026595180446571	0.008513931888544891	Wu2021_author_celltype_major_via_CELLxGENE	0.22151849040699143
BRCA	Wu2021	06_EXTERNAL	20260922T023000Z_sc39_v1	sc39_v1	descriptive_cell_source	NA	NA	SLC25A10	publisher_donor_label	23	NA	equal_donor_mean_log1p_counts_per_10k	0.007198502153583392	NA	NA	NA	NA	NA_descriptive_no_tests	NA	DONE		GSE176078_CELLxGENE_22a27631	ALL	Fibroblasts	26	6573	6537	0.004042876820357327	0.0	0.010204412549360165	0.011354120662860536	0.005988023952095809	Wu2021_author_celltype_major_via_CELLxGENE	0.06939626481405159
BRCA	Wu2021	06_EXTERNAL	20260922T023000Z_sc39_v1	sc39_v1	descriptive_cell_source	NA	NA	SLC25A20	publisher_donor_label	23	NA	equal_donor_mean_log1p_counts_per_10k	0.03873005639337661	NA	NA	NA	NA	NA_descriptive_no_tests	NA	DONE		GSE176078_CELLxGENE_22a27631	ALL	Fibroblasts	26	6573	6537	0.029721026494294568	0.015695032230831164	0.051688883391510204	0.04997231387192963	0.0381791483113069	Wu2021_author_celltype_major_via_CELLxGENE	0.7226668021434248
BRCA	Wu2021	06_EXTERNAL	20260922T023000Z_sc39_v1	sc39_v1	descriptive_cell_source	NA	NA	SLC29A2	publisher_donor_label	23	NA	equal_donor_mean_log1p_counts_per_10k	0.0013934325978152207	NA	NA	NA	NA	NA_descriptive_no_tests	NA	DONE		GSE176078_CELLxGENE_22a27631	ALL	Fibroblasts	26	6573	6537	0.0	0.0	0.0	0.0011674734082235954	0.0	Wu2021_author_celltype_major_via_CELLxGENE	0.02343247713678884
BRCA	Wu2021	06_EXTERNAL	20260922T023000Z_sc39_v1	sc39_v1	descriptive_cell_source	NA	NA	SLC47A1	publisher_donor_label	23	NA	equal_donor_mean_log1p_counts_per_10k	0.001360026768338764	NA	NA	NA	NA	NA_descriptive_no_tests	NA	DONE		GSE176078_CELLxGENE_22a27631	ALL	Fibroblasts	26	6573	6537	0.0	0.0	0.0022073478200959093	0.0023467925064483823	0.0	Wu2021_author_celltype_major_via_CELLxGENE	0.06672241773329575
BRCA	Wu2021	06_EXTERNAL	20260922T023000Z_sc39_v1	sc39_v1	descriptive_cell_source	NA	NA	SLC47A2	publisher_donor_label	23	NA	equal_donor_mean_log1p_counts_per_10k	0.0009126752669124944	NA	NA	NA	NA	NA_descriptive_no_tests	NA	DONE		GSE176078_CELLxGENE_22a27631	ALL	Fibroblasts	26	6573	6537	0.0	0.0	0.0	0.0016529883357288518	0.0	Wu2021_author_celltype_major_via_CELLxGENE	0.4554239965077705
BRCA	Wu2021	06_EXTERNAL	20260922T023000Z_sc39_v1	sc39_v1	descriptive_cell_source	NA	NA	SLC5A10	publisher_donor_label	23	NA	equal_donor_mean_log1p_counts_per_10k	0.0	NA	NA	NA	NA	NA_descriptive_no_tests	NA	DONE		GSE176078_CELLxGENE_22a27631	ALL	Fibroblasts	26	6573	6537	0.0	0.0	0.0	0.0	0.0	Wu2021_author_celltype_major_via_CELLxGENE	0.0
BRCA	Wu2021	06_EXTERNAL	20260922T023000Z_sc39_v1	sc39_v1	descriptive_cell_source	NA	NA	SUCLA2	publisher_donor_label	23	NA	equal_donor_mean_log1p_counts_per_10k	0.1573903996354405	NA	NA	NA	NA	NA_descriptive_no_tests	NA	DONE		GSE176078_CELLxGENE_22a27631	ALL	Fibroblasts	26	6573	6537	0.1452879533953487	0.10102930401822645	0.20050455932649353	0.16841515912524554	0.14634146341463414	Wu2021_author_celltype_major_via_CELLxGENE	0.9003384532814491
BRCA	Wu2021	06_EXTERNAL	20260922T023000Z_sc39_v1	sc39_v1	descriptive_cell_source	NA	NA	SUCLG1	publisher_donor_label	23	NA	equal_donor_mean_log1p_counts_per_10k	0.2870794179169998	NA	NA	NA	NA	NA_descriptive_no_tests	NA	DONE		GSE176078_CELLxGENE_22a27631	ALL	Fibroblasts	26	6573	6537	0.2911374842239347	0.21512740896793947	0.3401677962568039	0.29325022767611786	0.27445652173913043	Wu2021_author_celltype_major_via_CELLxGENE	0.5163528978403839
BRCA	Wu2021	06_EXTERNAL	20260922T023000Z_sc39_v1	sc39_v1	descriptive_cell_source	NA	NA	SUCLG2	publisher_donor_label	23	NA	equal_donor_mean_log1p_counts_per_10k	0.1981112887169447	NA	NA	NA	NA	NA_descriptive_no_tests	NA	DONE		GSE176078_CELLxGENE_22a27631	ALL	Fibroblasts	26	6573	6537	0.18728638081708202	0.14460054044500503	0.25032132057942624	0.22052165219436268	0.18502202643171806	Wu2021_author_celltype_major_via_CELLxGENE	0.7481308764243405
BRCA	Wu2021	06_EXTERNAL	20260922T023000Z_sc39_v1	sc39_v1	descriptive_cell_source	NA	NA	SLC13A3	publisher_donor_label	20	NA	equal_donor_mean_log1p_counts_per_10k	0.01602701770922926	NA	NA	NA	NA	NA_descriptive_no_tests	NA	DONE		GSE176078_CELLxGENE_22a27631	ALL	Malignant_epithelial	20	24489	24489	0.00944382816983139	0.0027773731163422298	0.019809407832413695	0.037542440446787416	0.016960838389409816	Wu2021_author_celltype_major_via_CELLxGENE	1.0
BRCA	Wu2021	06_EXTERNAL	20260922T023000Z_sc39_v1	sc39_v1	descriptive_cell_source	NA	NA	SLC22A2	publisher_donor_label	20	NA	equal_donor_mean_log1p_counts_per_10k	0.00011322431384336586	NA	NA	NA	NA	NA_descriptive_no_tests	NA	DONE		GSE176078_CELLxGENE_22a27631	ALL	Malignant_epithelial	20	24489	24489	0.0	0.0	0.0	0.0003856041131105398	0.0	Wu2021_author_celltype_major_via_CELLxGENE	0.11461861126237223
BRCA	Wu2021	06_EXTERNAL	20260922T023000Z_sc39_v1	sc39_v1	descriptive_cell_source	NA	NA	SLC22A4	publisher_donor_label	20	NA	equal_donor_mean_log1p_counts_per_10k	0.014535138480746229	NA	NA	NA	NA	NA_descriptive_no_tests	NA	DONE		GSE176078_CELLxGENE_22a27631	ALL	Malignant_epithelial	20	24489	24489	0.012210233429769405	0.005151796702264547	0.02403050765426673	0.0259882863601734	0.02035969828345846	Wu2021_author_celltype_major_via_CELLxGENE	0.5034134678949619
BRCA	Wu2021	06_EXTERNAL	20260922T023000Z_sc39_v1	sc39_v1	descriptive_cell_source	NA	NA	SLC25A10	publisher_donor_label	20	NA	equal_donor_mean_log1p_counts_per_10k	0.10373039777964714	NA	NA	NA	NA	NA_descriptive_no_tests	NA	DONE		GSE176078_CELLxGENE_22a27631	ALL	Malignant_epithelial	20	24489	24489	0.05497803703336451	0.043367136352272496	0.1282688875872765	0.16263118098752452	0.1093786342895083	Wu2021_author_celltype_major_via_CELLxGENE	1.0
BRCA	Wu2021	06_EXTERNAL	20260922T023000Z_sc39_v1	sc39_v1	descriptive_cell_source	NA	NA	SLC25A20	publisher_donor_label	20	NA	equal_donor_mean_log1p_counts_per_10k	0.041785221329009796	NA	NA	NA	NA	NA_descriptive_no_tests	NA	DONE		GSE176078_CELLxGENE_22a27631	ALL	Malignant_epithelial	20	24489	24489	0.02801587472798013	0.020642328411444297	0.04650977905345817	0.07718647298112738	0.056099202650926785	Wu2021_author_celltype_major_via_CELLxGENE	0.7796733360774232
BRCA	Wu2021	06_EXTERNAL	20260922T023000Z_sc39_v1	sc39_v1	descriptive_cell_source	NA	NA	SLC29A2	publisher_donor_label	20	NA	equal_donor_mean_log1p_counts_per_10k	0.059465868234115184	NA	NA	NA	NA	NA_descriptive_no_tests	NA	DONE		GSE176078_CELLxGENE_22a27631	ALL	Malignant_epithelial	20	24489	24489	0.06995381405862561	0.04143584714960388	0.08287937417550556	0.10825403506589722	0.11288070315105483	Wu2021_author_celltype_major_via_CELLxGENE	1.0
BRCA	Wu2021	06_EXTERNAL	20260922T023000Z_sc39_v1	sc39_v1	descriptive_cell_source	NA	NA	SLC47A1	publisher_donor_label	20	NA	equal_donor_mean_log1p_counts_per_10k	0.002239442980666324	NA	NA	NA	NA	NA_descriptive_no_tests	NA	DONE		GSE176078_CELLxGENE_22a27631	ALL	Malignant_epithelial	20	24489	24489	0.0002476808520111834	0.0	0.001280273533622286	0.004480809827628473	0.0008474673653245082	Wu2021_author_celltype_major_via_CELLxGENE	0.10986625669760501
BRCA	Wu2021	06_EXTERNAL	20260922T023000Z_sc39_v1	sc39_v1	descriptive_cell_source	NA	NA	SLC47A2	publisher_donor_label	20	NA	equal_donor_mean_log1p_counts_per_10k	0.000396174063886997	NA	NA	NA	NA	NA_descriptive_no_tests	NA	DONE		GSE176078_CELLxGENE_22a27631	ALL	Malignant_epithelial	20	24489	24489	0.0	0.0	8.309496855747838e-05	0.0007478052567067735	0.0	Wu2021_author_celltype_major_via_CELLxGENE	0.197690440432867
BRCA	Wu2021	06_EXTERNAL	20260922T023000Z_sc39_v1	sc39_v1	descriptive_cell_source	NA	NA	SLC5A10	publisher_donor_label	20	NA	equal_donor_mean_log1p_counts_per_10k	0.0017554639464462517	NA	NA	NA	NA	NA_descriptive_no_tests	NA	DONE		GSE176078_CELLxGENE_22a27631	ALL	Malignant_epithelial	20	24489	24489	6.675124537525889e-05	0.0	0.00039992675310210606	0.004391542819911264	0.00021258503401360543	Wu2021_author_celltype_major_via_CELLxGENE	0.36568798888184956
BRCA	Wu2021	06_EXTERNAL	20260922T023000Z_sc39_v1	sc39_v1	descriptive_cell_source	NA	NA	SUCLA2	publisher_donor_label	20	NA	equal_donor_mean_log1p_counts_per_10k	0.16304029562250558	NA	NA	NA	NA	NA_descriptive_no_tests	NA	DONE		GSE176078_CELLxGENE_22a27631	ALL	Malignant_epithelial	20	24489	24489	0.14336234900929212	0.07511207359689574	0.25735997054281956	0.24226656384390394	0.24788226272425723	Wu2021_author_celltype_major_via_CELLxGENE	0.9326582048417581
BRCA	Wu2021	06_EXTERNAL	20260922T023000Z_sc39_v1	sc39_v1	descriptive_cell_source	NA	NA	SUCLG1	publisher_donor_label	20	NA	equal_donor_mean_log1p_counts_per_10k	0.4347394882374796	NA	NA	NA	NA	NA_descriptive_no_tests	NA	DONE		GSE176078_CELLxGENE_22a27631	ALL	Malignant_epithelial	20	24489	24489	0.4041445705720552	0.32153890585899964	0.5481689418619543	0.4786385611686514	0.48753548759977394	Wu2021_author_celltype_major_via_CELLxGENE	0.7819403988828251
BRCA	Wu2021	06_EXTERNAL	20260922T023000Z_sc39_v1	sc39_v1	descriptive_cell_source	NA	NA	SUCLG2	publisher_donor_label	20	NA	equal_donor_mean_log1p_counts_per_10k	0.26480833094846873	NA	NA	NA	NA	NA_descriptive_no_tests	NA	DONE		GSE176078_CELLxGENE_22a27631	ALL	Malignant_epithelial	20	24489	24489	0.25502023899481263	0.1342983459392787	0.3565137320885441	0.35164528009324697	0.38025434654012835	Wu2021_author_celltype_major_via_CELLxGENE	1.0
BRCA	Wu2021	06_EXTERNAL	20260922T023000Z_sc39_v1	sc39_v1	descriptive_cell_source	NA	NA	SLC13A3	publisher_donor_label	26	NA	equal_donor_mean_log1p_counts_per_10k	0.0014885539690613785	NA	NA	NA	NA	NA_descriptive_no_tests	NA	DONE		GSE176078_CELLxGENE_22a27631	ALL	Myeloid	26	9675	9675	0.0	0.0	0.0016227533101128744	0.0012629155829455912	0.0	Wu2021_author_celltype_major_via_CELLxGENE	0.0928777889977692
BRCA	Wu2021	06_EXTERNAL	20260922T023000Z_sc39_v1	sc39_v1	descriptive_cell_source	NA	NA	SLC22A2	publisher_donor_label	26	NA	equal_donor_mean_log1p_counts_per_10k	0.0	NA	NA	NA	NA	NA_descriptive_no_tests	NA	DONE		GSE176078_CELLxGENE_22a27631	ALL	Myeloid	26	9675	9675	0.0	0.0	0.0	0.0	0.0	Wu2021_author_celltype_major_via_CELLxGENE	0.0
BRCA	Wu2021	06_EXTERNAL	20260922T023000Z_sc39_v1	sc39_v1	descriptive_cell_source	NA	NA	SLC22A4	publisher_donor_label	26	NA	equal_donor_mean_log1p_counts_per_10k	0.016622637982973722	NA	NA	NA	NA	NA_descriptive_no_tests	NA	DONE		GSE176078_CELLxGENE_22a27631	ALL	Myeloid	26	9675	9675	0.015044999696411017	0.006711914312816769	0.02763131371306668	0.026615419531088997	0.01089696071163825	Wu2021_author_celltype_major_via_CELLxGENE	0.5757124256955624
BRCA	Wu2021	06_EXTERNAL	20260922T023000Z_sc39_v1	sc39_v1	descriptive_cell_source	NA	NA	SLC25A10	publisher_donor_label	26	NA	equal_donor_mean_log1p_counts_per_10k	0.00560043893660828	NA	NA	NA	NA	NA_descriptive_no_tests	NA	DONE		GSE176078_CELLxGENE_22a27631	ALL	Myeloid	26	9675	9675	0.003965594828797337	0.0	0.0074650523143203985	0.008354258790046717	0.0045168169041388	Wu2021_author_celltype_major_via_CELLxGENE	0.05399033510413338
BRCA	Wu2021	06_EXTERNAL	20260922T023000Z_sc39_v1	sc39_v1	descriptive_cell_source	NA	NA	SLC25A20	publisher_donor_label	26	NA	equal_donor_mean_log1p_counts_per_10k	0.05335580939721919	NA	NA	NA	NA	NA_descriptive_no_tests	NA	DONE		GSE176078_CELLxGENE_22a27631	ALL	Myeloid	26	9675	9675	0.04833542561857254	0.030982626247147076	0.08443296413531765	0.07292769960375417	0.05733253826277082	Wu2021_author_celltype_major_via_CELLxGENE	0.9955697394609649
BRCA	Wu2021	06_EXTERNAL	20260922T023000Z_sc39_v1	sc39_v1	descriptive_cell_source	NA	NA	SLC29A2	publisher_donor_label	26	NA	equal_donor_mean_log1p_counts_per_10k	0.00202447432314128	NA	NA	NA	NA	NA_descriptive_no_tests	NA	DONE		GSE176078_CELLxGENE_22a27631	ALL	Myeloid	26	9675	9675	0.0	0.0	0.004067689042104544	0.002638702626956893	0.0	Wu2021_author_celltype_major_via_CELLxGENE	0.03404430782328635
BRCA	Wu2021	06_EXTERNAL	20260922T023000Z_sc39_v1	sc39_v1	descriptive_cell_source	NA	NA	SLC47A1	publisher_donor_label	26	NA	equal_donor_mean_log1p_counts_per_10k	0.02038335561782299	NA	NA	NA	NA	NA_descriptive_no_tests	NA	DONE		GSE176078_CELLxGENE_22a27631	ALL	Myeloid	26	9675	9675	0.016352594163330167	0.0049646053777423794	0.026355793423244366	0.033327407902098045	0.01485421962778144	Wu2021_author_celltype_major_via_CELLxGENE	1.0
BRCA	Wu2021	06_EXTERNAL	20260922T023000Z_sc39_v1	sc39_v1	descriptive_cell_source	NA	NA	SLC47A2	publisher_donor_label	26	NA	equal_donor_mean_log1p_counts_per_10k	3.321665444140179e-05	NA	NA	NA	NA	NA_descriptive_no_tests	NA	DONE		GSE176078_CELLxGENE_22a27631	ALL	Myeloid	26	9675	9675	0.0	0.0	0.0	0.00017325017325017325	0.0	Wu2021_author_celltype_major_via_CELLxGENE	0.01657507556603127
BRCA	Wu2021	06_EXTERNAL	20260922T023000Z_sc39_v1	sc39_v1	descriptive_cell_source	NA	NA	SLC5A10	publisher_donor_label	26	NA	equal_donor_mean_log1p_counts_per_10k	0.0003262182572096982	NA	NA	NA	NA	NA_descriptive_no_tests	NA	DONE		GSE176078_CELLxGENE_22a27631	ALL	Myeloid	26	9675	9675	0.0	0.0	0.0	0.0007261247843169342	0.0	Wu2021_author_celltype_major_via_CELLxGENE	0.06795588064170852
BRCA	Wu2021	06_EXTERNAL	20260922T023000Z_sc39_v1	sc39_v1	descriptive_cell_source	NA	NA	SUCLA2	publisher_donor_label	26	NA	equal_donor_mean_log1p_counts_per_10k	0.06302888932089482	NA	NA	NA	NA	NA_descriptive_no_tests	NA	DONE		GSE176078_CELLxGENE_22a27631	ALL	Myeloid	26	9675	9675	0.05846295616587471	0.04354372292428723	0.07561267186254444	0.08288059570962408	0.06510587533552042	Wu2021_author_celltype_major_via_CELLxGENE	0.36055142406820573
BRCA	Wu2021	06_EXTERNAL	20260922T023000Z_sc39_v1	sc39_v1	descriptive_cell_source	NA	NA	SUCLG1	publisher_donor_label	26	NA	equal_donor_mean_log1p_counts_per_10k	0.26967330741521545	NA	NA	NA	NA	NA_descriptive_no_tests	NA	DONE		GSE176078_CELLxGENE_22a27631	ALL	Myeloid	26	9675	9675	0.25995200446353023	0.20571283165172158	0.33918531449808303	0.28156734116320464	0.25473684210526315	Wu2021_author_celltype_major_via_CELLxGENE	0.4850455485955667
BRCA	Wu2021	06_EXTERNAL	20260922T023000Z_sc39_v1	sc39_v1	descriptive_cell_source	NA	NA	SUCLG2	publisher_donor_label	26	NA	equal_donor_mean_log1p_counts_per_10k	0.145312496033888	NA	NA	NA	NA	NA_descriptive_no_tests	NA	DONE		GSE176078_CELLxGENE_22a27631	ALL	Myeloid	26	9675	9675	0.14815113280199294	0.09595861177739293	0.1938669865005894	0.17130435929352503	0.1506764246317392	Wu2021_author_celltype_major_via_CELLxGENE	0.5487459382921211
BRCA	Wu2021	06_EXTERNAL	20260922T023000Z_sc39_v1	sc39_v1	descriptive_cell_source	NA	NA	SLC13A3	publisher_donor_label	10	NA	equal_donor_mean_log1p_counts_per_10k	0.005263370452001927	NA	NA	NA	NA	NA_descriptive_no_tests	NA	DONE		GSE176078_CELLxGENE_22a27631	ALL	Nonmalignant_epithelial	13	4355	4326	0.002698416048608609	0.0	0.01155953982149533	0.010278443077932183	0.008970353198658047	Wu2021_author_celltype_major_via_CELLxGENE	0.32840610446015633
BRCA	Wu2021	06_EXTERNAL	20260922T023000Z_sc39_v1	sc39_v1	descriptive_cell_source	NA	NA	SLC22A2	publisher_donor_label	10	NA	equal_donor_mean_log1p_counts_per_10k	0.0	NA	NA	NA	NA	NA_descriptive_no_tests	NA	DONE		GSE176078_CELLxGENE_22a27631	ALL	Nonmalignant_epithelial	13	4355	4326	0.0	0.0	0.0	0.0	0.0	Wu2021_author_celltype_major_via_CELLxGENE	0.0
BRCA	Wu2021	06_EXTERNAL	20260922T023000Z_sc39_v1	sc39_v1	descriptive_cell_source	NA	NA	SLC22A4	publisher_donor_label	10	NA	equal_donor_mean_log1p_counts_per_10k	0.027772795616588315	NA	NA	NA	NA	NA_descriptive_no_tests	NA	DONE		GSE176078_CELLxGENE_22a27631	ALL	Nonmalignant_epithelial	13	4355	4326	0.023659122120761718	0.01339841325122708	0.040490502338821004	0.04328637670109189	0.03827838827838828	Wu2021_author_celltype_major_via_CELLxGENE	0.9618896560913226
BRCA	Wu2021	06_EXTERNAL	20260922T023000Z_sc39_v1	sc39_v1	descriptive_cell_source	NA	NA	SLC25A10	publisher_donor_label	10	NA	equal_donor_mean_log1p_counts_per_10k	0.05307165781686388	NA	NA	NA	NA	NA_descriptive_no_tests	NA	DONE		GSE176078_CELLxGENE_22a27631	ALL	Nonmalignant_epithelial	13	4355	4326	0.039579779797333084	0.030119771634608876	0.06978016228475642	0.08606647848938105	0.06245438572780106	Wu2021_author_celltype_major_via_CELLxGENE	0.5116307172522669
BRCA	Wu2021	06_EXTERNAL	20260922T023000Z_sc39_v1	sc39_v1	descriptive_cell_source	NA	NA	SLC25A20	publisher_donor_label	10	NA	equal_donor_mean_log1p_counts_per_10k	0.029773424054002816	NA	NA	NA	NA	NA_descriptive_no_tests	NA	DONE		GSE176078_CELLxGENE_22a27631	ALL	Nonmalignant_epithelial	13	4355	4326	0.032680079190905466	0.015214356806216398	0.04789684710022094	0.0553056820414032	0.06420161883738043	Wu2021_author_celltype_major_via_CELLxGENE	0.5555443795750816
BRCA	Wu2021	06_EXTERNAL	20260922T023000Z_sc39_v1	sc39_v1	descriptive_cell_source	NA	NA	SLC29A2	publisher_donor_label	10	NA	equal_donor_mean_log1p_counts_per_10k	0.03447953666413782	NA	NA	NA	NA	NA_descriptive_no_tests	NA	DONE		GSE176078_CELLxGENE_22a27631	ALL	Nonmalignant_epithelial	13	4355	4326	0.03653731625368665	0.028027933477411334	0.04422169882243761	0.056420108096239686	0.05084962887607852	Wu2021_author_celltype_major_via_CELLxGENE	0.5798206212745947
BRCA	Wu2021	06_EXTERNAL	20260922T023000Z_sc39_v1	sc39_v1	descriptive_cell_source	NA	NA	SLC47A1	publisher_donor_label	10	NA	equal_donor_mean_log1p_counts_per_10k	0.001986299245147017	NA	NA	NA	NA	NA_descriptive_no_tests	NA	DONE		GSE176078_CELLxGENE_22a27631	ALL	Nonmalignant_epithelial	13	4355	4326	0.0	0.0	0.0034022673447295145	0.0021761588894083223	0.0	Wu2021_author_celltype_major_via_CELLxGENE	0.09744711726513812
BRCA	Wu2021	06_EXTERNAL	20260922T023000Z_sc39_v1	sc39_v1	descriptive_cell_source	NA	NA	SLC47A2	publisher_donor_label	10	NA	equal_donor_mean_log1p_counts_per_10k	0.0020040122477315995	NA	NA	NA	NA	NA_descriptive_no_tests	NA	DONE		GSE176078_CELLxGENE_22a27631	ALL	Nonmalignant_epithelial	13	4355	4326	0.0	0.0	0.0018350745180277723	0.001764270251858474	0.0	Wu2021_author_celltype_major_via_CELLxGENE	1.0
BRCA	Wu2021	06_EXTERNAL	20260922T023000Z_sc39_v1	sc39_v1	descriptive_cell_source	NA	NA	SLC5A10	publisher_donor_label	10	NA	equal_donor_mean_log1p_counts_per_10k	0.003067455378431981	NA	NA	NA	NA	NA_descriptive_no_tests	NA	DONE		GSE176078_CELLxGENE_22a27631	ALL	Nonmalignant_epithelial	13	4355	4326	0.000649023961635923	0.0	0.002997594667791344	0.006889134907712509	0.0009345956083348904	Wu2021_author_celltype_major_via_CELLxGENE	0.638994375586256
BRCA	Wu2021	06_EXTERNAL	20260922T023000Z_sc39_v1	sc39_v1	descriptive_cell_source	NA	NA	SUCLA2	publisher_donor_label	10	NA	equal_donor_mean_log1p_counts_per_10k	0.17481248197475324	NA	NA	NA	NA	NA_descriptive_no_tests	NA	DONE		GSE176078_CELLxGENE_22a27631	ALL	Nonmalignant_epithelial	13	4355	4326	0.15671043425578227	0.1417080410842228	0.1987268179192895	0.24746855633805448	0.1998712288447388	Wu2021_author_celltype_major_via_CELLxGENE	1.0
BRCA	Wu2021	06_EXTERNAL	20260922T023000Z_sc39_v1	sc39_v1	descriptive_cell_source	NA	NA	SUCLG1	publisher_donor_label	10	NA	equal_donor_mean_log1p_counts_per_10k	0.5559752237620683	NA	NA	NA	NA	NA_descriptive_no_tests	NA	DONE		GSE176078_CELLxGENE_22a27631	ALL	Nonmalignant_epithelial	13	4355	4326	0.5647428763382953	0.44449206345166037	0.7323259217297706	0.5502640827223629	0.5984851315907849	Wu2021_author_celltype_major_via_CELLxGENE	1.0
BRCA	Wu2021	06_EXTERNAL	20260922T023000Z_sc39_v1	sc39_v1	descriptive_cell_source	NA	NA	SUCLG2	publisher_donor_label	10	NA	equal_donor_mean_log1p_counts_per_10k	0.2407915499652804	NA	NA	NA	NA	NA_descriptive_no_tests	NA	DONE		GSE176078_CELLxGENE_22a27631	ALL	Nonmalignant_epithelial	13	4355	4326	0.24340254888841942	0.21768159631361164	0.2978035783819501	0.33030266431314187	0.3162728977654134	Wu2021_author_celltype_major_via_CELLxGENE	0.909305039999433
BRCA	Wu2021	06_EXTERNAL	20260922T023000Z_sc39_v1	sc39_v1	descriptive_cell_source	NA	NA	SLC13A3	publisher_donor_label	24	NA	equal_donor_mean_log1p_counts_per_10k	0.005310021086412199	NA	NA	NA	NA	NA_descriptive_no_tests	NA	DONE		GSE176078_CELLxGENE_22a27631	ALL	Perivascular	26	5423	5400	0.0	0.0	0.007882873824873715	0.006944371366014532	0.0	Wu2021_author_celltype_major_via_CELLxGENE	0.3313168539992509
BRCA	Wu2021	06_EXTERNAL	20260922T023000Z_sc39_v1	sc39_v1	descriptive_cell_source	NA	NA	SLC22A2	publisher_donor_label	24	NA	equal_donor_mean_log1p_counts_per_10k	0.0009878353314203188	NA	NA	NA	NA	NA_descriptive_no_tests	NA	DONE		GSE176078_CELLxGENE_22a27631	ALL	Perivascular	26	5423	5400	0.0	0.0	0.0	0.0006621103708613322	0.0	Wu2021_author_celltype_major_via_CELLxGENE	1.0
BRCA	Wu2021	06_EXTERNAL	20260922T023000Z_sc39_v1	sc39_v1	descriptive_cell_source	NA	NA	SLC22A4	publisher_donor_label	24	NA	equal_donor_mean_log1p_counts_per_10k	0.0024807091744371724	NA	NA	NA	NA	NA_descriptive_no_tests	NA	DONE		GSE176078_CELLxGENE_22a27631	ALL	Perivascular	26	5423	5400	0.0	0.0	0.002669865552699654	0.003624772175035164	0.0	Wu2021_author_celltype_major_via_CELLxGENE	0.08591747577750747
BRCA	Wu2021	06_EXTERNAL	20260922T023000Z_sc39_v1	sc39_v1	descriptive_cell_source	NA	NA	SLC25A10	publisher_donor_label	24	NA	equal_donor_mean_log1p_counts_per_10k	0.007841338889234219	NA	NA	NA	NA	NA_descriptive_no_tests	NA	DONE		GSE176078_CELLxGENE_22a27631	ALL	Perivascular	26	5423	5400	0.00028279332364880956	0.0	0.00970820886800373	0.008848356855971266	0.0007936507936507937	Wu2021_author_celltype_major_via_CELLxGENE	0.07559345242164632
BRCA	Wu2021	06_EXTERNAL	20260922T023000Z_sc39_v1	sc39_v1	descriptive_cell_source	NA	NA	SLC25A20	publisher_donor_label	24	NA	equal_donor_mean_log1p_counts_per_10k	0.041701847296909796	NA	NA	NA	NA	NA_descriptive_no_tests	NA	DONE		GSE176078_CELLxGENE_22a27631	ALL	Perivascular	26	5423	5400	0.035957623345605254	0.008476832529462977	0.059363628320441536	0.03896520436155108	0.040325203252032524	Wu2021_author_celltype_major_via_CELLxGENE	0.7781176542434609
BRCA	Wu2021	06_EXTERNAL	20260922T023000Z_sc39_v1	sc39_v1	descriptive_cell_source	NA	NA	SLC29A2	publisher_donor_label	24	NA	equal_donor_mean_log1p_counts_per_10k	0.004797013368729938	NA	NA	NA	NA	NA_descriptive_no_tests	NA	DONE		GSE176078_CELLxGENE_22a27631	ALL	Perivascular	26	5423	5400	0.0	0.0	0.00855463855378491	0.005083591141487308	0.0	Wu2021_author_celltype_major_via_CELLxGENE	0.0806683482673493
BRCA	Wu2021	06_EXTERNAL	20260922T023000Z_sc39_v1	sc39_v1	descriptive_cell_source	NA	NA	SLC47A1	publisher_donor_label	24	NA	equal_donor_mean_log1p_counts_per_10k	0.001254271350575047	NA	NA	NA	NA	NA_descriptive_no_tests	NA	DONE		GSE176078_CELLxGENE_22a27631	ALL	Perivascular	26	5423	5400	0.0	0.0	0.001963444741278641	0.0016353129289549764	0.0	Wu2021_author_celltype_major_via_CELLxGENE	0.06153409546945666
BRCA	Wu2021	06_EXTERNAL	20260922T023000Z_sc39_v1	sc39_v1	descriptive_cell_source	NA	NA	SLC47A2	publisher_donor_label	24	NA	equal_donor_mean_log1p_counts_per_10k	2.4258468506212582e-05	NA	NA	NA	NA	NA_descriptive_no_tests	NA	DONE		GSE176078_CELLxGENE_22a27631	ALL	Perivascular	26	5423	5400	0.0	0.0	0.0	9.405568096313017e-05	0.0	Wu2021_author_celltype_major_via_CELLxGENE	0.012104950223569074
BRCA	Wu2021	06_EXTERNAL	20260922T023000Z_sc39_v1	sc39_v1	descriptive_cell_source	NA	NA	SLC5A10	publisher_donor_label	24	NA	equal_donor_mean_log1p_counts_per_10k	7.2521016084735e-05	NA	NA	NA	NA	NA_descriptive_no_tests	NA	DONE		GSE176078_CELLxGENE_22a27631	ALL	Perivascular	26	5423	5400	0.0	0.0	0.0	7.038288288288288e-05	0.0	Wu2021_author_celltype_major_via_CELLxGENE	0.015107154195552015
BRCA	Wu2021	06_EXTERNAL	20260922T023000Z_sc39_v1	sc39_v1	descriptive_cell_source	NA	NA	SUCLA2	publisher_donor_label	24	NA	equal_donor_mean_log1p_counts_per_10k	0.1611462771435069	NA	NA	NA	NA	NA_descriptive_no_tests	NA	DONE		GSE176078_CELLxGENE_22a27631	ALL	Perivascular	26	5423	5400	0.16097612371539552	0.07954667393733315	0.22914163724527012	0.14055296394977265	0.125	Wu2021_author_celltype_major_via_CELLxGENE	0.9218236325183005
BRCA	Wu2021	06_EXTERNAL	20260922T023000Z_sc39_v1	sc39_v1	descriptive_cell_source	NA	NA	SUCLG1	publisher_donor_label	24	NA	equal_donor_mean_log1p_counts_per_10k	0.29646706832309583	NA	NA	NA	NA	NA_descriptive_no_tests	NA	DONE		GSE176078_CELLxGENE_22a27631	ALL	Perivascular	26	5423	5400	0.2848369692536429	0.1947168846763634	0.4113871719079258	0.2465810862416902	0.22416666666666668	Wu2021_author_celltype_major_via_CELLxGENE	0.5332379135836636
BRCA	Wu2021	06_EXTERNAL	20260922T023000Z_sc39_v1	sc39_v1	descriptive_cell_source	NA	NA	SUCLG2	publisher_donor_label	24	NA	equal_donor_mean_log1p_counts_per_10k	0.19930327669232673	NA	NA	NA	NA	NA_descriptive_no_tests	NA	DONE		GSE176078_CELLxGENE_22a27631	ALL	Perivascular	26	5423	5400	0.20244077353093742	0.13354094225937166	0.23976206374527773	0.1823519562510926	0.1688888888888889	Wu2021_author_celltype_major_via_CELLxGENE	0.7526321999707435
BRCA	Wu2021	06_EXTERNAL	20260922T023000Z_sc39_v1	sc39_v1	descriptive_cell_source	NA	NA	SLC13A3	publisher_donor_label	14	NA	equal_donor_mean_log1p_counts_per_10k	0.0	NA	NA	NA	NA	NA_descriptive_no_tests	NA	DONE		GSE176078_CELLxGENE_22a27631	ALL	Plasma_cells	14	3524	3524	0.0	0.0	0.0	0.0	0.0	Wu2021_author_celltype_major_via_CELLxGENE	0.0
BRCA	Wu2021	06_EXTERNAL	20260922T023000Z_sc39_v1	sc39_v1	descriptive_cell_source	NA	NA	SLC22A2	publisher_donor_label	14	NA	equal_donor_mean_log1p_counts_per_10k	0.0	NA	NA	NA	NA	NA_descriptive_no_tests	NA	DONE		GSE176078_CELLxGENE_22a27631	ALL	Plasma_cells	14	3524	3524	0.0	0.0	0.0	0.0	0.0	Wu2021_author_celltype_major_via_CELLxGENE	0.0
BRCA	Wu2021	06_EXTERNAL	20260922T023000Z_sc39_v1	sc39_v1	descriptive_cell_source	NA	NA	SLC22A4	publisher_donor_label	14	NA	equal_donor_mean_log1p_counts_per_10k	0.0011025687277007518	NA	NA	NA	NA	NA_descriptive_no_tests	NA	DONE		GSE176078_CELLxGENE_22a27631	ALL	Plasma_cells	14	3524	3524	0.0	0.0	0.0	0.0014705882352941176	0.0	Wu2021_author_celltype_major_via_CELLxGENE	0.03818662942493345
BRCA	Wu2021	06_EXTERNAL	20260922T023000Z_sc39_v1	sc39_v1	descriptive_cell_source	NA	NA	SLC25A10	publisher_donor_label	14	NA	equal_donor_mean_log1p_counts_per_10k	0.0063760348947974246	NA	NA	NA	NA	NA_descriptive_no_tests	NA	DONE		GSE176078_CELLxGENE_22a27631	ALL	Plasma_cells	14	3524	3524	0.0	0.0	0.012693515630376838	0.009705711212095425	0.0	Wu2021_author_celltype_major_via_CELLxGENE	0.06146737148682215
BRCA	Wu2021	06_EXTERNAL	20260922T023000Z_sc39_v1	sc39_v1	descriptive_cell_source	NA	NA	SLC25A20	publisher_donor_label	14	NA	equal_donor_mean_log1p_counts_per_10k	0.02767622455660234	NA	NA	NA	NA	NA_descriptive_no_tests	NA	DONE		GSE176078_CELLxGENE_22a27631	ALL	Plasma_cells	14	3524	3524	0.029570187647602525	0.009666686682633945	0.0346420046970943	0.04069601384552386	0.035086206896551723	Wu2021_author_celltype_major_via_CELLxGENE	0.5164125890388199
BRCA	Wu2021	06_EXTERNAL	20260922T023000Z_sc39_v1	sc39_v1	descriptive_cell_source	NA	NA	SLC29A2	publisher_donor_label	14	NA	equal_donor_mean_log1p_counts_per_10k	0.006204112346205001	NA	NA	NA	NA	NA_descriptive_no_tests	NA	DONE		GSE176078_CELLxGENE_22a27631	ALL	Plasma_cells	14	3524	3524	0.0	0.0	0.008896243206379252	0.008959866715878617	0.0	Wu2021_author_celltype_major_via_CELLxGENE	0.10433064429127009
BRCA	Wu2021	06_EXTERNAL	20260922T023000Z_sc39_v1	sc39_v1	descriptive_cell_source	NA	NA	SLC47A1	publisher_donor_label	14	NA	equal_donor_mean_log1p_counts_per_10k	0.01319760013149016	NA	NA	NA	NA	NA_descriptive_no_tests	NA	DONE		GSE176078_CELLxGENE_22a27631	ALL	Plasma_cells	14	3524	3524	0.00847056467854498	0.0	0.02415025450356467	0.02302003477430551	0.011482328650661917	Wu2021_author_celltype_major_via_CELLxGENE	0.6474694539475295
BRCA	Wu2021	06_EXTERNAL	20260922T023000Z_sc39_v1	sc39_v1	descriptive_cell_source	NA	NA	SLC47A2	publisher_donor_label	14	NA	equal_donor_mean_log1p_counts_per_10k	0.0	NA	NA	NA	NA	NA_descriptive_no_tests	NA	DONE		GSE176078_CELLxGENE_22a27631	ALL	Plasma_cells	14	3524	3524	0.0	0.0	0.0	0.0	0.0	Wu2021_author_celltype_major_via_CELLxGENE	0.0
BRCA	Wu2021	06_EXTERNAL	20260922T023000Z_sc39_v1	sc39_v1	descriptive_cell_source	NA	NA	SLC5A10	publisher_donor_label	14	NA	equal_donor_mean_log1p_counts_per_10k	0.001583050269719655	NA	NA	NA	NA	NA_descriptive_no_tests	NA	DONE		GSE176078_CELLxGENE_22a27631	ALL	Plasma_cells	14	3524	3524	0.0	0.0	0.0	0.0015581232492997198	0.0	Wu2021_author_celltype_major_via_CELLxGENE	0.32977177948004743
BRCA	Wu2021	06_EXTERNAL	20260922T023000Z_sc39_v1	sc39_v1	descriptive_cell_source	NA	NA	SUCLA2	publisher_donor_label	14	NA	equal_donor_mean_log1p_counts_per_10k	0.024909533172792847	NA	NA	NA	NA	NA_descriptive_no_tests	NA	DONE		GSE176078_CELLxGENE_22a27631	ALL	Plasma_cells	14	3524	3524	0.023283254994447146	0.012312560356888227	0.03095413117611106	0.04054644000055082	0.029513888888888888	Wu2021_author_celltype_major_via_CELLxGENE	0.14249287517346895
BRCA	Wu2021	06_EXTERNAL	20260922T023000Z_sc39_v1	sc39_v1	descriptive_cell_source	NA	NA	SUCLG1	publisher_donor_label	14	NA	equal_donor_mean_log1p_counts_per_10k	0.11218743568032612	NA	NA	NA	NA	NA_descriptive_no_tests	NA	DONE		GSE176078_CELLxGENE_22a27631	ALL	Plasma_cells	14	3524	3524	0.11097028999197298	0.07381094844755638	0.13598607198536508	0.16270049813079027	0.15367916397328163	Wu2021_author_celltype_major_via_CELLxGENE	0.20178495531005378
BRCA	Wu2021	06_EXTERNAL	20260922T023000Z_sc39_v1	sc39_v1	descriptive_cell_source	NA	NA	SUCLG2	publisher_donor_label	14	NA	equal_donor_mean_log1p_counts_per_10k	0.056576366616522884	NA	NA	NA	NA	NA_descriptive_no_tests	NA	DONE		GSE176078_CELLxGENE_22a27631	ALL	Plasma_cells	14	3524	3524	0.05440832535796207	0.02227290785949497	0.07250278047088698	0.08499944753868617	0.0842857142857143	Wu2021_author_celltype_major_via_CELLxGENE	0.2136502519157242
BRCA	Wu2021	06_EXTERNAL	20260922T023000Z_sc39_v1	sc39_v1	descriptive_cell_source	NA	NA	SLC13A3	publisher_donor_label	26	NA	equal_donor_mean_log1p_counts_per_10k	0.000587912008115229	NA	NA	NA	NA	NA_descriptive_no_tests	NA	DONE		GSE176078_CELLxGENE_22a27631	ALL	T_NK_cells	26	35214	35214	0.0	0.0	0.0007812912093902554	0.00037019566086859555	0.0	Wu2021_author_celltype_major_via_CELLxGENE	0.0366825580891852
BRCA	Wu2021	06_EXTERNAL	20260922T023000Z_sc39_v1	sc39_v1	descriptive_cell_source	NA	NA	SLC22A2	publisher_donor_label	26	NA	equal_donor_mean_log1p_counts_per_10k	0.00021161276578613263	NA	NA	NA	NA	NA_descriptive_no_tests	NA	DONE		GSE176078_CELLxGENE_22a27631	ALL	T_NK_cells	26	35214	35214	0.0	0.0	0.0	0.00013171759747102212	0.0	Wu2021_author_celltype_major_via_CELLxGENE	0.21421866484755636
BRCA	Wu2021	06_EXTERNAL	20260922T023000Z_sc39_v1	sc39_v1	descriptive_cell_source	NA	NA	SLC22A4	publisher_donor_label	26	NA	equal_donor_mean_log1p_counts_per_10k	0.0006265450540647948	NA	NA	NA	NA	NA_descriptive_no_tests	NA	DONE		GSE176078_CELLxGENE_22a27631	ALL	T_NK_cells	26	35214	35214	0.0	0.0	0.0006588232588534035	0.0005834653464673749	0.0	Wu2021_author_celltype_major_via_CELLxGENE	0.021699911485325907
BRCA	Wu2021	06_EXTERNAL	20260922T023000Z_sc39_v1	sc39_v1	descriptive_cell_source	NA	NA	SLC25A10	publisher_donor_label	26	NA	equal_donor_mean_log1p_counts_per_10k	0.005376294444910518	NA	NA	NA	NA	NA_descriptive_no_tests	NA	DONE		GSE176078_CELLxGENE_22a27631	ALL	T_NK_cells	26	35214	35214	0.0022042382681703105	5.784249254772054e-05	0.0054623025414702485	0.0039718450060001265	0.0017983611401482535	Wu2021_author_celltype_major_via_CELLxGENE	0.05182949800627662
BRCA	Wu2021	06_EXTERNAL	20260922T023000Z_sc39_v1	sc39_v1	descriptive_cell_source	NA	NA	SLC25A20	publisher_donor_label	26	NA	equal_donor_mean_log1p_counts_per_10k	0.053593241419840454	NA	NA	NA	NA	NA_descriptive_no_tests	NA	DONE		GSE176078_CELLxGENE_22a27631	ALL	T_NK_cells	26	35214	35214	0.045714665825386	0.033334559202971195	0.06705385999472327	0.03355984391429999	0.02830130574033013	Wu2021_author_celltype_major_via_CELLxGENE	1.0
BRCA	Wu2021	06_EXTERNAL	20260922T023000Z_sc39_v1	sc39_v1	descriptive_cell_source	NA	NA	SLC29A2	publisher_donor_label	26	NA	equal_donor_mean_log1p_counts_per_10k	0.004533867785014489	NA	NA	NA	NA	NA_descriptive_no_tests	NA	DONE		GSE176078_CELLxGENE_22a27631	ALL	T_NK_cells	26	35214	35214	0.004363325584830177	0.0	0.007412687846616252	0.002771208016593192	0.0028446413802923004	Wu2021_author_celltype_major_via_CELLxGENE	0.07624319495621786
BRCA	Wu2021	06_EXTERNAL	20260922T023000Z_sc39_v1	sc39_v1	descriptive_cell_source	NA	NA	SLC47A1	publisher_donor_label	26	NA	equal_donor_mean_log1p_counts_per_10k	0.00014208548310291316	NA	NA	NA	NA	NA_descriptive_no_tests	NA	DONE		GSE176078_CELLxGENE_22a27631	ALL	T_NK_cells	26	35214	35214	0.0	0.0	0.0	0.00022059527125702622	0.0	Wu2021_author_celltype_major_via_CELLxGENE	0.006970662032637186
BRCA	Wu2021	06_EXTERNAL	20260922T023000Z_sc39_v1	sc39_v1	descriptive_cell_source	NA	NA	SLC47A2	publisher_donor_label	26	NA	equal_donor_mean_log1p_counts_per_10k	0.00013638594045523587	NA	NA	NA	NA	NA_descriptive_no_tests	NA	DONE		GSE176078_CELLxGENE_22a27631	ALL	T_NK_cells	26	35214	35214	0.0	0.0	0.0	8.274431066560418e-05	0.0	Wu2021_author_celltype_major_via_CELLxGENE	0.0680564405779386
BRCA	Wu2021	06_EXTERNAL	20260922T023000Z_sc39_v1	sc39_v1	descriptive_cell_source	NA	NA	SLC5A10	publisher_donor_label	26	NA	equal_donor_mean_log1p_counts_per_10k	3.175735056482977e-05	NA	NA	NA	NA	NA_descriptive_no_tests	NA	DONE		GSE176078_CELLxGENE_22a27631	ALL	T_NK_cells	26	35214	35214	0.0	0.0	0.0	2.6427992529687442e-05	0.0	Wu2021_author_celltype_major_via_CELLxGENE	0.006615505652382467
BRCA	Wu2021	06_EXTERNAL	20260922T023000Z_sc39_v1	sc39_v1	descriptive_cell_source	NA	NA	SUCLA2	publisher_donor_label	26	NA	equal_donor_mean_log1p_counts_per_10k	0.05917385107061838	NA	NA	NA	NA	NA_descriptive_no_tests	NA	DONE		GSE176078_CELLxGENE_22a27631	ALL	T_NK_cells	26	35214	35214	0.05716996163241531	0.038326139310958	0.07472675207121247	0.036314969512431954	0.03318862451618243	Wu2021_author_celltype_major_via_CELLxGENE	0.3384990042024821
BRCA	Wu2021	06_EXTERNAL	20260922T023000Z_sc39_v1	sc39_v1	descriptive_cell_source	NA	NA	SUCLG1	publisher_donor_label	26	NA	equal_donor_mean_log1p_counts_per_10k	0.18437686144457982	NA	NA	NA	NA	NA_descriptive_no_tests	NA	DONE		GSE176078_CELLxGENE_22a27631	ALL	T_NK_cells	26	35214	35214	0.177795659884468	0.13039716736186613	0.21963371052031994	0.11534459123583343	0.10771138476610934	Wu2021_author_celltype_major_via_CELLxGENE	0.33162783801222867
BRCA	Wu2021	06_EXTERNAL	20260922T023000Z_sc39_v1	sc39_v1	descriptive_cell_source	NA	NA	SUCLG2	publisher_donor_label	26	NA	equal_donor_mean_log1p_counts_per_10k	0.12784297973619696	NA	NA	NA	NA	NA_descriptive_no_tests	NA	DONE		GSE176078_CELLxGENE_22a27631	ALL	T_NK_cells	26	35214	35214	0.12960923881482556	0.08882750974770974	0.16526038499364845	0.0803647085855669	0.07524815212706418	Wu2021_author_celltype_major_via_CELLxGENE	0.4827755202349543
