key	field	review_value	pinned_value	status
KEGG:C00670|GPCPD1|ER_PC12	rho	-0.4596628214545334	-0.4596628214545334	DONE
KEGG:C00670|GPCPD1|ER_PC12	ci_lower	-0.6417283413378999	-0.6417283413378999	DONE
KEGG:C00670|GPCPD1|ER_PC12	ci_upper	-0.2058168379033464	-0.2058168379033464	DONE
KEGG:C00670|GPCPD1|ER_PC12	p	0.0004	0.0004	DONE
KEGG:C00670|GPCPD1|ER_PC12	q	0.0342	0.0342	DONE
KEGG:C00670|GPCPD1|ER_PC12	n_specimens	61	61.0	DONE
KEGG:C00670|GPCPD1|ER_PC12	ER_same_subset_rho	-0.5152108107796246	-0.5152108107796246	DONE
KEGG:C00670|GPCPD1|ER_PC12	ER_same_subset_q	0.0171	0.0171	DONE
KEGG:C00670|GPCPD1|ER_PC12	gene	GPCPD1	GPCPD1	DONE
KEGG:C00670|GPCPD1|ER_MonoEndoFib	rho	-0.5249905197102464	-0.5249905197102464	DONE
KEGG:C00670|GPCPD1|ER_MonoEndoFib	ci_lower	-0.6986736999127124	-0.6986736999127124	DONE
KEGG:C00670|GPCPD1|ER_MonoEndoFib	ci_upper	-0.3118868608089296	-0.3118868608089296	DONE
KEGG:C00670|GPCPD1|ER_MonoEndoFib	p	0.0001	0.0001	DONE
KEGG:C00670|GPCPD1|ER_MonoEndoFib	q	0.0171	0.0171	DONE
KEGG:C00670|GPCPD1|ER_MonoEndoFib	n_specimens	61	61.0	DONE
KEGG:C00670|GPCPD1|ER_MonoEndoFib	ER_same_subset_rho	-0.5152108107796246	-0.5152108107796246	DONE
KEGG:C00670|GPCPD1|ER_MonoEndoFib	ER_same_subset_q	0.0171	0.0171	DONE
KEGG:C00670|GPCPD1|ER_MonoEndoFib	gene	GPCPD1	GPCPD1	DONE
KEGG:C00668|GPI|ER_PC12	rho	0.4491522767428949	0.4491522767428949	DONE
KEGG:C00668|GPI|ER_PC12	ci_lower	0.2151413936911405	0.2151413936911405	DONE
KEGG:C00668|GPI|ER_PC12	ci_upper	0.6566293721945479	0.6566293721945479	DONE
KEGG:C00668|GPI|ER_PC12	p	0.0004	0.0004	DONE
KEGG:C00668|GPI|ER_PC12	q	0.0342	0.0342	DONE
KEGG:C00668|GPI|ER_PC12	n_specimens	60	60.0	DONE
KEGG:C00668|GPI|ER_PC12	ER_same_subset_rho	0.4581904380034955	0.4581904380034955	DONE
KEGG:C00668|GPI|ER_PC12	ER_same_subset_q	0.0285	0.0285	DONE
KEGG:C00668|GPI|ER_PC12	gene	GPI	GPI	DONE
KEGG:C00668|GPI|ER_MonoEndoFib	rho	0.4548728165334381	0.4548728165334381	DONE
KEGG:C00668|GPI|ER_MonoEndoFib	ci_lower	0.2027251732064032	0.2027251732064032	DONE
KEGG:C00668|GPI|ER_MonoEndoFib	ci_upper	0.6404989248557207	0.6404989248557207	DONE
KEGG:C00668|GPI|ER_MonoEndoFib	p	0.0006	0.0006	DONE
KEGG:C00668|GPI|ER_MonoEndoFib	q	0.0513	0.0513	DONE
KEGG:C00668|GPI|ER_MonoEndoFib	n_specimens	60	60.0	DONE
KEGG:C00668|GPI|ER_MonoEndoFib	ER_same_subset_rho	0.4581904380034955	0.4581904380034955	DONE
KEGG:C00668|GPI|ER_MonoEndoFib	ER_same_subset_q	0.0285	0.0285	DONE
KEGG:C00668|GPI|ER_MonoEndoFib	gene	GPI	GPI	DONE
KEGG:C00064|ASNS|ER_PC12	rho	-0.2272883829107433	-0.2272883829107433	DONE
KEGG:C00064|ASNS|ER_PC12	ci_lower	-0.469214300590576	-0.469214300590576	DONE
KEGG:C00064|ASNS|ER_PC12	ci_upper	0.0070187112649772	0.0070187112649772	DONE
KEGG:C00064|ASNS|ER_PC12	p	0.0912	0.0912	DONE
KEGG:C00064|ASNS|ER_PC12	q	0.5198400000000001	0.5198400000000001	DONE
KEGG:C00064|ASNS|ER_PC12	n_specimens	61	61.0	DONE
KEGG:C00064|ASNS|ER_PC12	ER_same_subset_rho	-0.3948321624319598	-0.3948321624319598	DONE
KEGG:C00064|ASNS|ER_PC12	ER_same_subset_q	0.0534375	0.0534375	DONE
KEGG:C00064|ASNS|ER_PC12	gene	ASNS	ASNS	DONE
KEGG:C00064|ASNS|ER_MonoEndoFib	rho	-0.3228805368862193	-0.3228805368862193	DONE
KEGG:C00064|ASNS|ER_MonoEndoFib	ci_lower	-0.5345296521155617	-0.5345296521155617	DONE
KEGG:C00064|ASNS|ER_MonoEndoFib	ci_upper	-0.0788639225833432	-0.0788639225833432	DONE
KEGG:C00064|ASNS|ER_MonoEndoFib	p	0.0108	0.0108	DONE
KEGG:C00064|ASNS|ER_MonoEndoFib	q	0.2931428571428571	0.2931428571428571	DONE
KEGG:C00064|ASNS|ER_MonoEndoFib	n_specimens	61	61.0	DONE
KEGG:C00064|ASNS|ER_MonoEndoFib	ER_same_subset_rho	-0.3948321624319598	-0.3948321624319598	DONE
KEGG:C00064|ASNS|ER_MonoEndoFib	ER_same_subset_q	0.0534375	0.0534375	DONE
KEGG:C00064|ASNS|ER_MonoEndoFib	gene	ASNS	ASNS	DONE
KEGG:C02918|NNMT|ER_PC12	rho	0.2977188642126262	0.2977188642126262	DONE
KEGG:C02918|NNMT|ER_PC12	ci_lower	0.0273321191772735	0.0273321191772735	DONE
KEGG:C02918|NNMT|ER_PC12	ci_upper	0.5068870639872084	0.5068870639872084	DONE
KEGG:C02918|NNMT|ER_PC12	p	0.022	0.022	DONE
KEGG:C02918|NNMT|ER_PC12	q	0.314925	0.314925	DONE
KEGG:C02918|NNMT|ER_PC12	n_specimens	61	61.0	DONE
KEGG:C02918|NNMT|ER_PC12	ER_same_subset_rho	0.3844277473038987	0.3844277473038987	DONE
KEGG:C02918|NNMT|ER_PC12	ER_same_subset_q	0.0534375	0.0534375	DONE
KEGG:C02918|NNMT|ER_PC12	gene	NNMT	NNMT	DONE
KEGG:C02918|NNMT|ER_MonoEndoFib	rho	0.2336794266276177	0.2336794266276177	DONE
KEGG:C02918|NNMT|ER_MonoEndoFib	ci_lower	-0.0729423441520104	-0.0729423441520104	DONE
KEGG:C02918|NNMT|ER_MonoEndoFib	ci_upper	0.4525855620270444	0.4525855620270444	DONE
KEGG:C02918|NNMT|ER_MonoEndoFib	p	0.0856	0.0856	DONE
KEGG:C02918|NNMT|ER_MonoEndoFib	q	0.5383551724137932	0.5383551724137932	DONE
KEGG:C02918|NNMT|ER_MonoEndoFib	n_specimens	61	61.0	DONE
KEGG:C02918|NNMT|ER_MonoEndoFib	ER_same_subset_rho	0.3844277473038987	0.3844277473038987	DONE
KEGG:C02918|NNMT|ER_MonoEndoFib	ER_same_subset_q	0.0534375	0.0534375	DONE
KEGG:C02918|NNMT|ER_MonoEndoFib	gene	NNMT	NNMT	DONE
KEGG:C00242|PNP|ER_PC12	rho	0.3975177521136612	0.3975177521136612	DONE
KEGG:C00242|PNP|ER_PC12	ci_lower	0.1220450787423209	0.1220450787423209	DONE
KEGG:C00242|PNP|ER_PC12	ci_upper	0.6113141818683182	0.6113141818683182	DONE
KEGG:C00242|PNP|ER_PC12	p	0.0028	0.0028	DONE
KEGG:C00242|PNP|ER_PC12	q	0.1368	0.1368	DONE
KEGG:C00242|PNP|ER_PC12	n_specimens	60	60.0	DONE
KEGG:C00242|PNP|ER_PC12	ER_same_subset_rho	0.4638239434100776	0.4638239434100776	DONE
KEGG:C00242|PNP|ER_PC12	ER_same_subset_q	0.0285	0.0285	DONE
KEGG:C00242|PNP|ER_PC12	gene	PNP	PNP	DONE
KEGG:C00242|PNP|ER_MonoEndoFib	rho	0.3066719394929129	0.3066719394929129	DONE
KEGG:C00242|PNP|ER_MonoEndoFib	ci_lower	0.0654400142477084	0.0654400142477084	DONE
KEGG:C00242|PNP|ER_MonoEndoFib	ci_upper	0.5218531424067894	0.5218531424067894	DONE
KEGG:C00242|PNP|ER_MonoEndoFib	p	0.0187	0.0187	DONE
KEGG:C00242|PNP|ER_MonoEndoFib	q	0.3553	0.3553	DONE
KEGG:C00242|PNP|ER_MonoEndoFib	n_specimens	60	60.0	DONE
KEGG:C00242|PNP|ER_MonoEndoFib	ER_same_subset_rho	0.4638239434100776	0.4638239434100776	DONE
KEGG:C00242|PNP|ER_MonoEndoFib	ER_same_subset_q	0.0285	0.0285	DONE
KEGG:C00242|PNP|ER_MonoEndoFib	gene	PNP	PNP	DONE
KEGG:C00275|PMM2|ER_PC12	rho	0.3064098723440674	0.3064098723440674	DONE
KEGG:C00275|PMM2|ER_PC12	ci_lower	-0.0114981401131545	-0.0114981401131545	DONE
KEGG:C00275|PMM2|ER_PC12	ci_upper	0.5572694497614515	0.5572694497614515	DONE
KEGG:C00275|PMM2|ER_PC12	p	0.031	0.031	DONE
KEGG:C00275|PMM2|ER_PC12	q	0.4077692307692308	0.4077692307692308	DONE
KEGG:C00275|PMM2|ER_PC12	n_specimens	51	51.0	DONE
KEGG:C00275|PMM2|ER_PC12	ER_same_subset_rho	0.2696828886037689	0.2696828886037689	DONE
KEGG:C00275|PMM2|ER_PC12	ER_same_subset_q	0.301921875	0.301921875	DONE
KEGG:C00275|PMM2|ER_PC12	gene	PMM2	PMM2	DONE
KEGG:C00275|PMM2|ER_MonoEndoFib	rho	0.2499544850843636	0.2499544850843636	DONE
KEGG:C00275|PMM2|ER_MonoEndoFib	ci_lower	-0.0609193801730607	-0.0609193801730607	DONE
KEGG:C00275|PMM2|ER_MonoEndoFib	ci_upper	0.5345160369770453	0.5345160369770453	DONE
KEGG:C00275|PMM2|ER_MonoEndoFib	p	0.0898	0.0898	DONE
KEGG:C00275|PMM2|ER_MonoEndoFib	q	0.5383551724137932	0.5383551724137932	DONE
KEGG:C00275|PMM2|ER_MonoEndoFib	n_specimens	51	51.0	DONE
KEGG:C00275|PMM2|ER_MonoEndoFib	ER_same_subset_rho	0.2696828886037689	0.2696828886037689	DONE
KEGG:C00275|PMM2|ER_MonoEndoFib	ER_same_subset_q	0.301921875	0.301921875	DONE
KEGG:C00275|PMM2|ER_MonoEndoFib	gene	PMM2	PMM2	DONE
KEGG:C00149|MDH2|ER_PC12	rho	0.0449900719995007	0.0449900719995007	DONE
KEGG:C00149|MDH2|ER_PC12	ci_lower	-0.2280214126203406	-0.2280214126203406	DONE
KEGG:C00149|MDH2|ER_PC12	ci_upper	0.3134950994327048	0.3134950994327048	DONE
KEGG:C00149|MDH2|ER_PC12	p	0.7347	0.7347	DONE
KEGG:C00149|MDH2|ER_PC12	q	0.8633157534246576	0.8633157534246576	DONE
KEGG:C00149|MDH2|ER_PC12	n_specimens	61	61.0	DONE
KEGG:C00149|MDH2|ER_PC12	ER_same_subset_rho	0.1884641169872589	0.1884641169872589	DONE
KEGG:C00149|MDH2|ER_PC12	ER_same_subset_q	0.43498125	0.43498125	DONE
KEGG:C00149|MDH2|ER_PC12	gene	MDH2	MDH2	DONE
KEGG:C00149|MDH2|ER_MonoEndoFib	rho	0.0559690224351996	0.0559690224351996	DONE
KEGG:C00149|MDH2|ER_MonoEndoFib	ci_lower	-0.2266949598706001	-0.2266949598706001	DONE
KEGG:C00149|MDH2|ER_MonoEndoFib	ci_upper	0.316168586301385	0.316168586301385	DONE
KEGG:C00149|MDH2|ER_MonoEndoFib	p	0.6862	0.6862	DONE
KEGG:C00149|MDH2|ER_MonoEndoFib	q	0.9297	0.9297	DONE
KEGG:C00149|MDH2|ER_MonoEndoFib	n_specimens	61	61.0	DONE
KEGG:C00149|MDH2|ER_MonoEndoFib	ER_same_subset_rho	0.1884641169872589	0.1884641169872589	DONE
KEGG:C00149|MDH2|ER_MonoEndoFib	ER_same_subset_q	0.43498125	0.43498125	DONE
KEGG:C00149|MDH2|ER_MonoEndoFib	gene	MDH2	MDH2	DONE
KEGG:C00148|PYCR1|ER_PC12	rho	0.2638051076295854	0.2638051076295854	DONE
KEGG:C00148|PYCR1|ER_PC12	ci_lower	-0.0273041829110624	-0.0273041829110624	DONE
KEGG:C00148|PYCR1|ER_PC12	ci_upper	0.5267682237505704	0.5267682237505704	DONE
KEGG:C00148|PYCR1|ER_PC12	p	0.0473	0.0473	DONE
KEGG:C00148|PYCR1|ER_PC12	q	0.4317750000000001	0.4317750000000001	DONE
KEGG:C00148|PYCR1|ER_PC12	n_specimens	61	61.0	DONE
KEGG:C00148|PYCR1|ER_PC12	ER_same_subset_rho	0.2933570167640607	0.2933570167640607	DONE
KEGG:C00148|PYCR1|ER_PC12	ER_same_subset_q	0.19665	0.19665	DONE
KEGG:C00148|PYCR1|ER_PC12	gene	PYCR1	PYCR1	DONE
KEGG:C00148|PYCR1|ER_MonoEndoFib	rho	0.2622782207355422	0.2622782207355422	DONE
KEGG:C00148|PYCR1|ER_MonoEndoFib	ci_lower	0.0184057753633969	0.0184057753633969	DONE
KEGG:C00148|PYCR1|ER_MonoEndoFib	ci_upper	0.5247888434516933	0.5247888434516933	DONE
KEGG:C00148|PYCR1|ER_MonoEndoFib	p	0.0529	0.0529	DONE
KEGG:C00148|PYCR1|ER_MonoEndoFib	q	0.452295	0.452295	DONE
KEGG:C00148|PYCR1|ER_MonoEndoFib	n_specimens	61	61.0	DONE
KEGG:C00148|PYCR1|ER_MonoEndoFib	ER_same_subset_rho	0.2933570167640607	0.2933570167640607	DONE
KEGG:C00148|PYCR1|ER_MonoEndoFib	ER_same_subset_q	0.19665	0.19665	DONE
KEGG:C00148|PYCR1|ER_MonoEndoFib	gene	PYCR1	PYCR1	DONE
KEGG:C00153|NAMPT|ER_PC12	rho	0.0425324927212303	0.0425324927212303	DONE
KEGG:C00153|NAMPT|ER_PC12	ci_lower	-0.2357518664912536	-0.2357518664912536	DONE
KEGG:C00153|NAMPT|ER_PC12	ci_upper	0.2856602706039354	0.2856602706039354	DONE
KEGG:C00153|NAMPT|ER_PC12	p	0.7631	0.7631	DONE
KEGG:C00153|NAMPT|ER_PC12	q	0.8700882352941176	0.8700882352941176	DONE
KEGG:C00153|NAMPT|ER_PC12	n_specimens	58	58.0	DONE
KEGG:C00153|NAMPT|ER_PC12	ER_same_subset_rho	-0.051975359060647	-0.051975359060647	DONE
KEGG:C00153|NAMPT|ER_PC12	ER_same_subset_q	0.83469375	0.83469375	DONE
KEGG:C00153|NAMPT|ER_PC12	gene	NAMPT	NAMPT	DONE
KEGG:C00153|NAMPT|ER_MonoEndoFib	rho	0.0153701960920515	0.0153701960920515	DONE
KEGG:C00153|NAMPT|ER_MonoEndoFib	ci_lower	-0.2679670806029393	-0.2679670806029393	DONE
KEGG:C00153|NAMPT|ER_MonoEndoFib	ci_upper	0.286924498141729	0.286924498141729	DONE
KEGG:C00153|NAMPT|ER_MonoEndoFib	p	0.9148	0.9148	DONE
KEGG:C00153|NAMPT|ER_MonoEndoFib	q	0.9501381818181818	0.9501381818181818	DONE
KEGG:C00153|NAMPT|ER_MonoEndoFib	n_specimens	58	58.0	DONE
KEGG:C00153|NAMPT|ER_MonoEndoFib	ER_same_subset_rho	-0.051975359060647	-0.051975359060647	DONE
KEGG:C00153|NAMPT|ER_MonoEndoFib	ER_same_subset_q	0.83469375	0.83469375	DONE
KEGG:C00153|NAMPT|ER_MonoEndoFib	gene	NAMPT	NAMPT	DONE
KEGG:C00025|BCAT1|ER_PC12	rho	0.3233231045890862	0.3233231045890862	DONE
KEGG:C00025|BCAT1|ER_PC12	ci_lower	0.0892003445981647	0.0892003445981647	DONE
KEGG:C00025|BCAT1|ER_PC12	ci_upper	0.5456033856978627	0.5456033856978627	DONE
KEGG:C00025|BCAT1|ER_PC12	p	0.0118	0.0118	DONE
KEGG:C00025|BCAT1|ER_PC12	q	0.252225	0.252225	DONE
KEGG:C00025|BCAT1|ER_PC12	n_specimens	61	61.0	DONE
KEGG:C00025|BCAT1|ER_PC12	ER_same_subset_rho	0.2099062996636585	0.2099062996636585	DONE
KEGG:C00025|BCAT1|ER_PC12	ER_same_subset_q	0.3379978723404255	0.3379978723404255	DONE
KEGG:C00025|BCAT1|ER_PC12	gene	BCAT1	BCAT1	DONE
KEGG:C00025|BCAT1|ER_MonoEndoFib	rho	0.1454576120457453	0.1454576120457453	DONE
KEGG:C00025|BCAT1|ER_MonoEndoFib	ci_lower	-0.1053762208016978	-0.1053762208016978	DONE
KEGG:C00025|BCAT1|ER_MonoEndoFib	ci_upper	0.403413321699425	0.403413321699425	DONE
KEGG:C00025|BCAT1|ER_MonoEndoFib	p	0.2824	0.2824	DONE
KEGG:C00025|BCAT1|ER_MonoEndoFib	q	0.7429447058823531	0.7429447058823531	DONE
KEGG:C00025|BCAT1|ER_MonoEndoFib	n_specimens	61	61.0	DONE
KEGG:C00025|BCAT1|ER_MonoEndoFib	ER_same_subset_rho	0.2099062996636585	0.2099062996636585	DONE
KEGG:C00025|BCAT1|ER_MonoEndoFib	ER_same_subset_q	0.3379978723404255	0.3379978723404255	DONE
KEGG:C00025|BCAT1|ER_MonoEndoFib	gene	BCAT1	BCAT1	DONE
KEGG:C00097|CDO1|ER_PC12	rho	-0.131706138107605	-0.131706138107605	DONE
KEGG:C00097|CDO1|ER_PC12	ci_lower	-0.3715389273961277	-0.3715389273961277	DONE
KEGG:C00097|CDO1|ER_PC12	ci_upper	0.1381904548216632	0.1381904548216632	DONE
KEGG:C00097|CDO1|ER_PC12	p	0.3254	0.3254	DONE
KEGG:C00097|CDO1|ER_PC12	q	0.6796758620689655	0.6796758620689655	DONE
KEGG:C00097|CDO1|ER_PC12	n_specimens	60	60.0	DONE
KEGG:C00097|CDO1|ER_PC12	ER_same_subset_rho	-0.2791075192709327	-0.2791075192709327	DONE
KEGG:C00097|CDO1|ER_PC12	ER_same_subset_q	0.2349666666666666	0.2349666666666666	DONE
KEGG:C00097|CDO1|ER_PC12	gene	CDO1	CDO1	DONE
KEGG:C00097|CDO1|ER_MonoEndoFib	rho	-0.204203336658093	-0.204203336658093	DONE
KEGG:C00097|CDO1|ER_MonoEndoFib	ci_lower	-0.4344237044763903	-0.4344237044763903	DONE
KEGG:C00097|CDO1|ER_MonoEndoFib	ci_upper	0.050669503336137	0.050669503336137	DONE
KEGG:C00097|CDO1|ER_MonoEndoFib	p	0.1272	0.1272	DONE
KEGG:C00097|CDO1|ER_MonoEndoFib	q	0.5859878048780489	0.5859878048780489	DONE
KEGG:C00097|CDO1|ER_MonoEndoFib	n_specimens	60	60.0	DONE
KEGG:C00097|CDO1|ER_MonoEndoFib	ER_same_subset_rho	-0.2791075192709327	-0.2791075192709327	DONE
KEGG:C00097|CDO1|ER_MonoEndoFib	ER_same_subset_q	0.2349666666666666	0.2349666666666666	DONE
KEGG:C00097|CDO1|ER_MonoEndoFib	gene	CDO1	CDO1	DONE
KEGG:C00037|SHMT2|ER_PC12	rho	0.0849204480930016	0.0849204480930016	DONE
KEGG:C00037|SHMT2|ER_PC12	ci_lower	-0.1799548394033785	-0.1799548394033785	DONE
KEGG:C00037|SHMT2|ER_PC12	ci_upper	0.3277782772726029	0.3277782772726029	DONE
KEGG:C00037|SHMT2|ER_PC12	p	0.5286	0.5286	DONE
KEGG:C00037|SHMT2|ER_PC12	q	0.8143297297297296	0.8143297297297296	DONE
KEGG:C00037|SHMT2|ER_PC12	n_specimens	61	61.0	DONE
KEGG:C00037|SHMT2|ER_PC12	ER_same_subset_rho	0.1671904953888215	0.1671904953888215	DONE
KEGG:C00037|SHMT2|ER_PC12	ER_same_subset_q	0.4804625	0.4804625	DONE
KEGG:C00037|SHMT2|ER_PC12	gene	SHMT2	SHMT2	DONE
KEGG:C00037|SHMT2|ER_MonoEndoFib	rho	0.0962831268873325	0.0962831268873325	DONE
KEGG:C00037|SHMT2|ER_MonoEndoFib	ci_lower	-0.1433616670681664	-0.1433616670681664	DONE
KEGG:C00037|SHMT2|ER_MonoEndoFib	ci_upper	0.3354236774813011	0.3354236774813011	DONE
KEGG:C00037|SHMT2|ER_MonoEndoFib	p	0.484	0.484	DONE
KEGG:C00037|SHMT2|ER_MonoEndoFib	q	0.8233396039603961	0.8233396039603961	DONE
KEGG:C00037|SHMT2|ER_MonoEndoFib	n_specimens	61	61.0	DONE
KEGG:C00037|SHMT2|ER_MonoEndoFib	ER_same_subset_rho	0.1671904953888215	0.1671904953888215	DONE
KEGG:C00037|SHMT2|ER_MonoEndoFib	ER_same_subset_q	0.4804625	0.4804625	DONE
KEGG:C00037|SHMT2|ER_MonoEndoFib	gene	SHMT2	SHMT2	DONE
KEGG:C00319|SPHK1|ER_PC12	rho	0.1977650408742668	0.1977650408742668	DONE
KEGG:C00319|SPHK1|ER_PC12	ci_lower	-0.11660450812988	-0.11660450812988	DONE
KEGG:C00319|SPHK1|ER_PC12	ci_upper	0.492659474326492	0.492659474326492	DONE
KEGG:C00319|SPHK1|ER_PC12	p	0.2027	0.2027	DONE
KEGG:C00319|SPHK1|ER_PC12	q	0.6415448275862069	0.6415448275862069	DONE
KEGG:C00319|SPHK1|ER_PC12	n_specimens	45	45.0	DONE
KEGG:C00319|SPHK1|ER_PC12	ER_same_subset_rho	0.1205038662532934	0.1205038662532934	DONE
KEGG:C00319|SPHK1|ER_PC12	ER_same_subset_q	0.6776837837837838	0.6776837837837838	DONE
KEGG:C00319|SPHK1|ER_PC12	gene	SPHK1	SPHK1	DONE
KEGG:C00319|SPHK1|ER_MonoEndoFib	rho	0.3719257641770203	0.3719257641770203	DONE
KEGG:C00319|SPHK1|ER_MonoEndoFib	ci_lower	0.0609979424257051	0.0609979424257051	DONE
KEGG:C00319|SPHK1|ER_MonoEndoFib	ci_upper	0.576145397643863	0.576145397643863	DONE
KEGG:C00319|SPHK1|ER_MonoEndoFib	p	0.0148	0.0148	DONE
KEGG:C00319|SPHK1|ER_MonoEndoFib	q	0.31635	0.31635	DONE
KEGG:C00319|SPHK1|ER_MonoEndoFib	n_specimens	45	45.0	DONE
KEGG:C00319|SPHK1|ER_MonoEndoFib	ER_same_subset_rho	0.1205038662532934	0.1205038662532934	DONE
KEGG:C00319|SPHK1|ER_MonoEndoFib	ER_same_subset_q	0.6776837837837838	0.6776837837837838	DONE
KEGG:C00319|SPHK1|ER_MonoEndoFib	gene	SPHK1	SPHK1	DONE
KEGG:C00025|SLC7A11|ER_PC12	rho	0.1294947041009422	0.1294947041009422	DONE
KEGG:C00025|SLC7A11|ER_PC12	ci_lower	-0.1856825593143936	-0.1856825593143936	DONE
KEGG:C00025|SLC7A11|ER_PC12	ci_upper	0.4059824610640464	0.4059824610640464	DONE
KEGG:C00025|SLC7A11|ER_PC12	p	0.3208	0.3208	DONE
KEGG:C00025|SLC7A11|ER_PC12	q	0.6796758620689655	0.6796758620689655	DONE
KEGG:C00025|SLC7A11|ER_PC12	n_specimens	61	61.0	DONE
KEGG:C00025|SLC7A11|ER_PC12	ER_same_subset_rho	0.2839476239722817	0.2839476239722817	DONE
KEGG:C00025|SLC7A11|ER_PC12	ER_same_subset_q	0.224352	0.224352	DONE
KEGG:C00025|SLC7A11|ER_PC12	gene	SLC7A11	SLC7A11	DONE
KEGG:C00025|SLC7A11|ER_MonoEndoFib	rho	0.1808330513351983	0.1808330513351983	DONE
KEGG:C00025|SLC7A11|ER_MonoEndoFib	ci_lower	-0.1129731288207051	-0.1129731288207051	DONE
KEGG:C00025|SLC7A11|ER_MonoEndoFib	ci_upper	0.4211426312545772	0.4211426312545772	DONE
KEGG:C00025|SLC7A11|ER_MonoEndoFib	p	0.1787	0.1787	DONE
KEGG:C00025|SLC7A11|ER_MonoEndoFib	q	0.636975	0.636975	DONE
KEGG:C00025|SLC7A11|ER_MonoEndoFib	n_specimens	61	61.0	DONE
KEGG:C00025|SLC7A11|ER_MonoEndoFib	ER_same_subset_rho	0.2839476239722817	0.2839476239722817	DONE
KEGG:C00025|SLC7A11|ER_MonoEndoFib	ER_same_subset_q	0.224352	0.224352	DONE
KEGG:C00025|SLC7A11|ER_MonoEndoFib	gene	SLC7A11	SLC7A11	DONE
GPCPD1	Wu_top	Myeloid	Myeloid	DONE
GPCPD1	Wu_bootstrap_top_frequency	0.998	0.998	DONE
GPCPD1	Wu_runner	T_NK_cells	T_NK_cells	DONE
GPCPD1	Wu_paired_n	26	26	DONE
GPCPD1	Wu_paired_positive_fraction	0.8846153846153846	0.8846153846153846	DONE
GPCPD1	Pal_top	Myeloid	Myeloid	DONE
GPCPD1	Pal_bootstrap_top_frequency	0.996	0.996	DONE
GPCPD1	Pal_runner	Endothelial	Endothelial	DONE
GPCPD1	Pal_paired_n	23	23	DONE
GPCPD1	Pal_paired_positive_fraction	0.6956521739130435	0.6956521739130435	DONE
GPCPD1	two_source_stable_rule	True	True	DONE
GPI	Wu_top	Malignant_epithelial	Malignant_epithelial	DONE
GPI	Wu_bootstrap_top_frequency	0.999	0.999	DONE
GPI	Wu_runner	Perivascular	Perivascular	DONE
GPI	Wu_paired_n	18	18	DONE
GPI	Wu_paired_positive_fraction	0.6666666666666666	0.6666666666666666	DONE
GPI	Pal_top	Malignant_epithelial	Malignant_epithelial	DONE
GPI	Pal_bootstrap_top_frequency	0.989	0.989	DONE
GPI	Pal_runner	Perivascular	Perivascular	DONE
GPI	Pal_paired_n	15	15	DONE
GPI	Pal_paired_positive_fraction	0.7333333333333333	0.7333333333333333	DONE
GPI	two_source_stable_rule	True	True	DONE
ASNS	Wu_top	Malignant_epithelial	Malignant_epithelial	DONE
ASNS	Wu_bootstrap_top_frequency	0.972	0.972	DONE
ASNS	Wu_runner	Plasma_cells	Plasma_cells	DONE
ASNS	Wu_paired_n	11	11	DONE
ASNS	Wu_paired_positive_fraction	0.7272727272727273	0.7272727272727273	DONE
ASNS	Pal_top	Malignant_epithelial	Malignant_epithelial	DONE
ASNS	Pal_bootstrap_top_frequency	0.926	0.926	DONE
ASNS	Pal_runner	Perivascular	Perivascular	DONE
ASNS	Pal_paired_n	15	15	DONE
ASNS	Pal_paired_positive_fraction	0.8	0.8	DONE
ASNS	two_source_stable_rule	True	True	DONE
NNMT	Wu_top	Fibroblasts	Fibroblasts	DONE
NNMT	Wu_bootstrap_top_frequency	1.0	1.0	DONE
NNMT	Wu_runner	Endothelial	Endothelial	DONE
NNMT	Wu_paired_n	21	21	DONE
NNMT	Wu_paired_positive_fraction	0.9047619047619048	0.9047619047619048	DONE
NNMT	Pal_top	Fibroblasts	Fibroblasts	DONE
NNMT	Pal_bootstrap_top_frequency	1.0	1.0	DONE
NNMT	Pal_runner	Perivascular	Perivascular	DONE
NNMT	Pal_paired_n	15	15	DONE
NNMT	Pal_paired_positive_fraction	1.0	1.0	DONE
NNMT	two_source_stable_rule	True	True	DONE
PNP	Wu_top	Endothelial	Endothelial	DONE
PNP	Wu_bootstrap_top_frequency	1.0	1.0	DONE
PNP	Wu_runner	Myeloid	Myeloid	DONE
PNP	Wu_paired_n	24	24	DONE
PNP	Wu_paired_positive_fraction	0.9583333333333334	0.9583333333333334	DONE
PNP	Pal_top	Endothelial	Endothelial	DONE
PNP	Pal_bootstrap_top_frequency	1.0	1.0	DONE
PNP	Pal_runner	Myeloid	Myeloid	DONE
PNP	Pal_paired_n	23	23	DONE
PNP	Pal_paired_positive_fraction	0.9130434782608696	0.9130434782608696	DONE
PNP	two_source_stable_rule	True	True	DONE
PMM2	Wu_top	Malignant_epithelial	Malignant_epithelial	DONE
PMM2	Wu_bootstrap_top_frequency	0.998	0.998	DONE
PMM2	Wu_runner	Nonmalignant_epithelial	Nonmalignant_epithelial	DONE
PMM2	Wu_paired_n	8	8	DONE
PMM2	Wu_paired_positive_fraction	0.875	0.875	DONE
PMM2	Pal_top	Malignant_epithelial	Malignant_epithelial	DONE
PMM2	Pal_bootstrap_top_frequency	0.72	0.72	DONE
PMM2	Pal_runner	Plasma_cells	Plasma_cells	DONE
PMM2	Pal_paired_n	17	17	DONE
PMM2	Pal_paired_positive_fraction	0.7647058823529411	0.7647058823529411	DONE
PMM2	two_source_stable_rule	False	False	DONE
MDH2	Wu_top	Malignant_epithelial	Malignant_epithelial	DONE
MDH2	Wu_bootstrap_top_frequency	1.0	1.0	DONE
MDH2	Wu_runner	Nonmalignant_epithelial	Nonmalignant_epithelial	DONE
MDH2	Wu_paired_n	8	8	DONE
MDH2	Wu_paired_positive_fraction	0.875	0.875	DONE
MDH2	Pal_top	Malignant_epithelial	Malignant_epithelial	DONE
MDH2	Pal_bootstrap_top_frequency	1.0	1.0	DONE
MDH2	Pal_runner	Perivascular	Perivascular	DONE
MDH2	Pal_paired_n	15	15	DONE
MDH2	Pal_paired_positive_fraction	1.0	1.0	DONE
MDH2	two_source_stable_rule	True	True	DONE
PYCR1	Wu_top	Malignant_epithelial	Malignant_epithelial	DONE
PYCR1	Wu_bootstrap_top_frequency	1.0	1.0	DONE
PYCR1	Wu_runner	Fibroblasts	Fibroblasts	DONE
PYCR1	Wu_paired_n	17	17	DONE
PYCR1	Wu_paired_positive_fraction	0.9411764705882352	0.9411764705882352	DONE
PYCR1	Pal_top	Malignant_epithelial	Malignant_epithelial	DONE
PYCR1	Pal_bootstrap_top_frequency	1.0	1.0	DONE
PYCR1	Pal_runner	Fibroblasts	Fibroblasts	DONE
PYCR1	Pal_paired_n	30	30	DONE
PYCR1	Pal_paired_positive_fraction	0.8	0.8	DONE
PYCR1	two_source_stable_rule	True	True	DONE
NAMPT	Wu_top	Myeloid	Myeloid	DONE
NAMPT	Wu_bootstrap_top_frequency	1.0	1.0	DONE
NAMPT	Wu_runner	Nonmalignant_epithelial	Nonmalignant_epithelial	DONE
NAMPT	Wu_paired_n	10	10	DONE
NAMPT	Wu_paired_positive_fraction	0.8	0.8	DONE
NAMPT	Pal_top	Myeloid	Myeloid	DONE
NAMPT	Pal_bootstrap_top_frequency	1.0	1.0	DONE
NAMPT	Pal_runner	Endothelial	Endothelial	DONE
NAMPT	Pal_paired_n	23	23	DONE
NAMPT	Pal_paired_positive_fraction	0.9130434782608696	0.9130434782608696	DONE
NAMPT	two_source_stable_rule	True	True	DONE
BCAT1	Wu_top	Myeloid	Myeloid	DONE
BCAT1	Wu_bootstrap_top_frequency	1.0	1.0	DONE
BCAT1	Wu_runner	Fibroblasts	Fibroblasts	DONE
BCAT1	Wu_paired_n	23	23	DONE
BCAT1	Wu_paired_positive_fraction	0.8695652173913043	0.8695652173913043	DONE
BCAT1	Pal_top	Myeloid	Myeloid	DONE
BCAT1	Pal_bootstrap_top_frequency	1.0	1.0	DONE
BCAT1	Pal_runner	Fibroblasts	Fibroblasts	DONE
BCAT1	Pal_paired_n	30	30	DONE
BCAT1	Pal_paired_positive_fraction	0.9	0.9	DONE
BCAT1	two_source_stable_rule	True	True	DONE
CDO1	Wu_top	Fibroblasts	Fibroblasts	DONE
CDO1	Wu_bootstrap_top_frequency	1.0	1.0	DONE
CDO1	Wu_runner	Nonmalignant_epithelial	Nonmalignant_epithelial	DONE
CDO1	Wu_paired_n	10	10	DONE
CDO1	Wu_paired_positive_fraction	1.0	1.0	DONE
CDO1	Pal_top	Fibroblasts	Fibroblasts	DONE
CDO1	Pal_bootstrap_top_frequency	1.0	1.0	DONE
CDO1	Pal_runner	Perivascular	Perivascular	DONE
CDO1	Pal_paired_n	15	15	DONE
CDO1	Pal_paired_positive_fraction	0.9333333333333332	0.9333333333333332	DONE
CDO1	two_source_stable_rule	True	True	DONE
SHMT2	Wu_top	Malignant_epithelial	Malignant_epithelial	DONE
SHMT2	Wu_bootstrap_top_frequency	0.995	0.995	DONE
SHMT2	Wu_runner	Fibroblasts	Fibroblasts	DONE
SHMT2	Wu_paired_n	17	17	DONE
SHMT2	Wu_paired_positive_fraction	0.8235294117647058	0.8235294117647058	DONE
SHMT2	Pal_top	Malignant_epithelial	Malignant_epithelial	DONE
SHMT2	Pal_bootstrap_top_frequency	0.915	0.915	DONE
SHMT2	Pal_runner	Perivascular	Perivascular	DONE
SHMT2	Pal_paired_n	15	15	DONE
SHMT2	Pal_paired_positive_fraction	0.8	0.8	DONE
SHMT2	two_source_stable_rule	True	True	DONE
SPHK1	Wu_top	Fibroblasts	Fibroblasts	DONE
SPHK1	Wu_bootstrap_top_frequency	0.999	0.999	DONE
SPHK1	Wu_runner	Endothelial	Endothelial	DONE
SPHK1	Wu_paired_n	21	21	DONE
SPHK1	Wu_paired_positive_fraction	0.8095238095238095	0.8095238095238095	DONE
SPHK1	Pal_top	Fibroblasts	Fibroblasts	DONE
SPHK1	Pal_bootstrap_top_frequency	1.0	1.0	DONE
SPHK1	Pal_runner	Endothelial	Endothelial	DONE
SPHK1	Pal_paired_n	23	23	DONE
SPHK1	Pal_paired_positive_fraction	0.8260869565217391	0.8260869565217391	DONE
SPHK1	two_source_stable_rule	True	True	DONE
SLC7A11	Wu_top	Malignant_epithelial	Malignant_epithelial	DONE
SLC7A11	Wu_bootstrap_top_frequency	0.555	0.555	DONE
SLC7A11	Wu_runner	Myeloid	Myeloid	DONE
SLC7A11	Wu_paired_n	20	20	DONE
SLC7A11	Wu_paired_positive_fraction	0.35	0.35	DONE
SLC7A11	Pal_top	Endothelial	Endothelial	DONE
SLC7A11	Pal_bootstrap_top_frequency	0.938	0.938	DONE
SLC7A11	Pal_runner	Malignant_epithelial	Malignant_epithelial	DONE
SLC7A11	Pal_paired_n	23	23	DONE
SLC7A11	Pal_paired_positive_fraction	0.5652173913043478	0.5652173913043478	DONE
SLC7A11	two_source_stable_rule	False	False	DONE
AFMID	Wu_top	Malignant_epithelial	Malignant_epithelial	DONE
AFMID	Wu_bootstrap_top_frequency	0.826	0.826	DONE
AFMID	Wu_runner	Nonmalignant_epithelial	Nonmalignant_epithelial	DONE
AFMID	Wu_paired_n	8	8	DONE
AFMID	Wu_paired_positive_fraction	0.375	0.375	DONE
AFMID	Pal_top	Malignant_epithelial	Malignant_epithelial	DONE
AFMID	Pal_bootstrap_top_frequency	1.0	1.0	DONE
AFMID	Pal_runner	Myeloid	Myeloid	DONE
AFMID	Pal_paired_n	30	30	DONE
AFMID	Pal_paired_positive_fraction	1.0	1.0	DONE
AFMID	two_source_stable_rule	True	True	DONE
BBOX1	Wu_top	Nonmalignant_epithelial	Nonmalignant_epithelial	DONE
BBOX1	Wu_bootstrap_top_frequency	0.999	0.999	DONE
BBOX1	Wu_runner	Malignant_epithelial	Malignant_epithelial	DONE
BBOX1	Wu_paired_n	8	8	DONE
BBOX1	Wu_paired_positive_fraction	1.0	1.0	DONE
BBOX1	Pal_top	Malignant_epithelial	Malignant_epithelial	DONE
BBOX1	Pal_bootstrap_top_frequency	1.0	1.0	DONE
BBOX1	Pal_runner	Plasma_cells	Plasma_cells	DONE
BBOX1	Pal_paired_n	17	17	DONE
BBOX1	Pal_paired_positive_fraction	0.9411764705882352	0.9411764705882352	DONE
BBOX1	two_source_stable_rule	False	False	DONE
SORD	Wu_top	Malignant_epithelial	Malignant_epithelial	DONE
SORD	Wu_bootstrap_top_frequency	0.963	0.963	DONE
SORD	Wu_runner	Nonmalignant_epithelial	Nonmalignant_epithelial	DONE
SORD	Wu_paired_n	8	8	DONE
SORD	Wu_paired_positive_fraction	0.875	0.875	DONE
SORD	Pal_top	Malignant_epithelial	Malignant_epithelial	DONE
SORD	Pal_bootstrap_top_frequency	0.97	0.97	DONE
SORD	Pal_runner	Mast_cells	Mast_cells	DONE
SORD	Pal_paired_n	12	12	DONE
SORD	Pal_paired_positive_fraction	0.9166666666666666	0.9166666666666666	DONE
SORD	two_source_stable_rule	True	True	DONE
