gene	aliases	query	status	hits	response_sha256	retrieved_utc	reason
AADAT	KAT2;KYAT2	https://www.ebi.ac.uk/europepmc/webservices/rest/search?query=%28TITLE_ABS%3Apancreatic+OR+TITLE_ABS%3APDAC%29+AND+%28TITLE_ABS%3A%22KAT2%22+OR+TITLE_ABS%3A%22KYAT2%22%29&format=json&resultType=core&pageSize=3	DONE	1	675e0e14613ba915ea6eda468156ef89863fd2b77faac588eb6f5327585d105b	2026-09-20T11:33:59.882451+00:00	Alias retrieval only;not verified gene-specific intervention
ABHD16A	BAT5;NG26	https://www.ebi.ac.uk/europepmc/webservices/rest/search?query=%28TITLE_ABS%3Apancreatic+OR+TITLE_ABS%3APDAC%29+AND+%28TITLE_ABS%3A%22BAT5%22+OR+TITLE_ABS%3A%22NG26%22%29&format=json&resultType=core&pageSize=3	DONE	0	3c3b1ba0e94e72452559e9d22abfe25f095cd56607e48e38eaf4544a002fc002	2026-09-20T11:33:59.883033+00:00	Alias retrieval only;not verified gene-specific intervention
ABHD16B	C20orf135	https://www.ebi.ac.uk/europepmc/webservices/rest/search?query=%28TITLE_ABS%3Apancreatic+OR+TITLE_ABS%3APDAC%29+AND+%28TITLE_ABS%3A%22C20orf135%22%29&format=json&resultType=core&pageSize=3	DONE	0	1b897c29b881a5ce9c809817480a972ce19c79e0b547e06f97531af889d7acba	2026-09-20T11:33:59.883581+00:00	Alias retrieval only;not verified gene-specific intervention
ABHD2	LABH2	https://www.ebi.ac.uk/europepmc/webservices/rest/search?query=%28TITLE_ABS%3Apancreatic+OR+TITLE_ABS%3APDAC%29+AND+%28TITLE_ABS%3A%22LABH2%22%29&format=json&resultType=core&pageSize=3	DONE	0	f4db0cac876e4d2fffaa661629c5a50cfedbeb7b0e4b13d88bb4ca9184137fec	2026-09-20T11:34:02.269805+00:00	Alias retrieval only;not verified gene-specific intervention
ADPRM	C17orf48	https://www.ebi.ac.uk/europepmc/webservices/rest/search?query=%28TITLE_ABS%3Apancreatic+OR+TITLE_ABS%3APDAC%29+AND+%28TITLE_ABS%3A%22C17orf48%22%29&format=json&resultType=core&pageSize=3	DONE	0	286403490d201420ae0d0f029a13a233795bcc88400345d320b6424f3de48444	2026-09-20T11:34:03.084993+00:00	Alias retrieval only;not verified gene-specific intervention
AK9	AKD1;AKD2;C6orf199	https://www.ebi.ac.uk/europepmc/webservices/rest/search?query=%28TITLE_ABS%3Apancreatic+OR+TITLE_ABS%3APDAC%29+AND+%28TITLE_ABS%3A%22AKD1%22+OR+TITLE_ABS%3A%22AKD2%22+OR+TITLE_ABS%3A%22C6orf199%22%29&format=json&resultType=core&pageSize=3	DONE	0	710e6902f23e242c106b4fdb82e222d216c25f2fd1466735a4655cbbf16bac08	2026-09-20T11:34:03.385979+00:00	Alias retrieval only;not verified gene-specific intervention
AKR1C4	CHDR	https://www.ebi.ac.uk/europepmc/webservices/rest/search?query=%28TITLE_ABS%3Apancreatic+OR+TITLE_ABS%3APDAC%29+AND+%28TITLE_ABS%3A%22CHDR%22%29&format=json&resultType=core&pageSize=3	DONE	0	7080e4fd2772e97bbfa0de5b1e755f1ab00f909dae8f37cd6f4f0601092b3861	2026-09-20T11:34:04.770031+00:00	Alias retrieval only;not verified gene-specific intervention
ALDH3A2	ALDH10;FALDH	https://www.ebi.ac.uk/europepmc/webservices/rest/search?query=%28TITLE_ABS%3Apancreatic+OR+TITLE_ABS%3APDAC%29+AND+%28TITLE_ABS%3A%22ALDH10%22+OR+TITLE_ABS%3A%22FALDH%22%29&format=json&resultType=core&pageSize=3	DONE	2	758114c2c4c2986db49b99e9aaa15bc0d6348596e18b7e8ee14da03c38571033	2026-09-20T11:34:05.612699+00:00	Alias retrieval only;not verified gene-specific intervention
ALDH4A1	ALDH4;P5CDH	https://www.ebi.ac.uk/europepmc/webservices/rest/search?query=%28TITLE_ABS%3Apancreatic+OR+TITLE_ABS%3APDAC%29+AND+%28TITLE_ABS%3A%22ALDH4%22+OR+TITLE_ABS%3A%22P5CDH%22%29&format=json&resultType=core&pageSize=3	DONE	0	7f7b24339c73966bf406cde08c13d4e71d044fab70832198ab8e874ea7d0ef9b	2026-09-20T11:34:06.582977+00:00	Alias retrieval only;not verified gene-specific intervention
ALDH6A1	MMSDH	https://www.ebi.ac.uk/europepmc/webservices/rest/search?query=%28TITLE_ABS%3Apancreatic+OR+TITLE_ABS%3APDAC%29+AND+%28TITLE_ABS%3A%22MMSDH%22%29&format=json&resultType=core&pageSize=3	DONE	1	7da3008c15bc77a63f35721f234b2afc5b18c9407a0e4535206806554f20f56a	2026-09-20T11:34:07.055396+00:00	Alias retrieval only;not verified gene-specific intervention
AWAT2	DC4;DGAT2L4;MFAT	https://www.ebi.ac.uk/europepmc/webservices/rest/search?query=%28TITLE_ABS%3Apancreatic+OR+TITLE_ABS%3APDAC%29+AND+%28TITLE_ABS%3A%22DC4%22+OR+TITLE_ABS%3A%22DGAT2L4%22+OR+TITLE_ABS%3A%22MFAT%22%29&format=json&resultType=core&pageSize=3	DONE	3	de5d6944f204a6547a3fe4dcad1793d831ee3717f756d43483faf94a1dce0723	2026-09-20T11:34:08.125084+00:00	Alias retrieval only;not verified gene-specific intervention
BLVRB	FLR;SCAN	https://www.ebi.ac.uk/europepmc/webservices/rest/search?query=%28TITLE_ABS%3Apancreatic+OR+TITLE_ABS%3APDAC%29+AND+%28TITLE_ABS%3A%22FLR%22+OR+TITLE_ABS%3A%22SCAN%22%29&format=json&resultType=core&pageSize=3	DONE	4030	8f58e25ff59aa167f9f03cebabc23d186674f9286abfa2f553e0aee2ac50c2b7	2026-09-20T11:34:09.187661+00:00	Alias retrieval only;not verified gene-specific intervention
BST1	NA	NA	NOT_EVALUABLE	NA	NA	2026-09-20T11:34:10.588035+00:00	No reviewed aliases available;absence of hits is not no function
CMPK2	NA	NA	NOT_EVALUABLE	NA	NA	2026-09-20T11:34:10.588035+00:00	No reviewed aliases available;absence of hits is not no function
CRYL1	CRY	https://www.ebi.ac.uk/europepmc/webservices/rest/search?query=%28TITLE_ABS%3Apancreatic+OR+TITLE_ABS%3APDAC%29+AND+%28TITLE_ABS%3A%22CRY%22%29&format=json&resultType=core&pageSize=3	DONE	2	3d47ebc79811a4af30f84ee5480b0c45c0229a6c6f9b5d5999df9b6c3bf05d4d	2026-09-20T11:34:10.588035+00:00	Alias retrieval only;not verified gene-specific intervention
CRYM	THBP	https://www.ebi.ac.uk/europepmc/webservices/rest/search?query=%28TITLE_ABS%3Apancreatic+OR+TITLE_ABS%3APDAC%29+AND+%28TITLE_ABS%3A%22THBP%22%29&format=json&resultType=core&pageSize=3	DONE	1	241aef794cfe50aa97f20c17b791a1fc1688742848b43c012f78a0d68ae031d4	2026-09-20T11:34:10.942000+00:00	Alias retrieval only;not verified gene-specific intervention
CTPS2	NA	NA	NOT_EVALUABLE	NA	NA	2026-09-20T11:34:11.826221+00:00	No reviewed aliases available;absence of hits is not no function
DAGLA	C11orf11;KIAA0659;NSDDR	https://www.ebi.ac.uk/europepmc/webservices/rest/search?query=%28TITLE_ABS%3Apancreatic+OR+TITLE_ABS%3APDAC%29+AND+%28TITLE_ABS%3A%22C11orf11%22+OR+TITLE_ABS%3A%22KIAA0659%22+OR+TITLE_ABS%3A%22NSDDR%22%29&format=json&resultType=core&pageSize=3	DONE	0	7346c97da8ff78ac13d5c841591387510b0af1c1e05088f167724f0a85bb0ec9	2026-09-20T11:34:11.826221+00:00	Alias retrieval only;not verified gene-specific intervention
DAGLB	NA	NA	NOT_EVALUABLE	NA	NA	2026-09-20T11:34:12.719868+00:00	No reviewed aliases available;absence of hits is not no function
DCTPP1	XTP3TPA	https://www.ebi.ac.uk/europepmc/webservices/rest/search?query=%28TITLE_ABS%3Apancreatic+OR+TITLE_ABS%3APDAC%29+AND+%28TITLE_ABS%3A%22XTP3TPA%22%29&format=json&resultType=core&pageSize=3	DONE	0	a8e3f80184f85036e9529cf9893ecbb37f245900a6278621d388c80c839e201f	2026-09-20T11:34:12.719868+00:00	Alias retrieval only;not verified gene-specific intervention
DHRSX	CXorf11;DHRS5X;SDR46C1	https://www.ebi.ac.uk/europepmc/webservices/rest/search?query=%28TITLE_ABS%3Apancreatic+OR+TITLE_ABS%3APDAC%29+AND+%28TITLE_ABS%3A%22CXorf11%22+OR+TITLE_ABS%3A%22DHRS5X%22+OR+TITLE_ABS%3A%22SDR46C1%22%29&format=json&resultType=core&pageSize=3	DONE	0	6b36c4f804963135beeabb0ff452dee56c830b5334167ea042cf0c9c00bfc281	2026-09-20T11:34:13.911399+00:00	Alias retrieval only;not verified gene-specific intervention
DUS1L	DUS1	https://www.ebi.ac.uk/europepmc/webservices/rest/search?query=%28TITLE_ABS%3Apancreatic+OR+TITLE_ABS%3APDAC%29+AND+%28TITLE_ABS%3A%22DUS1%22%29&format=json&resultType=core&pageSize=3	DONE	0	1e0cf67249e87d59f355bba2c1bfc5953ebcab08ba53a156759ced2a3e028ba3	2026-09-20T11:34:13.989067+00:00	Alias retrieval only;not verified gene-specific intervention
EPHX3	ABHD9	https://www.ebi.ac.uk/europepmc/webservices/rest/search?query=%28TITLE_ABS%3Apancreatic+OR+TITLE_ABS%3APDAC%29+AND+%28TITLE_ABS%3A%22ABHD9%22%29&format=json&resultType=core&pageSize=3	DONE	0	1740d5b785aa8fa9319e5cfdb826f114bcb8b8b6e39d9b9fe2dad13147eff201	2026-09-20T11:34:14.665873+00:00	Alias retrieval only;not verified gene-specific intervention
GDPD1	GDE4	https://www.ebi.ac.uk/europepmc/webservices/rest/search?query=%28TITLE_ABS%3Apancreatic+OR+TITLE_ABS%3APDAC%29+AND+%28TITLE_ABS%3A%22GDE4%22%29&format=json&resultType=core&pageSize=3	DONE	0	fcb1c6b73b7e5f54a66d5fa3cd6e115f5f47cca462e1741209e5e1dd7573d02f	2026-09-20T11:34:15.929856+00:00	Alias retrieval only;not verified gene-specific intervention
GDPD3	GDE7	https://www.ebi.ac.uk/europepmc/webservices/rest/search?query=%28TITLE_ABS%3Apancreatic+OR+TITLE_ABS%3APDAC%29+AND+%28TITLE_ABS%3A%22GDE7%22%29&format=json&resultType=core&pageSize=3	DONE	0	3bf13454e4453287b024b925d299d239191bc7cc5bf7b40f418ec1023e959d19	2026-09-20T11:34:15.952996+00:00	Alias retrieval only;not verified gene-specific intervention
GGACT	A2LD1	https://www.ebi.ac.uk/europepmc/webservices/rest/search?query=%28TITLE_ABS%3Apancreatic+OR+TITLE_ABS%3APDAC%29+AND+%28TITLE_ABS%3A%22A2LD1%22%29&format=json&resultType=core&pageSize=3	DONE	0	a1fcdb6a3eed09ae2819bd33635947ae20855c2c1218e3fa1d45279cab66d8ed	2026-09-20T11:34:16.955449+00:00	Alias retrieval only;not verified gene-specific intervention
GLYATL1	GNAT	https://www.ebi.ac.uk/europepmc/webservices/rest/search?query=%28TITLE_ABS%3Apancreatic+OR+TITLE_ABS%3APDAC%29+AND+%28TITLE_ABS%3A%22GNAT%22%29&format=json&resultType=core&pageSize=3	DONE	0	83d93f8e1c3194c8fd90f2cba4a0e1e11951f95b9cae88e939835c5883f61d78	2026-09-20T11:34:18.007034+00:00	Alias retrieval only;not verified gene-specific intervention
GPD1L	KIAA0089	https://www.ebi.ac.uk/europepmc/webservices/rest/search?query=%28TITLE_ABS%3Apancreatic+OR+TITLE_ABS%3APDAC%29+AND+%28TITLE_ABS%3A%22KIAA0089%22%29&format=json&resultType=core&pageSize=3	DONE	0	c20001389e96d1d94169c16f301751def8dbd0941054ea781564a1d429e0e2ca	2026-09-20T11:34:18.008613+00:00	Alias retrieval only;not verified gene-specific intervention
GRHPR	GLXR	https://www.ebi.ac.uk/europepmc/webservices/rest/search?query=%28TITLE_ABS%3Apancreatic+OR+TITLE_ABS%3APDAC%29+AND+%28TITLE_ABS%3A%22GLXR%22%29&format=json&resultType=core&pageSize=3	DONE	0	57ccef82774a6dc07be15a15cec018b4a89c331db1e07e6d10a546c7b50c6d03	2026-09-20T11:34:18.843397+00:00	Alias retrieval only;not verified gene-specific intervention
HSD11B2	HSD11K;SDR9C3	https://www.ebi.ac.uk/europepmc/webservices/rest/search?query=%28TITLE_ABS%3Apancreatic+OR+TITLE_ABS%3APDAC%29+AND+%28TITLE_ABS%3A%22HSD11K%22+OR+TITLE_ABS%3A%22SDR9C3%22%29&format=json&resultType=core&pageSize=3	DONE	0	6edf15a796218db6994a9cccad8427542ce69781305e1e4497025960416a2a83	2026-09-20T11:34:19.822931+00:00	Alias retrieval only;not verified gene-specific intervention
HSD17B1	E17KSR;EDH17B1;EDH17B2	https://www.ebi.ac.uk/europepmc/webservices/rest/search?query=%28TITLE_ABS%3Apancreatic+OR+TITLE_ABS%3APDAC%29+AND+%28TITLE_ABS%3A%22E17KSR%22+OR+TITLE_ABS%3A%22EDH17B1%22+OR+TITLE_ABS%3A%22EDH17B2%22%29&format=json&resultType=core&pageSize=3	DONE	0	55bd566c65e8131490e52aadee0609f30465f47bd6b56a137fd3c691eeb8a459	2026-09-20T11:34:21.121858+00:00	Alias retrieval only;not verified gene-specific intervention
HSD17B2	EDH17B2;SDR9C2	https://www.ebi.ac.uk/europepmc/webservices/rest/search?query=%28TITLE_ABS%3Apancreatic+OR+TITLE_ABS%3APDAC%29+AND+%28TITLE_ABS%3A%22EDH17B2%22+OR+TITLE_ABS%3A%22SDR9C2%22%29&format=json&resultType=core&pageSize=3	DONE	0	7df8399c2618c5705293a48914d9ab8fc645422ebbd045abcbda0c30addaac32	2026-09-20T11:34:21.763358+00:00	Alias retrieval only;not verified gene-specific intervention
HSD17B4	EDH17B4;SDR8C1	https://www.ebi.ac.uk/europepmc/webservices/rest/search?query=%28TITLE_ABS%3Apancreatic+OR+TITLE_ABS%3APDAC%29+AND+%28TITLE_ABS%3A%22EDH17B4%22+OR+TITLE_ABS%3A%22SDR8C1%22%29&format=json&resultType=core&pageSize=3	DONE	0	eccde616b3298ef62aa101e9c9e5c32e8ccc8ebde89436d2e98d4ba775ab31ff	2026-09-20T11:34:23.045905+00:00	Alias retrieval only;not verified gene-specific intervention
HSD17B6	RODH;SDR9C6	https://www.ebi.ac.uk/europepmc/webservices/rest/search?query=%28TITLE_ABS%3Apancreatic+OR+TITLE_ABS%3APDAC%29+AND+%28TITLE_ABS%3A%22RODH%22+OR+TITLE_ABS%3A%22SDR9C6%22%29&format=json&resultType=core&pageSize=3	DONE	0	2b009ce823f2f89ab012d7d5eee0e969436fd565bc0730f0bac2aa507c5612eb	2026-09-20T11:34:23.200559+00:00	Alias retrieval only;not verified gene-specific intervention
HSD17B8	FABGL;HKE6;RING2	https://www.ebi.ac.uk/europepmc/webservices/rest/search?query=%28TITLE_ABS%3Apancreatic+OR+TITLE_ABS%3APDAC%29+AND+%28TITLE_ABS%3A%22FABGL%22+OR+TITLE_ABS%3A%22HKE6%22+OR+TITLE_ABS%3A%22RING2%22%29&format=json&resultType=core&pageSize=3	DONE	1	4e33350ac8ad4707bf93676dcf1e7ac030de746412d86532e1f94b5ced1249a1	2026-09-20T11:34:24.036511+00:00	Alias retrieval only;not verified gene-specific intervention
HSD3B2	HSDB3B	https://www.ebi.ac.uk/europepmc/webservices/rest/search?query=%28TITLE_ABS%3Apancreatic+OR+TITLE_ABS%3APDAC%29+AND+%28TITLE_ABS%3A%22HSDB3B%22%29&format=json&resultType=core&pageSize=3	DONE	0	8b179d48f93e4f8182bab14a5e765f70552dfecbab53f21429bcf352df24faf1	2026-09-20T11:34:25.029719+00:00	Alias retrieval only;not verified gene-specific intervention
HSD3B7	NA	NA	NOT_EVALUABLE	NA	NA	2026-09-20T11:34:26.315180+00:00	No reviewed aliases available;absence of hits is not no function
IL4I1	FIG1	https://www.ebi.ac.uk/europepmc/webservices/rest/search?query=%28TITLE_ABS%3Apancreatic+OR+TITLE_ABS%3APDAC%29+AND+%28TITLE_ABS%3A%22FIG1%22%29&format=json&resultType=core&pageSize=3	DONE	0	fd9dc7ee7f87c78db08788a772bd54a53f7e53d0b3cdeaa1eeb1ad95a3a624eb	2026-09-20T11:34:26.315180+00:00	Alias retrieval only;not verified gene-specific intervention
IMPA1	IMPA	https://www.ebi.ac.uk/europepmc/webservices/rest/search?query=%28TITLE_ABS%3Apancreatic+OR+TITLE_ABS%3APDAC%29+AND+%28TITLE_ABS%3A%22IMPA%22%29&format=json&resultType=core&pageSize=3	DONE	0	38266ba8739fe6b9a91c29655f32ec1b260dc99dab6124a90630777c05630879	2026-09-20T11:34:26.408503+00:00	Alias retrieval only;not verified gene-specific intervention
IMPA2	IMP.18P	https://www.ebi.ac.uk/europepmc/webservices/rest/search?query=%28TITLE_ABS%3Apancreatic+OR+TITLE_ABS%3APDAC%29+AND+%28TITLE_ABS%3A%22IMP.18P%22%29&format=json&resultType=core&pageSize=3	DONE	0	426f55b51348f3f276761f2c40d5ee19681ebd8df41b6065ea64ebe3bfda53f0	2026-09-20T11:34:27.102703+00:00	Alias retrieval only;not verified gene-specific intervention
KARS1	KARS;KIAA0070	https://www.ebi.ac.uk/europepmc/webservices/rest/search?query=%28TITLE_ABS%3Apancreatic+OR+TITLE_ABS%3APDAC%29+AND+%28TITLE_ABS%3A%22KARS%22+OR+TITLE_ABS%3A%22KIAA0070%22%29&format=json&resultType=core&pageSize=3	DONE	3	58735f647c4f9acbf77902fead30d447a13f6da329b0cf1348c675ba0df566ff	2026-09-20T11:34:28.570579+00:00	Alias retrieval only;not verified gene-specific intervention
LACC1	C13orf31;FAMIN	https://www.ebi.ac.uk/europepmc/webservices/rest/search?query=%28TITLE_ABS%3Apancreatic+OR+TITLE_ABS%3APDAC%29+AND+%28TITLE_ABS%3A%22C13orf31%22+OR+TITLE_ABS%3A%22FAMIN%22%29&format=json&resultType=core&pageSize=3	DONE	0	11bbabb0c3b754bd0bab4d97d74be549409c810826804ac2dbc9a85d226988b6	2026-09-20T11:34:29.041338+00:00	Alias retrieval only;not verified gene-specific intervention
LARS2	KIAA0028	https://www.ebi.ac.uk/europepmc/webservices/rest/search?query=%28TITLE_ABS%3Apancreatic+OR+TITLE_ABS%3APDAC%29+AND+%28TITLE_ABS%3A%22KIAA0028%22%29&format=json&resultType=core&pageSize=3	DONE	0	a889d499706f09f9b0910bb8c96d9f9ce109269f7dd4457d1792692dffd0ceb7	2026-09-20T11:34:29.451115+00:00	Alias retrieval only;not verified gene-specific intervention
LDHAL6A	LDHL2	https://www.ebi.ac.uk/europepmc/webservices/rest/search?query=%28TITLE_ABS%3Apancreatic+OR+TITLE_ABS%3APDAC%29+AND+%28TITLE_ABS%3A%22LDHL2%22%29&format=json&resultType=core&pageSize=3	DONE	0	7508c2c0cbe7744a299e6923a352e72c79cb56e410dd91c13c462063bbd22771	2026-09-20T11:34:30.810225+00:00	Alias retrieval only;not verified gene-specific intervention
LYPLA1	APT1;LPL1	https://www.ebi.ac.uk/europepmc/webservices/rest/search?query=%28TITLE_ABS%3Apancreatic+OR+TITLE_ABS%3APDAC%29+AND+%28TITLE_ABS%3A%22APT1%22+OR+TITLE_ABS%3A%22LPL1%22%29&format=json&resultType=core&pageSize=3	DONE	4	57ca427ca40232bdd84b99f4b3d908ba5e7acfc0b7e25eec5983afe9ad5340a9	2026-09-20T11:34:31.332915+00:00	Alias retrieval only;not verified gene-specific intervention
LYPLA2	APT2	https://www.ebi.ac.uk/europepmc/webservices/rest/search?query=%28TITLE_ABS%3Apancreatic+OR+TITLE_ABS%3APDAC%29+AND+%28TITLE_ABS%3A%22APT2%22%29&format=json&resultType=core&pageSize=3	DONE	1	c19b8a3dee1daa5020c1c5a5ce5624b8fbb041748f87bb230c58c3af1bea6685	2026-09-20T11:34:31.858244+00:00	Alias retrieval only;not verified gene-specific intervention
MTO1	NA	NA	NOT_EVALUABLE	NA	NA	2026-09-20T11:34:33.326418+00:00	No reviewed aliases available;absence of hits is not no function
NADSYN1	NA	NA	NOT_EVALUABLE	NA	NA	2026-09-20T11:34:33.326418+00:00	No reviewed aliases available;absence of hits is not no function
NMNAT3	NA	NA	NOT_EVALUABLE	NA	NA	2026-09-20T11:34:33.326418+00:00	No reviewed aliases available;absence of hits is not no function
NOCT	CCR4;CCRN4L;NOC	https://www.ebi.ac.uk/europepmc/webservices/rest/search?query=%28TITLE_ABS%3Apancreatic+OR+TITLE_ABS%3APDAC%29+AND+%28TITLE_ABS%3A%22CCR4%22+OR+TITLE_ABS%3A%22CCRN4L%22+OR+TITLE_ABS%3A%22NOC%22%29&format=json&resultType=core&pageSize=3	DONE	55	aebaf3c735a706143b0dcb451c8e370bb875d53072407984730bc904f8da888d	2026-09-20T11:34:33.326418+00:00	Alias retrieval only;not verified gene-specific intervention
PARP12	ZC3HDC1	https://www.ebi.ac.uk/europepmc/webservices/rest/search?query=%28TITLE_ABS%3Apancreatic+OR+TITLE_ABS%3APDAC%29+AND+%28TITLE_ABS%3A%22ZC3HDC1%22%29&format=json&resultType=core&pageSize=3	DONE	0	4f5ae0fd99d8443134f9ffe7b47eab0f53e6a06ca8728890fbcda0259e536c33	2026-09-20T11:34:33.657092+00:00	Alias retrieval only;not verified gene-specific intervention
PARP16	ARTD15;C15orf30	https://www.ebi.ac.uk/europepmc/webservices/rest/search?query=%28TITLE_ABS%3Apancreatic+OR+TITLE_ABS%3APDAC%29+AND+%28TITLE_ABS%3A%22ARTD15%22+OR+TITLE_ABS%3A%22C15orf30%22%29&format=json&resultType=core&pageSize=3	DONE	0	c3463e609cdafaa45c7c7f99841cc00df79b6df0fa84be78167b5e40f3459a01	2026-09-20T11:34:33.882703+00:00	Alias retrieval only;not verified gene-specific intervention
PARP6	NA	NA	NOT_EVALUABLE	NA	NA	2026-09-20T11:34:35.580353+00:00	No reviewed aliases available;absence of hits is not no function
PARP8	NA	NA	NOT_EVALUABLE	NA	NA	2026-09-20T11:34:35.580876+00:00	No reviewed aliases available;absence of hits is not no function
PLA2G15	LYPLA3	https://www.ebi.ac.uk/europepmc/webservices/rest/search?query=%28TITLE_ABS%3Apancreatic+OR+TITLE_ABS%3APDAC%29+AND+%28TITLE_ABS%3A%22LYPLA3%22%29&format=json&resultType=core&pageSize=3	DONE	0	289d80e5158fbb7461fcaa785906e4cafff1ea57873f23a6e9017e50980dd455	2026-09-20T11:34:35.580876+00:00	Alias retrieval only;not verified gene-specific intervention
PM20D2	ACY1L2	https://www.ebi.ac.uk/europepmc/webservices/rest/search?query=%28TITLE_ABS%3Apancreatic+OR+TITLE_ABS%3APDAC%29+AND+%28TITLE_ABS%3A%22ACY1L2%22%29&format=json&resultType=core&pageSize=3	DONE	0	45ba5fbc91aee2261fac80ca9c3b0e3af5b7022098389a353357462d7c1776ef	2026-09-20T11:34:36.168688+00:00	Alias retrieval only;not verified gene-specific intervention
PNP	purine nucleoside phosphorylase	https://www.ebi.ac.uk/europepmc/webservices/rest/search?query=%28TITLE_ABS%3Apancreatic+OR+TITLE_ABS%3APDAC%29+AND+%28TITLE_ABS%3A%22purine+nucleoside+phosphorylase%22%29&format=json&resultType=core&pageSize=3	DONE	9	305609bb2a27218f10ffbb4c06a652e4ac394f147cc0de10c0c9f08df9d71a49	2026-09-20T11:34:36.959866+00:00	Alias retrieval only;not verified gene-specific intervention
PNPLA4	DXS1283E;GS2	https://www.ebi.ac.uk/europepmc/webservices/rest/search?query=%28TITLE_ABS%3Apancreatic+OR+TITLE_ABS%3APDAC%29+AND+%28TITLE_ABS%3A%22DXS1283E%22+OR+TITLE_ABS%3A%22GS2%22%29&format=json&resultType=core&pageSize=3	DONE	1	dd956c34ed493e2ace5588b57438b7217d31800fe4d2754f598053f0afc77f7a	2026-09-20T11:34:37.955373+00:00	Alias retrieval only;not verified gene-specific intervention
PYCR2	NA	NA	NOT_EVALUABLE	NA	NA	2026-09-20T11:34:38.204280+00:00	No reviewed aliases available;absence of hits is not no function
PYCR3	PYCRL	https://www.ebi.ac.uk/europepmc/webservices/rest/search?query=%28TITLE_ABS%3Apancreatic+OR+TITLE_ABS%3APDAC%29+AND+%28TITLE_ABS%3A%22PYCRL%22%29&format=json&resultType=core&pageSize=3	DONE	0	3b1e0064eaa9d08ac20fcd23d61fd06adf7ef628ab21a1b15224d2dbe8b3e5ff	2026-09-20T11:34:38.204280+00:00	Alias retrieval only;not verified gene-specific intervention
PYROXD1	NA	NA	NOT_EVALUABLE	NA	NA	2026-09-20T11:34:39.762490+00:00	No reviewed aliases available;absence of hits is not no function
QARS1	QARS	https://www.ebi.ac.uk/europepmc/webservices/rest/search?query=%28TITLE_ABS%3Apancreatic+OR+TITLE_ABS%3APDAC%29+AND+%28TITLE_ABS%3A%22QARS%22%29&format=json&resultType=core&pageSize=3	DONE	0	dd048b94989ea8924eb77d5e456c916d71e6b27565f4b07469516584e09cee1a	2026-09-20T11:34:39.763010+00:00	Alias retrieval only;not verified gene-specific intervention
RDH16	RODH4;SDR9C8	https://www.ebi.ac.uk/europepmc/webservices/rest/search?query=%28TITLE_ABS%3Apancreatic+OR+TITLE_ABS%3APDAC%29+AND+%28TITLE_ABS%3A%22RODH4%22+OR+TITLE_ABS%3A%22SDR9C8%22%29&format=json&resultType=core&pageSize=3	DONE	0	73c06244e8eb0e5e0178f181b92c1d2e92a47f6a0fb7a0ccac7b981c454b5827	2026-09-20T11:34:40.099946+00:00	Alias retrieval only;not verified gene-specific intervention
RDH5	HSD17B9;RDH1;SDR9C5	https://www.ebi.ac.uk/europepmc/webservices/rest/search?query=%28TITLE_ABS%3Apancreatic+OR+TITLE_ABS%3APDAC%29+AND+%28TITLE_ABS%3A%22HSD17B9%22+OR+TITLE_ABS%3A%22RDH1%22+OR+TITLE_ABS%3A%22SDR9C5%22%29&format=json&resultType=core&pageSize=3	DONE	0	1753e764ce01fd8191be0624d65d6f705c5b081e42e982ef688c686b22cd517e	2026-09-20T11:34:40.263177+00:00	Alias retrieval only;not verified gene-specific intervention
RTN4IP1	NIMP	https://www.ebi.ac.uk/europepmc/webservices/rest/search?query=%28TITLE_ABS%3Apancreatic+OR+TITLE_ABS%3APDAC%29+AND+%28TITLE_ABS%3A%22NIMP%22%29&format=json&resultType=core&pageSize=3	DONE	1	4f5e81558cc5b599eec769980f52adf309b2a9d5af94e15ca7d2d04c7d55a8f6	2026-09-20T11:34:41.721111+00:00	Alias retrieval only;not verified gene-specific intervention
SARM1	KIAA0524;SAMD2;SARM	https://www.ebi.ac.uk/europepmc/webservices/rest/search?query=%28TITLE_ABS%3Apancreatic+OR+TITLE_ABS%3APDAC%29+AND+%28TITLE_ABS%3A%22KIAA0524%22+OR+TITLE_ABS%3A%22SAMD2%22+OR+TITLE_ABS%3A%22SARM%22%29&format=json&resultType=core&pageSize=3	DONE	1	0b4e4e1c102a7336f70be2fe5c4f45575520db0c441f4d7360783f00fc9d1277	2026-09-20T11:34:42.169009+00:00	Alias retrieval only;not verified gene-specific intervention
SDR9C7	RDHS;SDRO	https://www.ebi.ac.uk/europepmc/webservices/rest/search?query=%28TITLE_ABS%3Apancreatic+OR+TITLE_ABS%3APDAC%29+AND+%28TITLE_ABS%3A%22RDHS%22+OR+TITLE_ABS%3A%22SDRO%22%29&format=json&resultType=core&pageSize=3	DONE	0	1c3422963ffc3e227e36c00859de3ea8f97d700bea63fdd940dbaa25b9656d10	2026-09-20T11:34:42.952296+00:00	Alias retrieval only;not verified gene-specific intervention
SLC13A2	NADC1;SDCT1	https://www.ebi.ac.uk/europepmc/webservices/rest/search?query=%28TITLE_ABS%3Apancreatic+OR+TITLE_ABS%3APDAC%29+AND+%28TITLE_ABS%3A%22NADC1%22+OR+TITLE_ABS%3A%22SDCT1%22%29&format=json&resultType=core&pageSize=3	DONE	0	6e412d2c1190b92c7ca1df88bf24551e18157eecba14dac82e20727bc48d9838	2026-09-20T11:34:43.769155+00:00	Alias retrieval only;not verified gene-specific intervention
SLC22A5	OCTN2	https://www.ebi.ac.uk/europepmc/webservices/rest/search?query=%28TITLE_ABS%3Apancreatic+OR+TITLE_ABS%3APDAC%29+AND+%28TITLE_ABS%3A%22OCTN2%22%29&format=json&resultType=core&pageSize=3	DONE	1	ca95a0ff2cd1dd9aafe77fe494ae574b9d8c5ada22e5d38bcbe7fefce82e602c	2026-09-20T11:34:44.438965+00:00	Alias retrieval only;not verified gene-specific intervention
SLC22A7	NLT;OAT2	https://www.ebi.ac.uk/europepmc/webservices/rest/search?query=%28TITLE_ABS%3Apancreatic+OR+TITLE_ABS%3APDAC%29+AND+%28TITLE_ABS%3A%22NLT%22+OR+TITLE_ABS%3A%22OAT2%22%29&format=json&resultType=core&pageSize=3	DONE	1	c137524d5e90d7f1c4a27fe0fef0566625557bbf1936460b827545cdbd2b2f5b	2026-09-20T11:34:45.235452+00:00	Alias retrieval only;not verified gene-specific intervention
SLC25A14	BMCP1;UCP5	https://www.ebi.ac.uk/europepmc/webservices/rest/search?query=%28TITLE_ABS%3Apancreatic+OR+TITLE_ABS%3APDAC%29+AND+%28TITLE_ABS%3A%22BMCP1%22+OR+TITLE_ABS%3A%22UCP5%22%29&format=json&resultType=core&pageSize=3	DONE	3	ab13e1edf6d6eb4241d299e5d736b4a9d1d18d17c0a43847136753231b484a20	2026-09-20T11:34:45.909440+00:00	Alias retrieval only;not verified gene-specific intervention
SLC25A15	ORC1;ORNT1	https://www.ebi.ac.uk/europepmc/webservices/rest/search?query=%28TITLE_ABS%3Apancreatic+OR+TITLE_ABS%3APDAC%29+AND+%28TITLE_ABS%3A%22ORC1%22+OR+TITLE_ABS%3A%22ORNT1%22%29&format=json&resultType=core&pageSize=3	DONE	0	e35712b63cb3f123f535a8b7107b1b0181985ca1a641961146d77a0e1a6e2882	2026-09-20T11:34:46.483913+00:00	Alias retrieval only;not verified gene-specific intervention
SLC25A17	PMP34	https://www.ebi.ac.uk/europepmc/webservices/rest/search?query=%28TITLE_ABS%3Apancreatic+OR+TITLE_ABS%3APDAC%29+AND+%28TITLE_ABS%3A%22PMP34%22%29&format=json&resultType=core&pageSize=3	DONE	0	27c4c4627664637cea7c3a12101351cc64c6dd645d45219f49cde7902c1c5d84	2026-09-20T11:34:47.199720+00:00	Alias retrieval only;not verified gene-specific intervention
SLC25A2	ORC2;ORNT2	https://www.ebi.ac.uk/europepmc/webservices/rest/search?query=%28TITLE_ABS%3Apancreatic+OR+TITLE_ABS%3APDAC%29+AND+%28TITLE_ABS%3A%22ORC2%22+OR+TITLE_ABS%3A%22ORNT2%22%29&format=json&resultType=core&pageSize=3	DONE	1	df99c48a195a939f3a2459ff4e2b23f994704bc787809ec53cbefd2bb3741a00	2026-09-20T11:34:48.164279+00:00	Alias retrieval only;not verified gene-specific intervention
SLC25A21	ODC	https://www.ebi.ac.uk/europepmc/webservices/rest/search?query=%28TITLE_ABS%3Apancreatic+OR+TITLE_ABS%3APDAC%29+AND+%28TITLE_ABS%3A%22ODC%22%29&format=json&resultType=core&pageSize=3	DONE	73	db3edca43e6a2825e10030ffaa1fcb5fbde51a35e566749e4d209c525fcbb91e	2026-09-20T11:34:48.531795+00:00	Alias retrieval only;not verified gene-specific intervention
SLC25A36	NA	NA	NOT_EVALUABLE	NA	NA	2026-09-20T11:34:49.479221+00:00	No reviewed aliases available;absence of hits is not no function
SLC25A47	C14orf68;HDMCP	https://www.ebi.ac.uk/europepmc/webservices/rest/search?query=%28TITLE_ABS%3Apancreatic+OR+TITLE_ABS%3APDAC%29+AND+%28TITLE_ABS%3A%22C14orf68%22+OR+TITLE_ABS%3A%22HDMCP%22%29&format=json&resultType=core&pageSize=3	DONE	0	4598cbdbe350344d15f08ec46ec5e92c41098f2db3d6f3e94fec5baa2dc9602d	2026-09-20T11:34:49.479221+00:00	Alias retrieval only;not verified gene-specific intervention
SLC28A2	CNT2	https://www.ebi.ac.uk/europepmc/webservices/rest/search?query=%28TITLE_ABS%3Apancreatic+OR+TITLE_ABS%3APDAC%29+AND+%28TITLE_ABS%3A%22CNT2%22%29&format=json&resultType=core&pageSize=3	DONE	1	d39f5d1a79eb402943f23a8e70da307004cdcd1bc1e48a98264ca496bced5bf1	2026-09-20T11:34:50.421647+00:00	Alias retrieval only;not verified gene-specific intervention
SLC35G1	C10orf60;POST;TMEM20	https://www.ebi.ac.uk/europepmc/webservices/rest/search?query=%28TITLE_ABS%3Apancreatic+OR+TITLE_ABS%3APDAC%29+AND+%28TITLE_ABS%3A%22C10orf60%22+OR+TITLE_ABS%3A%22POST%22+OR+TITLE_ABS%3A%22TMEM20%22%29&format=json&resultType=core&pageSize=3	DONE	10943	1c6f12a0f3bd56db4c6b1b46e817125cbf5f077360e7e2a8592c7565f022e9d2	2026-09-20T11:34:52.055833+00:00	Alias retrieval only;not verified gene-specific intervention
SLC36A4	PAT4	https://www.ebi.ac.uk/europepmc/webservices/rest/search?query=%28TITLE_ABS%3Apancreatic+OR+TITLE_ABS%3APDAC%29+AND+%28TITLE_ABS%3A%22PAT4%22%29&format=json&resultType=core&pageSize=3	DONE	0	3c0052c76c8760920e9b83d98577ae55f1c9e17513c27fb7e89973701c60a798	2026-09-20T11:34:52.194304+00:00	Alias retrieval only;not verified gene-specific intervention
SLC38A7	SNAT7	https://www.ebi.ac.uk/europepmc/webservices/rest/search?query=%28TITLE_ABS%3Apancreatic+OR+TITLE_ABS%3APDAC%29+AND+%28TITLE_ABS%3A%22SNAT7%22%29&format=json&resultType=core&pageSize=3	DONE	1	eeda42d412e8448cb9a13b7200812be99b338df7c33485b2c255a8a8e4ecce53	2026-09-20T11:34:52.415759+00:00	Alias retrieval only;not verified gene-specific intervention
SLC43A1	LAT3;PB39;POV1	https://www.ebi.ac.uk/europepmc/webservices/rest/search?query=%28TITLE_ABS%3Apancreatic+OR+TITLE_ABS%3APDAC%29+AND+%28TITLE_ABS%3A%22LAT3%22+OR+TITLE_ABS%3A%22PB39%22+OR+TITLE_ABS%3A%22POV1%22%29&format=json&resultType=core&pageSize=3	DONE	1	6fe67d78fe7c19fe1a2d137bccc41f0ac1df2c1b49f1f453c38552f39cee7cbf	2026-09-20T11:34:54.170798+00:00	Alias retrieval only;not verified gene-specific intervention
SLC7A3	ATRC3;CAT3	https://www.ebi.ac.uk/europepmc/webservices/rest/search?query=%28TITLE_ABS%3Apancreatic+OR+TITLE_ABS%3APDAC%29+AND+%28TITLE_ABS%3A%22ATRC3%22+OR+TITLE_ABS%3A%22CAT3%22%29&format=json&resultType=core&pageSize=3	DONE	1	3dc0daca78e5dcb74aba8d4305a883139c1838a9ed8eb83b1452239ea5a0b580	2026-09-20T11:34:54.244202+00:00	Alias retrieval only;not verified gene-specific intervention
SLC7A9	BAT1	https://www.ebi.ac.uk/europepmc/webservices/rest/search?query=%28TITLE_ABS%3Apancreatic+OR+TITLE_ABS%3APDAC%29+AND+%28TITLE_ABS%3A%22BAT1%22%29&format=json&resultType=core&pageSize=3	DONE	2	a282636b03b2ea1ad2757c1e1e63365fe7729340756baebeb2d31693e21615e9	2026-09-20T11:34:54.548624+00:00	Alias retrieval only;not verified gene-specific intervention
TK2	NA	NA	NOT_EVALUABLE	NA	NA	2026-09-20T11:34:56.114143+00:00	No reviewed aliases available;absence of hits is not no function
TMEM86A	NA	NA	NOT_EVALUABLE	NA	NA	2026-09-20T11:34:56.114143+00:00	No reviewed aliases available;absence of hits is not no function
WARS1	IFI53;WARS;WRS	https://www.ebi.ac.uk/europepmc/webservices/rest/search?query=%28TITLE_ABS%3Apancreatic+OR+TITLE_ABS%3APDAC%29+AND+%28TITLE_ABS%3A%22IFI53%22+OR+TITLE_ABS%3A%22WARS%22+OR+TITLE_ABS%3A%22WRS%22%29&format=json&resultType=core&pageSize=3	DONE	23	6c524dc52ccff6ba4cd4bbd35fbf20d008ec7df66d7aef8f07e316fa10d5861c	2026-09-20T11:34:56.114143+00:00	Alias retrieval only;not verified gene-specific intervention
WARS2	NA	NA	NOT_EVALUABLE	NA	NA	2026-09-20T11:34:56.365561+00:00	No reviewed aliases available;absence of hits is not no function
